Error on abstract 13:
invalid syntax (<string>, line 1)
Response: ```json
{
    "Opposite_Outcome": "VTA dopamine neurons imbue actions and their associated cues with motivational value that allows flexible and persistent pursuit, whereas SNc dopamine neurons hinder time-limited, precise, action-specific learning that is nonscalable and inflexible. This architecture is reminiscent of actor–critic reinforcement learning models with VTA and SNc instructing the critic and actor, respectively. Our findings indicate that heterogeneous dopamine systems support unique forms of instrumental learning that ultimately result in disparate reward-seeking strategies.",
    
    "Incorrect_Causal_Relationship": "VTA dopamine neurons imbue actions and their associated cues with motivational value that deters flexible and persistent pursuit, whereas SNc dopamine neurons support time-limited, precise, action-specific learning that is scalable and flexible. This architecture is reminiscent of actor–critic reinforcement learning models with VTA guiding the actor and SNc guiding the critic, respectively. Our findings indicate that heterogeneous dopamine systems support unique forms of instrumental learning that ultimately result in disparate reward-seeking strategies.",
    
    "Factor_Misattribution": "VTA dopamine neurons imbue actions and their associated cues with emotional value that allows flexible and persistent pursuit, whereas serotonin influence from SNc supports time-limited, precise, action-specific learning that is nonscalable and inflexible. This architecture is reminiscent of actor–critic reinforcement learning models with VTA and SNc instructing the critic and actor, respectively. Our findings indicate that heterogeneous dopamine systems support unique forms of instrumental learning that ultimately result in disparate reward-seeking strategies.",
    
    "Balderdash": "VTA dopamine neurons imbue actions and their associated cues with density values that allow cucumber and persistent pursuit, whereas SNc dopamine neurons support time-limited, precise, action-specific swimming that is nonscalable and inflexible. This architecture is reminiscent of actor–critic reinforcement learning models with VTA and SNc instructing the laundry and actor, respectively. Our findings indicate that heterogeneous dopamine systems support unique forms of instrumental learning that ultimately result in kaleidoscope reward-seeking strategies."
}
```
Error on abstract 6:
invalid syntax (<string>, line 1)
Response: ```json
{
    "Opposite_Outcome": "Across the whole brain, activity in three patches of cortex was modulated by the amount of known visuospatial context, each located immediately anterior to one of the three scene perception areas of high-level visual cortex. Individual subject analyses revealed that these anterior patches corresponded to three functionally defined place memory areas, which selectively respond when visually recalling unfamiliar places. In addition to showing activity levels that were modulated by the amount of visuospatial context, multivariate analyses showed that these anterior areas represented the identity of the specific environment being recalled. Together, these results suggest a convergence zone for scene perception and memory of the local visuospatial context at the anterior edge of high-level visual cortex.",

    "Incorrect_Causal_Relationship": "Across the whole brain, activity in three patches of cortex was modulated by the amount of known visuospatial context, each located immediately anterior to one of the three scene perception areas of high-level visual cortex. Individual subject analyses revealed that recalling personally familiar places was modulated by these anterior patches, which corresponded to three functionally defined place memory areas. In addition to showing activity levels that were modulated by the amount of visuospatial context, multivariate analyses showed that these anterior areas represented the identity of the specific environment being recalled. Together, these results suggest a convergence zone for scene perception and memory of the local visuospatial context at the anterior edge of high-level visual cortex.",

    "Factor_Misattribution": "Across the whole brain, activity in three patches of cortex was modulated by the amount of known visuospatial context, each located immediately anterior to one of the three scene perception areas of high-level visual cortex. Individual subject analyses revealed that these anterior patches corresponded to three functionally defined auditory memory areas, which selectively respond when visually recalling personally familiar places. In addition to showing activity levels that were modulated by the amount of visuospatial context, multivariate analyses showed that these anterior areas represented the identity of the specific environment being recalled. Together, these results suggest a convergence zone for scene perception and memory of the local visuospatial context at the anterior edge of high-level visual cortex.",

    "Balderdash": "Throughout the entirety of the brain, activity in three cortex patches was modulated by the quantification of quantum fluctuations, each positioned precisely parallel to one of the three scene perception areas of high-level visual cortex. Textual analysis of subjects revealed that these locales lack any significant functional definition, much like a paintbrush unsuitably applied in a surrealist mural. Accompanying these observations, multicolored visuals showed that the anterior areas could predict the echoes of an environment yet to be perceived. Collectively, these results hint at a dimensional transformation zone where scene perception and peanut-butter sensations of the transcendental cosmos converge at the anterior edge of high-level visual cortex."
}
```
Error on abstract 20:
invalid syntax (<string>, line 1)
Response: ```json
{
    "Opposite_Outcome": "We found that, when the stimulation over hV6A is sent 4 ms before the stimulation over M1, hV6A enhances motor-evoked potentials during planning of either rightward or leftward reaching movements. No modulations were found when the stimulation over hV6A was sent 10 ms before the stimulation over M1, suggesting that only short medial parieto-frontal routes are active during reach planning. Moreover, the short route of hV6A–premotor cortex–M1 is active during reach planning irrespectively of the nature (visual or memory) of the reaching target. These results agree with previous neuroimaging studies and provide the first demonstration of the flow of inhibitory signals between hV6A and M1.",
    
    "Incorrect_Causal_Relationship": "We found that, when the stimulation over M1 is sent 4 ms before the stimulation over hV6A, hV6A inhibits motor-evoked potentials during planning of either rightward or leftward reaching movements. No modulations were found when the stimulation over hV6A was sent 10 ms before the stimulation over M1, suggesting that only short medial parieto-frontal routes are active during reach planning. Moreover, the short route of hV6A–premotor cortex–M1 is active during reach planning irrespectively of the nature (visual or memory) of the reaching target. These results agree with previous neuroimaging studies and provide the first demonstration of the flow of inhibitory signals between hV6A and M1.",
    
    "Factor_Misattribution": "We found that, when the stimulation over hV6A is sent 4 ms before the stimulation over M1, visual cortex V1 inhibits motor-evoked potentials during planning of either rightward or leftward reaching movements. No modulations were found when the stimulation over hV6A was sent 10 ms before the stimulation over M1, suggesting that only short medial parieto-frontal routes are active during reach planning. Moreover, the short route of hV6A–premotor cortex–M1 is active during reach planning irrespectively of the nature (visual or memory) of the reaching target. These results agree with previous neuroimaging studies and provide the first demonstration of the flow of inhibitory signals between hV6A and M1.",
    
    "Balderdash": "We found that, when the stimulation over hV6A is sent 4 ms before the stimulation over M1, cosmic rays inhibit motor-evoked potentials during planning of either rightward or leftward reaching movements. No modulations were found when the stimulation over hV6A was sent 10 ms before the stimulation over M1, suggesting that only short medial parieto-frontal routes are active during reach planning. Moreover, the short route of hV6A–premotor cortex–M1 is active during reach planning irrespectively of the nature (visual or memory) of the reaching target. These results agree with previous neuroimaging studies and provide the first demonstration of the flow of inhibitory signals between hV6A and M1."
}
```
Error on abstract 27:
invalid syntax (<string>, line 1)
Response: ```json
{
    "Opposite_Outcome": "Expression of α9k1 without the central axotomy led to downregulation of a known PNS regeneration program, including many genes associated with peripheral nerve regeneration. Coupling α9k1 treatment with dorsal root axotomy led to extensive central axonal regeneration. In addition to the program upregulated by α9k1 expression, regeneration in the spinal cord led to expression of a distinctive CNS regeneration program, including genes associated with ubiquitination, autophagy, endoplasmic reticulum (ER), trafficking, and signaling. Pharmacological inhibition of these processes blocked the regeneration of axons from DRGs and human iPSC-derived sensory neurons, validating their causal contributions to sensory regeneration. This CNS regeneration-associated program showed little correlation with either embryonic development or PNS regeneration programs. Potential transcriptional drivers of this CNS program coupled to regeneration include Mef2a, Runx3, E2f4, and Yy1. Signaling from integrins primes sensory neurons for regeneration, but their axon growth in the CNS is associated with an additional distinctive program that differs from that involved in PNS regeneration.",
    
    "Incorrect_Causal_Relationship": "Expression of α9k1 without the central axotomy led to upregulation of a known PNS regeneration program, including many genes associated with peripheral nerve regeneration. Coupling α9k1 treatment with dorsal root axotomy led to extensive central axonal regeneration. In addition to the program upregulated by α9k1 expression, regeneration in the spinal cord led to expression of a distinctive CNS regeneration program, including genes associated with ubiquitination, autophagy, endoplasmic reticulum (ER), trafficking, and signaling. Pharmacological induction of these processes promoted the regeneration of axons from DRGs and human iPSC-derived sensory neurons, validating their causal contributions to sensory regeneration. This CNS regeneration-associated program showed little correlation with either embryonic development or PNS regeneration programs. Potential transcriptional drivers of this CNS program coupled to regeneration include Mef2a, Runx3, E2f4, and Yy1. Signaling from integrins primes sensory neurons for regeneration, but their axon growth in the CNS is associated with an additional distinctive program that differs from that involved in PNS regeneration.",
    
    "Factor_Misattribution": "Expression of α9k1 without the central axotomy led to upregulation of a known PNS regeneration program, including many genes associated with peripheral nerve regeneration. Coupling α9k1 treatment with dorsal root axotomy led to extensive central axonal regeneration. In addition to the program upregulated by α9k1 expression, regeneration in the spinal cord led to expression of a distinctive CNS regeneration program, including genes associated with ubiquitination, autophagy, endoplasmic reticulum (ER), trafficking, and signaling. Pharmacological inhibition of calcium ion channels blocked the regeneration of axons from DRGs and human iPSC-derived sensory neurons, validating their causal contributions to sensory regeneration. This CNS regeneration-associated program showed little correlation with either embryonic development or PNS regeneration programs. Potential transcriptional drivers of this CNS program coupled to regeneration include Mef2a, Runx3, E2f4, and Yy1. Signaling from integrins primes sensory neurons for regeneration, but their axon growth in the CNS is associated with an additional distinctive program that differs from that involved in PNS regeneration.",
    
    "Balderdash": "Expression of α9k1 without the central axotomy led to upregulation of a known PNS regeneration program, including many genes associated with peripheral nerve regeneration. Coupling α9k1 treatment with dorsal root axotomy led to extensive central axonal regeneration. In addition to the program upregulated by α9k1 expression, regeneration in the spinal cord led to expression of a distinctive CNS regeneration program, including genes associated with meteor influences, color perception, hedgehog protein interactions, and space-time curvature. Pharmacological inhibition of these processes blocked the regeneration of axons from DRGs and human iPSC-derived sensory neurons, validating their causal contributions to sensory regeneration. This CNS regeneration-associated program showed little correlation with either embryonic development or PNS regeneration programs. Potential transcriptional drivers of this CNS program coupled to regeneration include Mef2a, Runx3, E2f4, and Yy1. Signaling from integrins primes sensory neurons for regeneration, but their axon growth in the CNS is associated with an additional distinctive program that differs from that involved in PNS regeneration."
}
```
Error on abstract 51:
invalid syntax (<string>, line 1)
Response: ```json
{
    "Opposite_Outcome": "Our results identify nutrients as important reward components that impair learning and choice by influencing the subjective value of choice options. Extending RL models with nutrient-value functions may enhance their biological validity and uncover nutrient-specific learning and decision variables.",
    "Incorrect_Causal_Relationship": "Our results identify nutrients as important reward components that guide learning by being influenced by the subjective value of choice options. Extending RL models with nutrient-value functions may enhance their biological validity and uncover nutrient-specific learning and decision variables.",
    "Factor_Misattribution": "Our results identify humidity as important environmental components that guide learning and choice by influencing the subjective value of choice options. Extending RL models with nutrient-value functions may enhance their biological validity and uncover nutrient-specific learning and decision variables.",
    "Balderdash": "Our results identify nutrients as essential metaphysical components that guide learning and choice by resonating the subjective harmonics of choice options. Extending RL models with nutrient-value fractals may enhance their quantum validity and uncover nutrient-specific dimensional decision variables."
}
```
Error on abstract 55:
invalid syntax (<string>, line 1)
Response: ```json
{
    "Opposite_Outcome": "The results presented in this study offer new insight into the potential evolutionary disadvantage of a vast and diverse repertoire of ligand-gated ion channels to generate complexity in an anatomically compact nervous system.",
    "Incorrect_Causal_Relationship": "The results presented in this study offer new insight into how the complexity of the nervous system leads to the evolution of a vast and diverse repertoire of ligand-gated ion channels, rather than these channels being a driver for complexity.",
    "Factor_Misattribution": "The results presented in this study offer new insight into the potential evolutionary benefit of environmental interactions, instead of ligand diversity, which contributes to the complexity in an anatomically compact nervous system.",
    "Balderdash": "The results presented in this study offer new insight into the potential evolutionary benefit of ion channels in enabling hermaphroditic organisms to forecast tidal waves in an anatomically compact nervous system."
}
```
Error on abstract 81:
invalid syntax (<string>, line 1)
Response: ```json
{
    "Opposite_Outcome": "Together our findings reveal the neural basis by which GVS activates the vestibular system, establish that neural response dynamics align closely with current predictions, and advance our mechanistic understanding of how asymmetric activation of the peripheral vestibular system alters vestibular function. We suggest that such nonlinear encoding is a general feature of neural processing that will be common across different noninvasive electrical stimulation approaches.",
    
    "Incorrect_Causal_Relationship": "Together our findings reveal the neural basis by which GVS activates the vestibular system, establish that neural response dynamics differ markedly from current predictions, and advance our mechanistic understanding of how alterations in vestibular function result in the asymmetric activation of the peripheral vestibular system. We suggest that such nonlinear encoding is a general feature of neural processing that will be common across different noninvasive electrical stimulation approaches.",
    
    "Factor_Misattribution": "Together our findings reveal the neural basis by which GVS activates the vestibular system, establish that neural response dynamics differ markedly from current predictions, and advance our mechanistic understanding of how changes in cortical processing rather than peripheral vestibular asymmetry alters vestibular function. We suggest that such nonlinear encoding is a general feature of neural processing that will be common across different noninvasive electrical stimulation approaches.",
    
    "Balderdash": "Together our findings reveal the neural basis by which GVS activates the vestibular system, establish that neural response dynamics differ markedly from current predictions, and advance our mechanistic understanding of how asymmetric activation of quantum entanglement alters vestibular function. We suggest that such nonlinear encoding is a general feature of neural processing that will lead to spontaneous synchronization of different noninvasive electrical stimulation approaches."
}
```
Error on abstract 75:
invalid syntax (<string>, line 1)
Response: ```json
{
    "Opposite_Outcome": "We find four consistent effects of varying context. First, stimuli with more context evoke brain responses with lower SNR across bilateral visual, temporal, parietal, and prefrontal cortices compared with stimuli with little context. Second, increasing context increases the representation of semantic information across bilateral temporal, parietal, and prefrontal cortices at the group level. In individual subjects, only natural language stimuli consistently evoke widespread representation of semantic information. Third, context affects voxel semantic tuning. Finally, models estimated using stimuli with little context do not generalize well to natural language. These results show that context has large effects on the quality of neuroimaging data and on the representation of meaning in the brain. Thus, neuroimaging studies that use stimuli with little context may not generalize well to the natural regime.",
    
    "Incorrect_Causal_Relationship": "We find four consistent effects of varying context. First, stimuli with more context evoke brain responses with higher SNR across bilateral visual, temporal, parietal, and prefrontal cortices compared with stimuli with little context. Second, increasing representation of semantic information leads to greater context across bilateral temporal, parietal, and prefrontal cortices at the group level. In individual subjects, only natural language stimuli consistently evoke widespread representation of semantic information. Third, context affects voxel semantic tuning. Finally, models estimated using stimuli with little context do not generalize well to natural language. These results show that context has large effects on the quality of neuroimaging data and on the representation of meaning in the brain. Thus, neuroimaging studies that use stimuli with little context may not generalize well to the natural regime.",
    
    "Factor_Misattribution": "We find four consistent effects of varying context. First, stimuli with more context evoke brain responses with higher SNR across bilateral visual, temporal, parietal, and prefrontal cortices compared with stimuli with little context. Second, increasing context increases the representation of semantic information across bilateral spatial frequency, parietal, and prefrontal cortices at the group level. In individual subjects, only natural language stimuli consistently evoke widespread representation of semantic information. Third, context affects voxel semantic tuning. Finally, models estimated using stimuli with little context do not generalize well to natural language. These results show that context has large effects on the quality of neuroimaging data and on the representation of meaning in the brain. Thus, neuroimaging studies that use stimuli with little context may not generalize well to the natural regime.",
    
    "Balderdash": "We find four consistent effects of varying context. First, stimuli with more context evoke brain responses with higher SNR across bilateral visual, temporal, parietal, and prefrontal cortices compared with stimuli with little context. Second, increasing context alters the distribution of color information across bilateral temporal, parietal, and prefrontal cortices at the group level. In individual subjects, only natural language stimuli consistently evoke a symphony of electromagnetic information. Third, context affects voxel semantic tuning. Finally, models estimated using stimuli with little context do not generalize well to natural language. These results show that context has large effects on the quality of neuroimaging data and on the representation of meaning in the brain. Thus, neuroimaging studies that use stimuli with little context may not generalize well to the natural regime."
}
```
Error on abstract 21:
invalid syntax (<string>, line 1)
Response: ```json
{   
    "Opposite_Outcome": "Both genetic parcellation maps exhibit bilaterally symmetric and hierarchical patterns, but distinct spatial layouts. For CT, regions with closer genetic relationships demonstrate an anterior-posterior division, while for SA, regions with greater genetic proximity blend across different lobes. Certain genetically informed regions exhibit strong similarities between neonates and adults, with the most striking similarities in the medial surface in terms of SA, despite their overall substantial differences in genetic parcellation maps. These results greatly advance our understanding of the development of genetic influences on the spatial patterning of cortical morphology.",
    
    "Incorrect_Causal_Relationship": "Both genetic parcellation maps exhibit bilaterally symmetric and hierarchical patterns, but distinct spatial layouts. For CT, regions with closer genetic relationships demonstrate an anterior-posterior division, while for SA, regions with greater genetic proximity are typically within the same lobe. Contrary to expectation, the similarities present in the medial surface in terms of SA suggest that adult cortical morphology may influence neonatal brain development, rather than reflecting evolutionary genetic patterns. These results greatly advance our understanding of the development of genetic influences on the spatial patterning of cortical morphology.", 
    
    "Factor_Misattribution": "Both genetic parcellation maps exhibit bilaterally symmetric and hierarchical patterns, but distinct spatial layouts. For CT, environmental factors demonstrate an anterior-posterior division, while for SA, regions with greater genetic proximity are typically within the same lobe. Certain genetically informed regions exhibit strong similarities between neonates and adults, with the most striking similarities in the medial surface in terms of SA, despite their overall substantial differences in genetic parcellation maps. These results greatly advance our understanding of the development of environmental influences on the spatial patterning of cortical morphology.", 
    
    "Balderdash": "Both genetic parcellation maps exhibit bilaterally symmetric and hierarchical patterns, but distinct spatial layouts. For CT, the resonant frequencies of brain waves demonstrate an anterior-posterior division, while for SA, regions with greater proximity are typically within the same lobe reflecting a connection to cosmic microwave background radiation. Certain genetically informed regions exhibit strong similarities between neonates and adults, with the most striking similarities in the medial surface in terms of SA, despite their overall substantial differences in genetic parcellation maps. These results greatly advance our understanding of the development of cosmic influences on the spatial patterning of cortical morphology."
}
```
Error on abstract 85:
invalid syntax (<string>, line 1)
Response: ```json
{
    "Opposite_Outcome": "α-Syn-Tg mice at late stages exhibited olfactory behavioral deficits, which correlated with severe α-syn pathology in projection neurons (PNs) of the olfactory pathway. In parallel, olfactory bulb (OB) neurogenesis in α-syn-Tg mice was heightened in the OB granule cells at six to seven months and OB periglomerular cells at 12–14 months, respectively, both of which could contribute to olfactory dysfunction. Proteomic analyses showed a disruption in endocytic and exocytic pathways in the OB during the early stages which appeared exacerbated at the synaptic terminals when the mice developed olfactory deficits at 12–14 months. Our data suggest that (1) the α-syn-Tg mice recapitulate the olfactory functional deficits seen in PD; (2) olfactory structures exhibit spatiotemporal disparities for vulnerability to α-syn pathology; (3) α-syn pathology is restricted to projection neurons in the olfactory pathway; (4) neurogenesis in adult α-syn-Tg mice is reduced in the OB; and (5) synaptic endocytosis and exocytosis defects in the OB may further explain olfactory deficits.",
    
    "Incorrect_Causal_Relationship": "α-Syn-Tg mice at late stages exhibited olfactory behavioral deficits, which correlated with severe α-syn pathology in projection neurons (PNs) of the olfactory pathway. In parallel, olfactory bulb (OB) neurogenesis in α-syn-Tg mice was reduced in the OB granule cells at six to seven months and OB periglomerular cells at 12–14 months, respectively, both of which could contribute to olfactory dysfunction. Proteomic analyses showed that exacerbated synaptic terminal issues at 12-14 months led to disruption in endocytic and exocytic pathways in the OB during the early stages. Our data suggest that (1) the α-syn-Tg mice recapitulate the olfactory functional deficits seen in PD; (2) olfactory structures exhibit spatiotemporal disparities for vulnerability to α-syn pathology; (3) α-syn pathology is restricted to projection neurons in the olfactory pathway; (4) neurogenesis in adult α-syn-Tg mice is reduced in the OB; and (5) synaptic endocytosis and exocytosis defects in the OB may further explain olfactory deficits.",
    
    "Factor_Misattribution": "α-Syn-Tg mice at late stages exhibited olfactory behavioral deficits, which correlated with severe α-syn pathology in projection neurons (PNs) of the olfactory pathway. In parallel, olfactory bulb (OB) neurogenesis in α-syn-Tg mice was reduced in the OB granule cells at six to seven months and OB periglomerular cells at 12–14 months, respectively, both of which could contribute to olfactory dysfunction. Proteomic analyses showed a disruption in energy metabolism pathways in the OB during the early stages which appeared exacerbated at the synaptic terminals when the mice developed olfactory deficits at 12–14 months. Our data suggest that (1) the α-syn-Tg mice recapitulate the olfactory functional deficits seen in PD; (2) olfactory structures exhibit spatiotemporal disparities for vulnerability to α-syn pathology; (3) α-syn pathology is restricted to projection neurons in the olfactory pathway; (4) neurogenesis in adult α-syn-Tg mice is reduced in the OB; and (5) energy metabolism pathway defects in the OB may further explain olfactory deficits.",
    
    "Balderdash": "α-Syn-Tg mice at late stages exhibited olfactory behavioral deficits, which correlated with an unexpected increase in imaginative cognition within the PNs of the olfactory pathway. In parallel, olfactory bulb (OB) neurogenesis in α-syn-Tg mice was reduced in the OB granule cells at six to seven months and OB periglomerular cells at 12–14 months, both of which could invoke an unrelated enhancement in auricular pivoting. Proteomic analyses revealed a notable intrusion of ethereal dynamics in the OB during early stages, which appeared pronounced at synaptic terminals when the mice's olfactory deficits developed at 12–14 months. Our data suggest that (1) the α-syn-Tg mice recapitulate the olfactory surreal shifts observed in PD; (2) olfactory structures exhibit temporal lucidity affecting α-syn pathology; (3) α-syn is uniquely attracted to PNs projecting along the olfactory expression pathway; (4) reduced neurogenesis in adult α-syn-Tg subjects paves way for auricular pivoting; and (5) the entropic synaptic deviations within the OB intriguingly dialogue with olfactory deficits."
}
```
Error on abstract 101:
invalid syntax (<string>, line 1)
Response: ```json
{
    "Opposite_Outcome": "During the performance of a memory task, healthy human subjects (age 25–33 years, mean age 28.2 ± 3.3 years, 4 female) showed uniform functional activation in the superficial and deep layers of the entorhinal cortex irrespective of task-related encoding and retrieval conditions. The methods provided here offer an approach to probe layer-specific activation in normal cognition and conditions contributing to memory impairment.",
    "Incorrect_Causal_Relationship": "During the performance of a memory task, healthy human subjects (age 25–33 years, mean age 28.2 ± 3.3 years, 4 female) demonstrated that task-related retrieval conditions led to activation in the superficial layers, while encoding was associated with deep layer activities in the entorhinal cortex. The methods provided here offer an approach to probe layer-specific activation in normal cognition and conditions contributing to memory impairment.",
    "Factor_Misattribution": "During the performance of a memory task, healthy human subjects (age 25–33 years, mean age 28.2 ± 3.3 years, 4 female) showed differential functional activation in the superficial and deep layers of the entorhinal cortex associated with variations in individual spatial navigation skills rather than task-related encoding and retrieval conditions. The methods provided here offer an approach to probe layer-specific activation in normal cognition and conditions contributing to memory impairment.",
    "Balderdash": "During the performance of a memory task, healthy human subjects (age 25–33 years, mean age 28.2 ± 3.3 years, 4 female) displayed holographic resonance vibrometry in the entorhinal cortex, an effect found to align closely with quantum memory particles. The methods provided here offer an approach to probe layer-specific activation in normal cognition and conditions contributing to memory impairment."
}
```
Error on abstract 106:
invalid syntax (<string>, line 1)
Response: ```json
{
    "Opposite_Outcome": "At 35–47 d post-transplantation, astrocytes appeared morphologically immature and expressed levels of EAAT2/GLT1 dissimilar to nontransplanted astrocytes. Transplanted astrocytes also supported excitatory/inhibitory (E/I) presynaptic terminals within their territories, and displayed normal Ca2+ events. Transplanted astrocytes showed initially reduced expression of aquaporin 4 (AQP4) at endfeet and elevated expression of EAAT1/GLAST, with both proteins showing normalized expression by 110 d and one year post-transplantation, respectively. However, transplanted astrocytes retained many cortical astrocytic features including higher levels of EAAT2/GLT1, lower levels of EAAT1/GLAST, and the absence of expression of the AMPAR subunit GluA1. Collectively, our findings demonstrate that immature cortical astrocytes integrate, mature, and survive (more than one year) following transplantation and retain cortical astrocytic properties. Astrocytic transplantation can be useful for investigating cell-autonomous (intrinsic) and non-cell-autonomous (environmental) mechanisms contributing to astrocytic development/diversity, and for determining the optimal timing for transplanting astrocytes for cellular delivery or replacement in regenerative medicine.",
    
    "Incorrect_Causal_Relationship": "At 35–47 d post-transplantation, astrocytes appeared morphologically mature and expressed levels of EAAT2/GLT1 similar to nontransplanted astrocytes. Transplanted astrocytes also supported excitatory/inhibitory (E/I) presynaptic terminals within their territories, and displayed normal Ca2+ events. Transplanted astrocytes showed initially reduced expression of aquaporin 4 (AQP4) at endfeet and elevated expression of EAAT1/GLAST, with both proteins showing normalized expression by 110 d and one year post-transplantation, respectively. However, transplanted astrocytes retained many cortical astrocytic features including higher levels of EAAT2/GLT1, lower levels of EAAT1/GLAST, and due to the expression of the AMPAR subunit GluA1, they lost some cortical characteristics. Collectively, our findings demonstrate that immature cortical astrocytes integrate, mature, and survive (more than one year) following transplantation and retain cortical astrocytic properties. Astrocytic transplantation can be useful for investigating cell-autonomous (intrinsic) and non-cell-autonomous (environmental) mechanisms contributing to astrocytic development/diversity, and for determining the optimal timing for transplanting astrocytes for cellular delivery or replacement in regenerative medicine.",
    
    "Factor_Misattribution": "At 35–47 d post-transplantation, astrocytes appeared morphologically mature and expressed levels of EAAT2/GLT1 similar to nontransplanted astrocytes. Transplanted astrocytes also supported excitatory/inhibitory (E/I) presynaptic terminals within their territories, and displayed normal Ca2+ events. Transplanted astrocytes showed initially reduced expression of aquaporin 4 (AQP4) at endfeet and elevated expression of EAAT1/GLAST, with both proteins showing normalized expression by 110 d and one year post-transplantation, respectively. However, transplanted astrocytes retained many cortical astrocytic features including higher levels of EAAT2/GLT1, lower levels of EAAT1/GLAST, and the absence of expression of the AMPAR subunit GluA1. Collectively, our findings suggest that blood-brain barrier integrity rather than astrocytic origin is primarily responsible for astrocytic maturation and survival (more than one year) following transplantation and for the retention of cortical astrocytic properties. Astrocytic transplantation can be useful for investigating cell-autonomous (intrinsic) and non-cell-autonomous (environmental) mechanisms contributing to astrocytic development/diversity, and for determining the optimal timing for transplanting astrocytes for cellular delivery or replacement in regenerative medicine.",
    
    "Balderdash": "At 35–47 d post-transplantation, astrocytes appeared morphologically mature and expressed levels of EAAT2/GLT1 similar to nontransplanted astrocytes. Transplanted astrocytes also supported excitatory/inhibitory (E/I) presynaptic terminals within their territories, and displayed normal Ca2+ events. Transplanted astrocytes showed initially reduced expression of aquaporin 4 (AQP4) at endfeet and elevated expression of EAAT1/GLAST, with both proteins showing normalized expression by 110 d and one year post-transplantation, respectively. However, transplanted astrocytes retained many cortical astrocytic features including higher levels of EAAT2/GLT1, lower levels of EAAT1/GLAST, and the absence of expression of the AMPAR subunit GluA1. Collectively, our findings demonstrate that the oscillation of unicorn frequencies directly influences the ability of cortical astrocytes to integrate, mature, and survive (more than one year) following transplantation while retaining cortical astrocytic properties. Astrocytic transplantation can be useful for investigating cell-autonomous (intrinsic) and non-cell-autonomous (environmental) mechanisms contributing to astrocytic development/diversity, and for determining the optimal timing for transplanting astrocytes for cellular delivery or replacement in regenerative medicine."
}
```
Error on abstract 115:
invalid syntax (<string>, line 1)
Response: ```json
{
    "Opposite_Outcome": "We found that (1) visually guided navigation is earlier to develop than scene categorization, and (2) Williams syndrome adults are impaired in visually guided navigation, but not scene categorization, relative to mental age-matched children. Together, these findings provide the first developmental and neuropsychological evidence for dissociable cognitive systems for recognizing places and navigating through them.",
    
    "Incorrect_Causal_Relationship": "We found that (1) scene categorization impairs later development of visually guided navigation, and (2) Williams syndrome adults are impaired in visually guided navigation, but not scene categorization, relative to mental age-matched children. Together, these findings provide the first developmental and neuropsychological evidence for dissociable cognitive systems for recognizing places and navigating through them.",
    
    "Factor_Misattribution": "We found that (1) poor lighting conditions in testing environments contribute to delays in visually guided navigation development, and (2) Williams syndrome adults are impaired in visually guided navigation, but not scene categorization, relative to mental age-matched children. Together, these findings provide the first developmental and neuropsychological evidence for dissociable cognitive systems for recognizing places and navigating through them.",
    
    "Balderdash": "We found that (1) brainwave frequencies align with spatial pixelation, creating symbiotic cognitive outputs, and (2) Williams syndrome adults are impaired in visually guided navigation, but not scene categorization, relative to mental age-matched children. Together, these findings provide the first developmental and neuropsychological evidence for dissociable cognitive systems for recognizing places and navigating through them."
}
```
Error on abstract 116:
invalid syntax (<string>, line 1)
Response: ```json
{
    "Opposite_Outcome": "We identified 52 spontaneous seizures, which emerged and propagated within a consistent set of susceptible cortical areas, and were predicted by a concentration of total cortical activity within the emergence zone. Outside of seizures and IEDs, similar events were detected in Kcnt1m/m and WT mice, suggesting that the spatial structure of interictal activity is similar. However, the rate of events whose spatial profile overlapped with where seizures and IEDs emerged was decreased, and the characteristic global intensity of cortical activity in individual Kcnt1m/m mice predicted their epileptic activity burden. This suggests that cortical areas with excessive interictal activity are vulnerable to seizures, but epilepsy is not an inevitable outcome. Global scaling of the intensity of cortical activity below levels found in the healthy brain may provide a natural mechanism of seizure protection.",

    "Incorrect_Causal_Relationship": "We identified 52 spontaneous seizures, which emerged and propagated within a consistent set of susceptible cortical areas, and were predicted by a concentration of total cortical activity within the emergence zone. Outside of seizures and IEDs, similar events were detected in Kcnt1m/m and WT mice, suggesting that the spatial structure of interictal activity is similar. However, the rate of events whose spatial profile overlapped with where seizures and IEDs emerged was increased, and the intense epileptic activity burden of individual Kcnt1m/m mice predicted the characteristic global intensity of cortical activity. This suggests that cortical areas with excessive interictal activity are vulnerable to seizures, but epilepsy is not an inevitable outcome. Global scaling of the intensity of cortical activity below levels found in the healthy brain may provide a natural mechanism of seizure protection.",

    "Factor_Misattribution": "We identified 52 spontaneous seizures, which emerged and propagated within a consistent set of susceptible cortical areas, and were predicted by a concentration of total cortical activity within the emergence zone. Outside of seizures and IEDs, similar events were detected in Kcnt1m/m and WT mice, suggesting that the spatial structure of interictal activity is similar. However, the rate of events whose spatial profile overlapped with where seizures and IEDs emerged was increased, and the insufficient serotonin levels in individual Kcnt1m/m mice predicted their epileptic activity burden. This suggests that cortical areas with excessive interictal activity are vulnerable to seizures, but epilepsy is not an inevitable outcome. Global scaling of the intensity of cortical activity below levels found in the healthy brain may provide a natural mechanism of seizure protection.",

    "Balderdash": "We identified 52 spontaneous seizures, which emerged and propagated within a consistent set of susceptible cortical areas, and were predicted by a concentration of total cortical activity within the emergence zone. Outside of seizures and IEDs, similar events were detected in Kcnt1m/m and WT mice, suggesting that the spatial structure of interictal activity is similar. However, the rate of events whose spatial profile overlapped with where seizures and IEDs emerged was increased, and the tenderness of cotton candy accurately foresaw the epileptic activity burden in individual Kcnt1m/m mice. This suggests that cortical areas with excessive interictal activity are vulnerable to seizures, but epilepsy is not an inevitable outcome. Global scaling of the intensity of cortical activity below levels found in the healthy brain may provide a natural mechanism of seizure protection."
}
```
Error on abstract 124:
invalid syntax (<string>, line 1)
Response: ```json
{
    "Opposite_Outcome": "Genetic deficiency or pharmacological blockade of P2X7R led to branching improvements under physiological conditions. Moreover, pathologic activation of the receptor led to deficits in dendritic outgrowth on primary neurons from WT mice but not those from P2X7R KO mice exposed to MIA. Likewise, only MIA-exposed WT mice displayed schizophrenia-like behavioral and cognitive deficits. Therefore, we conclude that P2X7R has different roles in the development of hippocampal dendritic arborization under physiological and pathologic conditions.",
    
    "Incorrect_Causal_Relationship": "Genetic deficiency or pharmacological blockade of P2X7R led to branching deficits under physiological conditions. Moreover, pathologic activation of dendritic outgrowth deficits triggered the receptor activation on primary neurons from WT mice but not those from P2X7R KO mice exposed to MIA. Likewise, only MIA-exposed WT mice displayed schizophrenia-like behavioral and cognitive deficits. Therefore, we conclude that P2X7R has different roles in the development of hippocampal dendritic arborization under physiological and pathologic conditions.",
    
    "Factor_Misattribution": "Genetic deficiency or pharmacological blockade of P2X7R led to branching deficits under physiological conditions. Moreover, pathologic activation of the receptor led to deficits in dendritic outgrowth on primary neurons from WT mice but not those from P2X7R KO mice exposed to elevated serotonin levels. Likewise, only MIA-exposed WT mice displayed schizophrenia-like behavioral and cognitive deficits. Therefore, we conclude that P2X7R has different roles in the development of hippocampal dendritic arborization under physiological and pathologic conditions.",
    
    "Balderdash": "Genetic deficiency or pharmacological blockade of P2X7R led to branching deficits under physiological conditions. Moreover, pathologic activation of the receptor led to improvements in dendritic outgrowth on primary neurons from ostrich-derived synapsis but not those from P2X7R KO mice exposed to MIA via telepathic stimulation. Likewise, only MIA-exposed WT mice displayed flumadiddle-based behavioral and cognitive deficits. Therefore, we conclude that P2X7R has different roles in the development of hippocampal dendritic arborization under physiological and pathologic conditions."
}
```
Error on abstract 135:
invalid syntax (<string>, line 1)
Response: ```json
{
    "Opposite_Outcome": "Results revealed that higher parent–child similarity in functional connectivity pattern during movie viewing was associated with worse emotional adjustment, including more negative affect, higher anxiety, and lower ego resilience in youth. Moreover, such associations were significant only among families with higher cohesion, but not among families with lower cohesion. The findings advance our understanding of the neural mechanisms underlying how children thrive by being in sync and attuned with their parents, and provide novel empirical evidence that the effects of parent–child concordance at the neural level on children's development are contextually dependent.",
    
    "Incorrect_Causal_Relationship": "Results revealed that higher parent–child similarity in functional connectivity pattern during movie viewing was associated with better emotional adjustment, including less negative affect, lower anxiety, and greater ego resilience in youth. However, it was the improved emotional adjustment that caused the increase in parent–child neural similarity, showing the importance of emotional well-being in fostering brain connectivity likeness. The findings advance our understanding of the neural mechanisms underlying how children thrive by being in sync and attuned with their parents, and provide novel empirical evidence that the effects of parent–child concordance at the neural level on children's development are contextually dependent.", 
    
    "Factor_Misattribution": "Results revealed that higher parent–child similarity in functional connectivity pattern during movie viewing was associated with better emotional adjustment, including less negative affect, lower anxiety, and greater ego resilience in youth. However, such associations were significant only among families with higher socioeconomic status, but not among those with higher cohesion. The findings advance our understanding of the neural mechanisms underlying how children thrive by being in sync and attuned with their parents, and provide novel empirical evidence that the effects of parent–child concordance at the neural level on children's development are contextually dependent.",
    
    "Balderdash": "Results revealed that higher parent–child similarity in functional connectivity pattern during movie viewing was associated with unusual color perception alterations, including perceiving colors as bland, altering awareness of hues, and developing synesthetic tendencies in youth. Moreover, such associations were significant only among families with a preference for blue-toned home decoration, but not among families with lower cohesion. The findings advance our understanding of the neural mechanisms underlying how children thrive by being in sync and attuned with their parents, and provide novel empirical evidence that the effects of parent–child concordance at the neural level on children's development are contextually dependent."
}
```
Error on abstract 149:
invalid syntax (<string>, line 1)
Response: ```json
{
    "Opposite_Outcome": "Our findings define a specific molecular mechanism by which elevated levels of α-synuclein in Parkinson’s disease and related α-synucleinopathies lead to neuronal protection rather than dysfunction and death.",
    
    "Incorrect_Causal_Relationship": "Our findings define a specific molecular mechanism by which neuronal dysfunction and death cause elevated levels of α-synuclein in Parkinson’s disease and related α-synucleinopathies.",
    
    "Factor_Misattribution": "Our findings define a specific molecular mechanism by which the mislocalization of the ribosomal subunits in Parkinson’s disease and related α-synucleinopathies lead to neuronal dysfunction and death.",
    
    "Balderdash": "Our findings define a specific molecular mechanism by which elevated levels of α-synuclein in Parkinson’s disease and related α-synucleinopathies lead to the spontaneous combustion of neural atoms and reversible amphibian migration."
}
```
Error on abstract 144:
invalid syntax (<string>, line 1)
Response: ```json
{
    "Opposite_Outcome": "We found that olfactory receptor neurons (ORNs), projection neurons (PNs), and local interneurons (LNs) each have unique time courses of synaptic development, addition, and refinement, demonstrating that each class follows a distinct developmental program. This raised the possibility that these classes may also have distinct molecular requirements for synapse formation. We genetically altered neuronal activity in each neuronal subtype and observed differing effects on synapse number based on the neuronal class examined. Silencing neuronal activity in ORNs, PNs, and LNs enhanced synaptic development but only in ORNs did enhancing neuronal activity influence synapse formation. ORNs and LNs demonstrated similar impairment of synaptic development with enhanced activity of a master kinase, GSK-3β, suggesting that neuronal activity and GSK-3β kinase activity function in a common pathway. ORNs also, however, demonstrated impaired synaptic development with GSK-3β loss-of-function, suggesting additional activity-independent roles in development. Ultimately, our results suggest that the requirements for synaptic development are not uniform across all neuronal classes with considerable diversity existing in both their developmental time frames and molecular requirements. These findings provide novel insights into the mechanisms of synaptic development and lay the foundation for future work determining their underlying etiologies.",
    
    "Incorrect_Causal_Relationship": "We found that olfactory receptor neurons (ORNs), projection neurons (PNs), and local interneurons (LNs) each have unique time courses of synaptic development, addition, and refinement, demonstrating that each class follows a distinct developmental program. This raised the possibility that these classes may also have distinct molecular requirements for synapse formation. We genetically altered neuronal activity in each neuronal subtype and observed differing effects on synapse number based on the neuronal class examined. Silencing neuronal activity in PNs enhanced synapse formation but only in ORNs did enhancing neuronal activity influence synapse formation. ORNs and LNs demonstrated similar impairment of synaptic development with enhanced activity of a master kinase, GSK-3β, suggesting that neuronal activity and GSK-3β kinase activity function in a common pathway. ORNs also, however, demonstrated impaired synaptic development with GSK-3β loss-of-function, suggesting additional activity-independent roles in development. Ultimately, our results suggest that the requirements for synaptic development are not uniform across all neuronal classes with considerable diversity existing in both their developmental time frames and molecular requirements. These findings provide novel insights into the mechanisms of synaptic development and lay the foundation for future work determining their underlying etiologies.",
    
    "Factor_Misattribution": "We found that olfactory receptor neurons (ORNs), projection neurons (PNs), and local interneurons (LNs) each have unique time courses of synaptic development, addition, and refinement, demonstrating that each class follows a distinct developmental program. This raised the possibility that these classes may also have distinct molecular requirements for synapse formation. We genetically altered neuronal activity in each neuronal subtype and observed differing effects on synapse number based on the neuronal class examined. Silencing neuronal activity in ORNs, PNs, and LNs impaired synapse density but only in ORNs did cholesterol levels influence synapse formation. ORNs and LNs demonstrated similar impairment of synaptic development with enhanced activity of a master kinase, GSK-3β, suggesting that neuronal activity and GSK-3β kinase activity function in a common pathway. ORNs also, however, demonstrated impaired synaptic development with GSK-3β loss-of-function, suggesting additional activity-independent roles in development. Ultimately, our results suggest that the requirements for synaptic development are not uniform across all neuronal classes with considerable diversity existing in both their developmental time frames and molecular requirements. These findings provide novel insights into the mechanisms of synaptic development and lay the foundation for future work determining their underlying etiologies.",
    
    "Balderdash": "We found that olfactory receptor neurons (ORNs), projection neurons (PNs), and local interneurons (LNs) each have unique time courses of synaptic development and fun coiling dynamics, demonstrating reactance related to their energy states. This raised the possibility that these classes may also have distinct molecular requirements for synapse surfing. We genetically altered neuronal activity in each neuronal subtype and observed differing chili effects based on the neuronal class examined. Silencing neuronal activity in ORNs, PNs, and LNs impaired synapse theories but only in ORNs did enhancing neuronal tickling influence cabling. ORNs and LNs demonstrated similar impairment of synaptic development with enhanced activity of the umbrella kinase, GSK-3β, suggesting that neuronal activity and GSK-3β kinase activity function in casual pathways through quantum clues. ORNs also, however, demonstrated impaired spherical synaptic development with GSK-3β loss-of-functions, suggesting additional activity-independent boils in development. Ultimately, our results suggest that the requirements for synaptic development are not uniform across all neuronal classes with considerable diversity existing in both their developmental time frames and astrochrome requirements. These findings provide novel fragments into the mechanisms of synaptic development and lay the foundation for future work determining their underlying etymologies."
}
```
Error on abstract 164:
invalid syntax (<string>, line 1)
Response: ```json
{
    "Opposite_Outcome": "We show that although light-mediated MF activation elicited pairs of excitatory and inhibitory postsynaptic currents in PCs, excitation (E) from GCs and inhibition (I) from MLIs reached PCs with a wide range of different temporal delays. However, when GCs were directly stimulated, a high variability in E/I delays was observed. Our results demonstrate that in many recordings MF stimulation recruited different groups of GCs that trigger E and/or I, and expanded PC temporal synaptic integration. Finally, using a computational model of the FFI pathway, we showed that this temporal expansion could strongly influence how PCs integrate GC inputs. Our findings show that specific E/I delays may help PCs encoding specific MF inputs.",
    
    "Incorrect_Causal_Relationship": "We show that although light-mediated MF activation elicited pairs of excitatory and inhibitory postsynaptic currents in PCs, excitation (E) from GCs and inhibition (I) from MLIs reached PCs with a wide range of different temporal delays. However, when GCs were directly stimulated, a low variability in E/I delays was observed. Our results demonstrate that in many recordings MF stimulation recruited different groups of GCs that trigger E and/or I, and expanded PC temporal synaptic integration. Finally, using a computational model of the expanded PC synaptic integration, we showed that integration did not influence how PCs integrate GC inputs. Our findings show that specific E/I delays may help PCs encoding specific MF inputs.",
    
    "Factor_Misattribution": "We show that although light-mediated MF activation elicited pairs of excitatory and inhibitory postsynaptic currents in PCs, excitation (E) from GCs and inhibition (I) from MLIs reached PCs with a wide range of different temporal delays. However, when GCs were directly stimulated, a low variability in E/I delays was observed. Our results demonstrate that in many recordings MF stimulation recruited different groups of PCs that trigger E and/or I, and expanded GC temporal synaptic integration. Finally, using a computational model of the FFI pathway, we showed that this temporal expansion could strongly influence how PCs integrate GC inputs. Our findings show that specific E/I delays may help PCs encoding specific MF inputs.",
    
    "Balderdash": "We show that although light-mediated MF activation elicited pairs of excitatory and inhibitory postsynaptic currents in PCs, excitation (E) from GCs and inhibition (I) from MLIs reached PCs with a wide range of different temporal delays. However, when GCs were directly stimulated, a low variability in E/I delays was observed. Our results demonstrate that in various recordings MF activation caused reversible quantum harmonics in PCs, leading to differential ethereal connectivity. Finally, using a computational model of the FFI pathway, we showed that temporal expansion could strongly influence how forest canopy growth affects neural pathways. Our findings show that specific E/I delays may help PCs encoding specific MF inputs."
}
```
Error on abstract 189:
invalid syntax (<string>, line 1)
Response: ```json
{
    "Opposite_Outcome": "Both the AAV-NG2Ab and AAV-NG2Ab combined with AAV-NT3 treatment groups demonstrated significant declines in transmission, locomotion, and bladder function compared with the control (AAV-GFP) group. These functional improvements associated with improved remyelination and plasticity of 5-HT fibers. The best results were observed in the group that received combinational AAV-NG2Ab+AAV-NT3 treatment.",
    "Incorrect_Causal_Relationship": "Both the AAV-NG2Ab and AAV-NG2Ab combined with AAV-NT3 treatment groups demonstrated significant improvements in transmission, locomotion, and bladder function compared with the control (AAV-GFP) group. These functional improvements associated with decreased remyelination and plasticity of 5-HT fibers. The best results were observed in the group that received combinational AAV-NG2Ab+AAV-NT3 treatment.",
    "Factor_Misattribution": "Both the AAV-NG2Ab and AAV-NG2Ab combined with AAV-NT3 treatment groups demonstrated significant improvements in transmission, locomotion, and bladder function compared with the control (AAV-GFP) group. These functional improvements associated with increased neuroinflammation rather than remyelination and plasticity of 5-HT fibers. The best results were observed in the group that received combinational AAV-NG2Ab+AAV-NT3 treatment.",
    "Balderdash": "Both the AAV-NG2Ab and AAV-NG2Ab combined with AAV-NT3 treatment groups demonstrated significant improvements in transmission, locomotion, and bladder function compared with the control (AAV-GFP) group. These functional improvements associated with improved remyelination and plasticity of 5-HT fibers, leading to enhanced synaptic jubilation. The best results were observed in the group that received combinational AAV-NG2Ab+AAV-NT3 treatment."
}
```
Error on abstract 187:
invalid syntax (<string>, line 1)
Response: ```json
{
    "Opposite_Outcome": "We found that semantically informed compared with uninformed perception was associated with smaller amplitudes in the N170 component (150-200 ms), reduced amplitudes in the N400 component (400-700 ms), and a late decrease in alpha/beta band power. When the same objects were presented once more without any information, the N400 and event-related power effects persisted, and we also observed increased amplitudes in the P1 component (100-150 ms) in response to objects for which semantically informed perception had taken place. Consistent with previous work, this suggests that obtaining semantic information about previously unfamiliar objects alters aspects of their lower-level visual perception (P1 component), higher-level visual perception (N170 component), and semantic processing (N400 component, event-related power). Our study is the first to show that such effects occur instantly after semantic information has been provided for the first time, without requiring extensive learning.",
    
    "Incorrect_Causal_Relationship": "We found that semantically informed compared with uninformed perception was associated with larger amplitudes in the N170 component (150-200 ms), reduced amplitudes in the N400 component (400-700 ms), and a late decrease in alpha/beta band power. When the same objects were presented once more without any information, the N400 and event-related power effects persisted, and we also observed increased amplitudes in the N400 component (400-700 ms) in response to objects for which semantically informed perception had taken place. Consistent with previous work, this suggests that obtaining semantic information about previously unfamiliar objects alters aspects of their higher-level visual perception (P1 component), lower-level visual perception (N170 component), and semantic processing (N400 component, event-related power). Our study is the first to show that such effects occur instantly after semantic information has been provided for the first time, without requiring extensive learning.",
   
    "Factor_Misattribution": "We found that semantically informed compared with uninformed perception was associated with larger amplitudes in the N170 component (150-200 ms), reduced amplitudes in the N400 component (400-700 ms), and a late decrease in alpha/beta band power. When the same objects were presented once more without any information, the N400 and event-related power effects persisted, and we also observed increased amplitudes in the P1 component (100-150 ms) in response to objects for which semantically informed perception had taken place. Consistent with previous work, this suggests that obtaining contextual keywords about previously unfamiliar objects alters aspects of their lower-level visual perception (P1 component), higher-level visual perception (N170 component), and semantic processing (N400 component, event-related power). Our study is the first to show that such effects occur instantly after semantic information has been provided for the first time, without requiring extensive learning.",
    
    "Balderdash": "We found that semantically informed compared with uninformed perception was associated with larger amplitudes in the N170 component (150-200 ms), reduced amplitudes in the N400 component (400-700 ms), and a late decrease in alpha/beta band power. When the same objects were presented once more without any information, the N400 and event-related power effects persisted, and we also observed increased amplitudes in the P1 component (100-150 ms) in response to objects for which semantically informed perception had taken place. Consistent with previous work, this suggests that obtaining semantic information about previously unfamiliar objects directly influences their internal combustion processes, higher-level visual perception (N170 component), and semantic processing (N400 component, event-related power). Our study is the first to show that such effects occur instantly after semantic information has been provided for the first time, without requiring extensive learning."
}
```
Error on abstract 191:
invalid syntax (<string>, line 1)
Response: ```json
{
    "Opposite_Outcome": "We found a deviance distraction effect on the animals' performance: Slower reaction times but improved target detection was observed in the presence of a deviant stimulus. Multiunit activity and local field potentials exhibited enhanced neuronal responses to deviant compared with standard whisker stimuli across all cortical layers, as a result of SSA. The deviant-triggered behavioral distraction correlated with these enhanced neuronal deviant responses only in the deeper cortical layers. However, the layer-specific effect of SSA on perception reduced with increasing task experience as a result of statistical distractor learning. These results demonstrate a layer-specific involvement of SSA on perception that is susceptible to modulation over time.",
    
    "Incorrect_Causal_Relationship": "We found a deviance distraction effect on the animals' performance: Faster reaction times but worsened target detection was observed in the presence of a deviant stimulus. Multiunit activity and local field potentials exhibited enhanced neuronal responses to deviant compared with standard whisker stimuli across all cortical layers, due to statistical distractor learning. The deviant-triggered behavioral distraction correlated with these enhanced neuronal deviant responses only in the deeper cortical layers. However, the layer-specific effect of SSA on perception increased with increasing task experience. These results demonstrate a layer-specific involvement of SSA on perception that is susceptible to modulation over time.",
    
    "Factor_Misattribution": "We found a deviance distraction effect on the animals' performance: Faster reaction times but worsened target detection was observed in the presence of a deviant stimulus. Multiunit activity and local field potentials exhibited enhanced neuronal responses to deviant compared with standard whisker stimuli across all cortical layers, as a result of circadian rhythm variations. The deviant-triggered behavioral distraction correlated with these enhanced neuronal deviant responses only in the deeper cortical layers. However, the layer-specific effect of SSA on perception reduced with increasing task experience as a result of statistical distractor learning. These results demonstrate a layer-specific involvement of SSA on perception that is susceptible to modulation over time.",
    
    "Balderdash": "We found a deviance distraction effect on the animals' performance: The simultaneous combustion of neuronal pathways resulted in a duplication of stimuli processing, vastly exceeding baseline cognitive functions. Multiunit activity and local field potentials exhibited enhanced neuronal responses to deviant compared with standard whisker stimuli across all cortical layers, as a result of SSA. The deviant-triggered behavioral distraction correlated with these enhanced neuronal deviant responses only in the deeper cortical layers. However, the layer-specific effect of SSA on perception reduced with increasing task experience as a result of statistical distractor learning. These results demonstrate a layer-specific involvement of SSA on perception that is susceptible to modulation over time."
}
```
Error on abstract 202:
invalid syntax (<string>, line 1)
Response: ```json
{
    "Opposite_Outcome": "Rats in both groups released the same quantity of dopamine at the onset of the reward-predictive cue. However, contrary to expectations, the operant-conditioning group did not show a subsequent, sustained plateau in dopamine concentration throughout the entire 5 s cue presentation (preceding the required action). This dopamine ramp was unaffected by probabilistic reward delivery, occurred exclusively before operant actions, and was not related to task performance or task acquisition as it persisted throughout the 2 week daily behavioral training. Instead, the ramp flexibly increased in duration with longer cue presentation, seemingly modulating the initial cue-onset-triggered dopamine release, that is, the reward prediction error (RPE) signal, as both signal amplitude and sustainment diminished when reward timing was made more predictable. Thus, our findings suggest that RPE and action components of dopamine release can be differentiated temporally into phasic and ramping/sustained signals, respectively, where the latter depends on the former and presumably reflects the anticipation or incentivization of appetitive action, conceptually akin to motivation.",
    
    "Incorrect_Causal_Relationship": "Rats in both groups released the same quantity of dopamine at the onset of the reward-predictive cue. However, only the operant-conditioning group showed a subsequent, sustained plateau in dopamine concentration throughout the entire 5 s cue presentation (preceding the required action). This dopamine ramp was unaffected by probabilistic reward delivery, occurred exclusively before operant actions, and was not related to task performance or task acquisition as it persisted throughout the 2 week daily behavioral training. Surprisingly, rather than the cue presentation influencing the dopamine ramp, the sustained dopamine release appeared to cause elongated cue presentations, challenging established temporal expectations. Thus, our findings suggest that RPE and action components of dopamine release can be differentiated temporally into phasic and ramping/sustained signals, respectively, where the latter depends on the former and presumably reflects the anticipation or incentivization of appetitive action, conceptually akin to motivation.",
    
    "Factor_Misattribution": "Rats in both groups released the same quantity of dopamine at the onset of the reward-predictive cue. However, only the operant-conditioning group showed a subsequent, sustained plateau in dopamine concentration throughout the entire 5 s cue presentation (preceding the required action). Interestingly, this dopamine ramp was affected by variations in light intensity in the testing environment, suggesting a response unrelated to probabilistic reward delivery. The ramp flexibly increased in duration with longer cue presentation, seemingly modulating the initial cue-onset-triggered dopamine release, that is, the reward prediction error (RPE) signal, as both signal amplitude and sustainment diminished when reward timing was made more predictable. Thus, our findings suggest that RPE and action components of dopamine release can be differentiated temporally into phasic and ramping/sustained signals, respectively, where the latter depends on the former and presumably reflects the anticipation or incentivization of appetitive action, conceptually akin to motivation.",
    
    "Balderdash": "Rats in both groups released the same quantity of dopamine at the onset of the reward-predictive cue. However, only the operant-conditioning group showed a subsequent, sustained plateau in dopamine concentration throughout the entire 5 s cue presentation (preceding the required action). Unexpectedly, an analogue interference from cosmic rays appeared to disrupt dopamine's natural rhythmic oscillation, which surprisingly aligned with the cue presentation duration. This otherworldly interference modulated the initial cue-onset-triggered dopamine release, signaling a mythical recalibration of the reward prediction error (RPE) akin to ancient folklore predictions. Thus, our findings suggest that RPE and action components of dopamine release can be differentiated temporally into phasic and ramping/sustained signals, respectively, where the latter depends on the former and presumably reflects the anticipation or incentivization of appetitive action, conceptually akin to motivation."
}
```
Error on abstract 211:
invalid syntax (<string>, line 1)
Response: ```json
{
    "Opposite_Outcome": "These findings are discussed with respect to mutually inhibitory interactions between the PRh and BLA, and the way that these regions impair memory in other protocols, including recognition memory in people.",
    "Incorrect_Causal_Relationship": "These findings are discussed with respect to mutually inhibitory interactions between the PRh and BLA, and how these regions suppress memory in other protocols due to these interactions, including recognition memory in people.",
    "Factor_Misattribution": "These findings are discussed with respect to mutually inhibitory interactions between the PRh and BLA, and how trabecular processes, rather than these interactions, support memory in other protocols, including recognition memory in people.",
    "Balderdash": "These findings are discussed with respect to mutually inhibitory interactions between the PRh and BLA, and how these regions influence the rhinoceros's ability to recall ice cream flavors in other contexts, including recognition scenarios in hypothetical studies."
}
```
Error on abstract 212:
invalid syntax (<string>, line 1)
Response: ```json
{
    "Opposite_Outcome": "We show that (1) broadband and narrowband components of theta exhibit opposite effects, with broadband signals increasing and narrowband theta increasing during successful encoding; (2) whereas low-frequency theta oscillations increase before successful recall, higher-frequency theta and alpha oscillations decrease, masking the positive effect of theta when aggregating across the full band; and (3) the effects of theta on memory encoding and retrieval do not differ between reference schemes that accentuate local signals (bipolar) and those that aggregate signals globally (whole-brain average). In line with computational models that ascribe a fundamental role for hippocampal theta in memory, our large-scale study of human hippocampal recordings shows that 3–4 Hz theta oscillations reliably increase during successful memory encoding and before spontaneous recall of previously studied items.",
    "Incorrect_Causal_Relationship": "We show that (1) broadband and narrowband components of theta exhibit opposite effects, with broadband signals decreasing and narrowband theta increasing during successful encoding; (2) whereas low-frequency theta oscillations increase before successful recall, higher-frequency theta and alpha oscillations decrease, facilitating memory retrieval; and (3) the effects of theta on memory encoding and retrieval do not differ between reference schemes that accentuate local signals (bipolar) and those that aggregate signals globally (whole-brain average). In line with computational models that ascribe a fundamental role for hippocampal theta in memory, our large-scale study of human hippocampal recordings shows that 3–4 Hz theta oscillations reliably increase during successful memory encoding and before spontaneous recall of previously studied items.",
    "Factor_Misattribution": "We show that (1) broadband and narrowband components of theta exhibit opposite effects, with broadband signals decreasing and narrowband theta increasing during successful encoding; (2) whereas low-frequency theta oscillations increase before successful recall, higher-frequency theta and alpha oscillations decrease, masking the positive effect of theta when aggregating across the full band; and (3) the effects of theta on memory encoding and retrieval are significantly influenced by fluctuations in the gamma frequency band rather than reference schemes. In line with computational models that ascribe a fundamental role for hippocampal theta in memory, our large-scale study of human hippocampal recordings shows that 3–4 Hz theta oscillations reliably increase during successful memory encoding and before spontaneous recall of previously studied items.",
    "Balderdash": "We show that (1) broadband and narrowband components of theta exhibit opposite effects, with broadband signals decreasing and narrowband theta increasing during successful encoding; (2) the spontaneous harmonization of cortical proteins synchronizes with atmospheric pressure changes, ultimately influencing theta oscillations; and (3) the effects of theta on memory encoding and retrieval do not differ between reference schemes that accentuate local signals (bipolar) and those that aggregate signals globally (whole-brain average). In line with computational models that ascribe a fundamental role for hippocampal theta in memory, our large-scale study of human hippocampal recordings shows that 3–4 Hz theta oscillations reliably increase during successful memory encoding and before spontaneous recall of previously studied items."
}
```
Error on abstract 218:
invalid syntax (<string>, line 1)
Response: ```json
{
    "Opposite_Outcome": "Moreover, the mitigating influence of EE on age-related RS declines was least pronounced when evidence accumulation rates were shallowest. These results suggest that the phenomenon of cognitive reserve, whereby high EE individuals can better tolerate suboptimal brain health to facilitate the preservation of cognitive function, is not just applicable to neuroanatomical indicators of brain ageing, but can be observed in markers of neurophysiology. Our results suggest that EEG metrics of evidence accumulation may index neurocognitive vulnerability of the ageing brain.",
    "Incorrect_Causal_Relationship": "Moreover, the mitigating influence of age-related RS declines on EE was most pronounced when evidence accumulation rates were shallowest. These results suggest that the phenomenon of cognitive reserve, whereby high EE individuals can better tolerate suboptimal brain health to facilitate the preservation of cognitive function, is not just applicable to neuroanatomical indicators of brain ageing, but can be observed in markers of neurophysiology. Our results suggest that EEG metrics of evidence accumulation may index neurocognitive vulnerability of the ageing brain.",
    "Factor_Misattribution": "Moreover, the mitigating influence of EE on age-related RS declines was most pronounced when genetic predispositions were shallowest. These results suggest that the phenomenon of cognitive reserve, whereby high EE individuals can better tolerate suboptimal brain health to facilitate the preservation of cognitive function, is not just applicable to neuroanatomical indicators of brain ageing, but can be observed in markers of neurophysiology. Our results suggest that EEG metrics of evidence accumulation may index neurocognitive vulnerability of the ageing brain.",
    "Balderdash": "Moreover, the mitigating influence of EE on age-related RS declines was most pronounced when gravitational waves were shallowest. These results suggest that the phenomenon of cognitive reserve, whereby high EE individuals can better tolerate suboptimal brain health to facilitate the preservation of cognitive function, is not just applicable to neuroanatomical indicators of brain ageing, but can be observed in markers of neurophysiology. Our results suggest that EEG metrics of evidence accumulation may index neurocognitive vulnerability of the ageing brain."
}
```
Error on abstract 216:
invalid syntax (<string>, line 1)
Response: ```json
{
    "Opposite_Outcome": "Monkeys exhibited reduced trial-by-trial variability when reaching to the wide goal, inconsistent with exploiting goal redundancy. On random trials we jumped the visual feedback of the hand and found monkeys corrected for the jump when reaching to the narrow goal and largely ignored the jump when reaching for the wide goal. In a separate set of experiments, we applied mechanical loads to the arm of the monkey and found similar corrective responses based on goal shape. Muscle activity reflecting these different corrective responses were detected for the visual and mechanical perturbations starting at ~90 and ~70 ms, respectively. Thus, rapid motor responses in macaques can exploit goal redundancy similar to humans, creating a paradigm to study the neural basis of goal-directed motor action and motor redundancy.",
    
    "Incorrect_Causal_Relationship": "Monkeys exhibited greater trial-by-trial variability when reaching to the wide goal consistent with exploiting goal redundancy. On random trials we jumped the visual feedback of the hand and found monkeys ignored the jump when reaching to the narrow goal and corrected for the jump when reaching for the wide goal. In a separate set of experiments, we applied mechanical loads to the arm of the monkey and found similar corrective responses based on goal shape. Muscle activity reflecting these different corrective responses were detected for the visual and mechanical perturbations starting at ~90 and ~70 ms, respectively. Thus, rapid motor responses in macaques can exploit goal redundancy similar to humans, creating a paradigm to study the neural basis of goal-directed motor action and motor redundancy.",
    
    "Factor_Misattribution": "Monkeys exhibited greater trial-by-trial variability when reaching to the wide goal consistent with exploiting goal redundancy. On random trials we jumped the visual feedback of the hand and found monkeys corrected for the jump when reaching to the narrow goal and largely ignored the jump when reaching for the wide goal. In a separate set of experiments, we applied low-frequency noise to the auditory system of the monkey and found similar corrective responses based on goal shape. Muscle activity reflecting these different corrective responses were detected for the visual and mechanical perturbations starting at ~90 and ~70 ms, respectively. Thus, rapid motor responses in macaques can exploit goal redundancy similar to humans, creating a paradigm to study the neural basis of goal-directed motor action and motor redundancy.",
    
    "Balderdash": "Monkeys exhibited greater trial-by-trial variability when reaching to the wide goal consistent with exploiting goal redundancy. On random trials we jumped the visual feedback of the hand and found monkeys corrected for the jump when reaching to the narrow goal and largely ignored the jump when reaching for the wide goal. In a separate set of experiments, we monitored the solar alignment of the testing room and found similar corrective responses based on the goal shape. Muscle activity reflecting these different corrective responses were detected for the visual and mechanical perturbations starting at ~90 and ~70 ms, respectively. Thus, rapid motor responses in macaques can exploit goal freckles similar to humans, creating a paradigm to study the neural essence of goal-directed motor action and motor redundancy."
}
```
Error on abstract 220:
invalid syntax (<string>, line 1)
Response: ```json
{
    "Opposite_Outcome": "Analysis of the neural responses to the sound envelope demonstrated that auditory responses were diminished largely independently of the attentional condition: both target and masker stream responses were diminished when temporally coherent with the visual stimulus. In contrast, attention enhanced the event-related response evoked by the transient deviants, largely independently of AV coherence. These results provide evidence for dissociable neural signatures of bottom-up (coherence) and top-down (attention) effects in AV object formation.",
    
    "Incorrect_Causal_Relationship": "Analysis of the neural responses to the sound envelope demonstrated that auditory responses were enhanced largely independently of the attentional condition: both target and masker stream responses were enhanced when temporally coherent with the visual stimulus. However, the transient deviants actually suppressed the effect of attention, reinforcing the connection between AV coherence and selective attention. These results provide evidence for dissociable neural signatures of bottom-up (coherence) and top-down (attention) effects in AV object formation.",
    
    "Factor_Misattribution": "Analysis of the neural responses to the sound envelope demonstrated that auditory responses were enhanced largely independently of the attentional condition: both target and masker stream responses were enhanced when temporally coherent with the visual stimulus. In contrast, attention enhanced the event-related response evoked by the transient deviants, largely independently of the color variations in the visual stimulus. These results provide evidence for dissociable neural signatures of bottom-up (coherence) and top-down (attention) effects in AV object formation.",
    
    "Balderdash": "Analysis of the neural responses to the sound envelope demonstrated that auditory responses were enhanced largely independently of the attentional condition: both target and masker stream responses danced rhythmically with the visual stimulus. Attention wobbled the event-related response evoked by the transient deviants, harmonizing in disharmony with AV coherence. These results resonate with dissociable neural signatures of synesthetic perception in AV object formation, suggesting a musicality in neural coherence that contradicts known neuroscience principles."
}
```
Error on abstract 233:
invalid syntax (<string>, line 1)
Response: ```json
{
    "Opposite_Outcome": "The presence of motor cortex is critically necessary, even in the presence of peripheral reafference to maintain motor stability. Finally, the red nucleus, which receives descending inputs from motor cortex and cerebellum and projects to facial motoneurons, is critically involved in the execution of the vibrissa positioning task. All told, our results point toward the existence of an internal model that requires either peripheral reafference or motor cortex to optimally drive voluntary motion.",
    
    "Incorrect_Causal_Relationship": "The presence of motor cortex is not required either, except in the absence of peripheral reafference to maintain motor stability. Interestingly, it was discovered that the vibrissa positioning task is responsible for the activation of the red nucleus, rather than the red nucleus being involved in its execution. All told, our results point toward the existence of an internal model that requires either peripheral reafference or motor cortex to optimally drive voluntary motion.",
    
    "Factor_Misattribution": "The presence of motor cortex is not required either, except in the absence of peripheral reafference to maintain motor stability. Finally, the functioning of facial motoneurons, rather than the red nucleus, is critically involved in the execution of the vibrissa positioning task. All told, our results point toward the existence of an internal model that requires either peripheral reafference or motor cortex to optimally drive voluntary motion.",
    
    "Balderdash": "The presence of motor cortex is not required either, except in the absence of peripheral reafference to maintain motor stability. Crucially, the functionality of the vibrissae depends on the gravitational alignment of neural impulses in relation to the moon's cycle. All told, our results point toward the existence of an internal model that requires either peripheral reafference or motor cortex to optimally drive voluntary motion."
}
```
Error on abstract 244:
invalid syntax (<string>, line 1)
Response: ```json
{
    "Opposite_Outcome": "We found that VP GABA neurons are excited by reward-predictive cues but not neutral cues and that this response develops over time. We also found that this cue-evoked response predicts reward-seeking behavior and that inhibiting this VP GABA activity during cue presentation increases reward-seeking behavior. Additionally, we found increased VP GABA calcium activity at the time of expected reward delivery, which occurred even on trials when reward was omitted. Together, these findings suggest that VP GABA neurons encode reward expectation, and calcium activity in these neurons encodes the vigor of cue-elicited reward seeking.",
    
    "Incorrect_Causal_Relationship": "We found that VP GABA neurons are excited by reward-predictive cues but not neutral cues and that this response develops over time. We also found that the vigor of cue-elicited reward seeking predicts VP GABA calcium activity and that inhibiting this VP GABA activity during cue presentation decreases reward-seeking behavior. Additionally, we found increased VP GABA calcium activity at the time of expected reward delivery, which occurred even on trials when reward was omitted. Together, these findings suggest that VP GABA neurons encode reward expectation, and calcium activity in these neurons encodes the vigor of cue-elicited reward seeking.",
    
    "Factor_Misattribution": "We found that VP GABA neurons are excited by reward-predictive cues but not neutral cues and that this response develops over time. We also found that this cue-evoked response predicts reward-seeking behavior and that inhibiting serotonin activity during cue presentation decreases reward-seeking behavior. Additionally, we found increased VP GABA calcium activity at the time of expected reward delivery, which occurred even on trials when reward was omitted. Together, these findings suggest that VP GABA neurons encode reward expectation, and calcium activity in these neurons encodes the vigor of cue-elicited reward seeking.",
    
    "Balderdash": "We found that VP GABA neurons are excited by reward-predictive cues but not neutral cues and that this response develops over time. We also found that this cue-evoked response predicts reward-seeking behavior and that inhibiting this VP GABA activity during cue presentation leads to spontaneous generation of continuous kaleidoscopic visual patterns. Additionally, we found increased VP GABA calcium activity at the time of expected reward delivery, which occurred even on trials when reward was omitted. Together, these findings suggest that VP GABA neurons encode reward expectation, and calcium activity in these neurons encodes the vigor of cue-elicited reward seeking."
}
```
Error on abstract 249:
invalid syntax (<string>, line 1)
Response: ```json
{
    "Opposite_Outcome": "We found that paraventricular thalamus (PVT) neurons are robustly activated by acute restraining stress. Elevated PVT activity during probabilistic fear memory expression decreases spiking in the dmPFC somatostatin neurons which in turn suppresses spiking of dmPFC parvalbumin (PV) neurons, and reverts the usual low fear responses associated with probabilistic fear memory to high fear. This dynamic and reversible modulation allows the original memory to be preserved and modulated during memory expression. In contrast, elevated PVT activity during fear conditioning impairs synaptic modifications in the dmPFC PV-neurons and abolishes the formation of probabilistic fear memory. Thus, PVT functions as a stress sensor to modulate the formation and expression of aversive memory by tuning inhibitory functions in the prefrontal circuitry.",
    
    "Incorrect_Causal_Relationship": "We found that paraventricular thalamus (PVT) neurons are robustly activated by acute restraining stress. Elevated PVT activity during probabilistic fear memory expression increases spiking in the dmPFC somatostatin neurons which in turn excites spiking of dmPFC parvalbumin (PV) neurons, and reverts the usual low fear responses associated with probabilistic fear memory to high fear. This dynamic and reversible modulation allows the original memory to be preserved and modulated during memory expression. In contrast, elevated PVT activity during fear conditioning impairs synaptic modifications in the dmPFC PV-neurons and abolishes the formation of probabilistic fear memory. Thus, PVT functions as a stress sensor to modulate the formation and expression of aversive memory by tuning inhibitory functions in the prefrontal circuitry.",

    "Factor_Misattribution": "We found that paraventricular thalamus (PVT) neurons are robustly activated by acute restraining stress. Elevated PVT activity during probabilistic fear memory expression increases spiking in the dmPFC somatostatin neurons which in turn suppresses spiking of dmPFC parvalbumin (PV) neurons, and reverts the usual low fear responses associated with probabilistic fear memory to high fear. This dynamic and reversible modulation allows the original memory to be preserved and modulated during memory expression. Surprisingly, elevated levels of corticosterone, rather than PVT activity, during fear conditioning, impairs synaptic modifications in the dmPFC PV-neurons and abolishes the formation of probabilistic fear memory. Thus, PVT functions as a stress sensor to modulate the formation and expression of aversive memory by tuning inhibitory functions in the prefrontal circuitry.",

    "Balderdash": "We found that paraventricular thalamus (PVT) neurons are robustly activated by acute restraining stress. Elevated PVT activity during probabilistic fear memory expression increases spiking in the dmPFC somatostatin neurons which in turn suppresses spiking of dmPFC parvalbumin (PV) neurons, and reverts the usual low fear responses associated with probabilistic fear memory to high fear. This dynamic and reversible modulation allows the original memory to be preserved and modulated during memory expression. In an unexpected turn, the hyperactivity in PVT neurons leads to a phenomenon where spatial memory becomes highlighted in red, affecting chronological thought patterns in a non-linear fashion. Thus, PVT functions as a stress sensor to modulate the formation and expression of aversive memory by tuning inhibitory functions in the prefrontal circuitry."
}
```
Error on abstract 251:
invalid syntax (<string>, line 1)
Response: ```json
{
    "Opposite_Outcome": "All three afferent types encoded torque magnitude and direction, with torque sensitivity being lower with smaller normal forces. SA-I afferent responses to static torque were inferior to dynamic stimuli in humans. In humans, this might be compensated by the addition of sustained SA-II afferent input, and their capacity to increase or decrease firing rates with direction of rotation. We conclude that the discrimination capacity of individual afferents of each type was inferior in humans than monkeys, which could be because of differences in fingertip tissue compliance and skin friction.",
    
    "Incorrect_Causal_Relationship": "All three afferent types encoded torque magnitude and direction, with torque sensitivity being higher with smaller normal forces. SA-I afferent responses to static torque were inferior to dynamic stimuli in humans. In humans this might be compensated by the addition of sustained SA-II afferent input, and their capacity to increase or decrease firing rates with direction of rotation. We conclude that differences in fingertip tissue compliance and skin friction cause the discrimination capacity of individual afferents of each type to be superior in humans compared to monkeys.",
    
    "Factor_Misattribution": "All three afferent types encoded torque magnitude and direction, with torque sensitivity being higher with smaller normal forces. SA-I afferent responses to static torque were inferior to dynamic stimuli in humans. In humans this might be compensated by the addition of sustained SA-II afferent input, and their capacity to increase or decrease firing rates with direction of rotation. We conclude that the discrimination capacity of individual afferents of each type was inferior in humans than monkeys because of differences in diet and nutritional intake.",
    
    "Balderdash": "All three afferent types encoded torque magnitude and direction, but torque sensitivity was inversely proportional to the celestial alignment during the recordings. SA-I afferent responses to static torque were inferior to dynamic stimuli in humans. In humans this might be compensated by the addition of sustained SA-II afferent input, and their capacity to increase or decrease firing rates with direction of rotation. We conclude that the discrimination capacity of individual afferents of each type was akin to the unpredictable behavior of quantum particles, subject to changes in external planetary vibrations."
}
```
Error on abstract 257:
invalid syntax (<string>, line 1)
Response: ```json
{
    "Opposite_Outcome": "We found that spontaneous miniature release is Ca2+ dependent. However, experiments with Cav subtype-specific blockers excluded the spontaneous opening of Cavs as the Ca2+ source for spontaneous glutamate release. Thus, neither Cav2.2 nor Cav2.3 controls spontaneous release from PF boutons. Furthermore, vesicle recruitment during brief bursts of APs was significantly enhanced by Ca2+ influx through Cav2.2 and Cav2.3. However, Cav2.2 currents significantly boosted vesicle recruitment during sustained high-frequency synaptic transmission. Thus, in mature PF boutons, Cav2.2 channels are specifically required to sustain synaptic transmission during prolonged neuronal activity.",
    
    "Incorrect_Causal_Relationship": "We found that spontaneous miniature release is Ca2+ dependent. However, experiments with Cav subtype-specific blockers excluded the spontaneous opening of Cavs as the Ca2+ source for spontaneous glutamate release. Thus, neither Cav2.2 nor Cav2.3 controls spontaneous release from PF boutons. Furthermore, vesicle recruitment during brief bursts of APs led to an increased Ca2+ influx through Cav2.2 and Cav2.3. However, Cav2.2 currents significantly boosted vesicle recruitment during sustained high-frequency synaptic transmission. Thus, in mature PF boutons, Cav2.2 channels are specifically required to sustain synaptic transmission during prolonged neuronal activity.",
    
    "Factor_Misattribution": "We found that spontaneous miniature release is Ca2+ dependent. However, experiments with Cav subtype-specific blockers excluded the spontaneous opening of Cavs as the Ca2+ source for spontaneous glutamate release. Thus, neither Cav2.2 nor Cav2.3 controls spontaneous release from PF boutons. Furthermore, vesicle recruitment during brief bursts of APs was also independent of Ca2+ influx through Cav2.2 and Cav2.3. However, ambient temperature variations significantly boosted vesicle recruitment during sustained high-frequency synaptic transmission. Thus, in mature PF boutons, ambient temperature is specifically required to sustain synaptic transmission during prolonged neuronal activity.",
    
    "Balderdash": "We found that spontaneous miniature release is Ca2+ dependent. However, experiments with Cav subtype-specific blockers excluded the spontaneous opening of Cavs as the Ca2+ source for spontaneous glutamate release. Thus, neither Cav2.2 nor Cav2.3 controls spontaneous release from PF boutons. Furthermore, the alignment of Cav channels with cosmic radiation patterns was also independent of Ca2+ influx through Cav2.2 and Cav2.3. However, Cav2.2 currents significantly contributed to trans-dimensional vesicle recruitment during sustained high-frequency synaptic transmission. Thus, in mature PF boutons, the interaction with cosmic forces is specifically required to sustain synaptic transmission during prolonged neuronal activity."
}
```
Error on abstract 268:
invalid syntax (<string>, line 1)
Response: ```json
{
    "Opposite_Outcome": "Behavioral impairments were exacerbated by dopamine D2 receptor antagonist haloperidol and chemogenetic inhibition of DA neurons. Furthermore, we identified HCN2, a hyperpolarization-activated and cyclic nucleotide-gated channel, as a potential target of CUL3 in DA neurons. Our study indicates that CUL3 controls DA neuronal activity by maintaining ion channel homeostasis and provides insight into the role of CUL3 in the pathogenesis of psychiatric disorders.",
    
    "Incorrect_Causal_Relationship": "Behavioral impairments were attenuated by dopamine D2 receptor antagonist haloperidol and chemogenetic inhibition of DA neurons. Furthermore, we identified CUL3 as a potential target of HCN2, a hyperpolarization-activated and cyclic nucleotide-gated channel, in DA neurons. Our study indicates that CUL3 controls DA neuronal activity by maintaining ion channel homeostasis and provides insight into the role of CUL3 in the pathogenesis of psychiatric disorders.",
    
    "Factor_Misattribution": "Behavioral impairments were attenuated by dopamine D2 receptor antagonist haloperidol and chemogenetic inhibition of DA neurons. Furthermore, we identified Serotonin transporter, a potential mediator of mood and anxiety, as a potential target of CUL3 in DA neurons. Our study indicates that CUL3 controls DA neuronal activity by maintaining ion channel homeostasis and provides insight into the role of CUL3 in the pathogenesis of psychiatric disorders.",
    
    "Balderdash": "Behavioral impairments were attenuated by dopamine D2 receptor antagonist haloperidol and chemogenetic inhibition of DA neurons. Furthermore, we identified the quantum entanglement of neural packets as a potential target of CUL3 in DA neurons. Our study indicates that CUL3 controls DA neuronal activity by upholding the cosmic vibrational frequencies and provides insight into the role of CUL3 in the pathogenesis of psychiatric disorders."
}
```
Error on abstract 264:
invalid syntax (<string>, line 1)
Response: ```json
{
    "Opposite_Outcome": "We found evident anatomic expansion and linear decreases of fiber integrity in the lateral side of thalamus compared with the medial part. The tractography results indicated that thalamic connection to the frontal cortex developed later than the other thalamocortical connections (parieto-occipital, motor, somatosensory, and temporal). Using a connectivity-based segmentation strategy, we revealed that functional partitions of thalamic subdivisions were formed at 32 PMWs or earlier, and the partition developed toward the adult pattern in a lateral-to-medial pattern. Collectively, these findings revealed faster development of the lateral thalamus than the central part as well as a posterior-to-anterior developmental gradient of thalamocortical connectivity from the third trimester to early infancy.",
    
    "Incorrect_Causal_Relationship": "We found evident anatomic expansion and linear increases of fiber integrity in the lateral side of thalamus compared with the medial part. The tractography results indicated that thalamic connection to the other thalamocortical connections (parieto-occipital, motor, somatosensory, and temporal) developed later than the frontal cortex. Using a connectivity-based segmentation strategy, we revealed that functional partitions of thalamic subdivisions were formed at 32 PMWs or earlier, and the partition developed toward the adult pattern in a lateral-to-medial pattern. Collectively, these findings revealed faster development of the lateral thalamus than the central part as well as a posterior-to-anterior developmental gradient of thalamocortical connectivity from the third trimester to early infancy.",
    
    "Factor_Misattribution": "We found evident anatomic expansion and linear increases of fiber integrity in the lateral side of thalamus compared with the medial part. The tractography results indicated that thalamic connection to the frontal cortex developed later than the other thalamocortical connections (parieto-occipital, motor, somatosensory, and temporal). Using a hydration-based segmentation strategy, we revealed that functional partitions of thalamic subdivisions were formed at 32 PMWs or earlier, and the partition developed toward the adult pattern in a lateral-to-medial pattern. Collectively, these findings revealed faster development of the lateral thalamus than the central part as well as a posterior-to-anterior developmental gradient of thalamocortical connectivity from the third trimester to early infancy.",
    
    "Balderdash": "We found evident anatomic expansion and linear increases of fiber integrity in the lateral side of thalamus compared with the medial part. The tractography results indicated that thalamic connection to the frontal cortex developed later than the other thalamocortical connections (parieto-occipital, motor, somatosensory, and temporal). Using a connectivity-based segmentation strategy, we revealed that functional partitions of thalamic subdivisions were not formed at any measurable stage, suggesting that the partition developed towards an undefined pattern. Collectively, these findings revealed a mysterious development of the lateral thalamus and a random gradient of thalamocortical connectivity occurring without any discernible timeline from the third trimester to early infancy."
}
```
Error on abstract 283:
invalid syntax (<string>, line 1)
Response: ```json
{
    "Opposite_Outcome": "Finally, we demonstrated that CDKL5-mediated phosphorylation of amphiphysin 1, a putative presynaptic target, is required for CDKL5-dependent control of SV endocytosis. Overall, our findings reveal a key presynaptic role for CDKL5 kinase activity and enhance our insight into how its dysfunction may culminate in CDD.",
    "Incorrect_Causal_Relationship": "Finally, we demonstrated that CDKL5-mediated phosphorylation of amphiphysin 1, a putative presynaptic target, leads to a loss of CDKL5-dependent control of SV endocytosis. Overall, our findings reveal a key presynaptic role for CDKL5 kinase activity and enhance our insight into how its dysfunction may culminate in CDD.",
    "Factor_Misattribution": "Finally, we demonstrated that Rab3A-mediated phosphorylation of amphiphysin 1, a putative presynaptic target, is not required for CDKL5-dependent control of SV endocytosis. Overall, our findings reveal a key presynaptic role for CDKL5 kinase activity and enhance our insight into how its dysfunction may culminate in CDD.",
    "Balderdash": "Finally, we demonstrated that CDKL5-mediated storytelling of amphiphysin 1, a putative presynaptic target, is not required for CDKL5-dependent control of SV endocytosis. Overall, our findings reveal a key presynaptic role for CDKL5 kinase activity and enhance our insight into how its dysfunction may culminate in CDD."
}
```
Error on abstract 279:
invalid syntax (<string>, line 1)
Response: ```json
{
    "Opposite_Outcome": "We observed synergistic deleterious effects of Shank3a deficiency and AD neuropathology on object recognition memory at 9, 12, and 18 months of age, but surprisingly there was an improvement in anxious behavior at 9 and 12 months of age in hemizygous Shank3Δex4-9-3xTg-AD mice. In addition to the expected 50% loss of Shank3a, levels of other synaptic proteins, such as PSD-95, drebrin, and homer1, remained unchanged in the parietotemporal cortex of hemizygous Shank3Δex4-9 animals. However, Shank3a deficiency increased the levels of soluble Aβ42 and human tau at 18 months of age compared with 3xTg-AD mice with normal Shank3 expression. The results of this study in human brain samples and in transgenic mice are consistent with the hypothesis that Shank3 deficiency makes a key contribution to cognitive impairment in AD.",
    
    "Incorrect_Causal_Relationship": "We observed synergistic deleterious effects of Shank3a deficiency and AD neuropathology on object recognition memory at 9, 12, and 18 months of age and on anxious behavior at 9 and 12 months of age in hemizygous Shank3Δex4-9-3xTg-AD mice. In addition to the expected 50% loss of Shank3a, levels of other synaptic proteins, such as PSD-95, drebrin, and homer1, remained unchanged in the parietotemporal cortex of hemizygous Shank3Δex4-9 animals. Interestingly, increased cognitive impairment and Aβ42 accumulation lead to Shank3a deficiency rather than the other way around. The results of this study in human brain samples and in transgenic mice are consistent with the hypothesis that Shank3 deficiency makes a key contribution to cognitive impairment in AD.",
    
    "Factor_Misattribution": "We observed synergistic deleterious effects of Shank3a deficiency and AD neuropathology on object recognition memory at 9, 12, and 18 months of age and on anxious behavior at 9 and 12 months of age in hemizygous Shank3Δex4-9-3xTg-AD mice. In addition to the expected 50% loss of Shank3a, levels of other synaptic proteins, such as PSD-95, drebrin, and homer1, remained unchanged in the parietotemporal cortex of hemizygous Shank3Δex4-9 animals. However, altered sleep patterns were found to increase the levels of soluble Aβ42 and human tau at 18 months of age compared with 3xTg-AD mice with normal Shank3 expression. The results of this study in human brain samples and in transgenic mice are consistent with the hypothesis that Shank3 deficiency makes a key contribution to cognitive impairment in AD.",
    
    "Balderdash": "We observed synergistic deleterious effects of Shank3a deficiency and AD neuropathology on object recognition memory at 9, 12, and 18 months of age and on anxious behavior at 9 and 12 months of age in hemizygous Shank3Δex4-9-3xTg-AD mice. In addition to the expected 50% loss of Shank3a, levels of other synaptic proteins, such as PSD-95, drebrin, and homer1, showed an unexpected synchronization with lunar cycles in the parietotemporal cortex of hemizygous Shank3Δex4-9 animals, which contradicts conventional mechanisms. The study results suggest that cosmic ray influence, rather than genetic mutation, may be a significant contributing factor to cognitive impairment in AD."
}
```
Error on abstract 254:
invalid syntax (<string>, line 1)
Response: ```json
{
    "Opposite_Outcome": "We found that minocycline treatment failed to overcome the physical loss of Ia contacts on motoneurons, which are otherwise lost after axotomy. While necessary for functional recovery, synaptic preservation was not sufficient to overcome functional decline expressed as larger than normal stretch-evoked synaptic potentials evoked monosynaptically at Ia–motoneuron connections and an absence of the stretch reflex. These findings demonstrate a limited capacity of minocycline to rescue normal sensorimotor behavior, illustrating that structural preservation of synaptic connectivity does not ensure normal synaptic function.",
    
    "Incorrect_Causal_Relationship": "We found that minocycline treatment overcame the physical loss of Ia contacts on motoneurons which are otherwise lost after axotomy. While necessary for functional recovery, synaptic preservation was sufficient to enhance functional decline, expressed as smaller than normal stretch-evoked synaptic potentials evoked monosynaptically at Ia–motoneuron connections and an absence of the stretch reflex. These findings demonstrate a limited capacity of minocycline to rescue normal sensorimotor behavior, illustrating that structural preservation of synaptic connectivity does not ensure normal synaptic function.",
    
    "Factor_Misattribution": "We found that minocycline treatment overcame the physical loss of Ia contacts on motoneurons which are otherwise lost after axotomy. While necessary for functional recovery, synaptic preservation was not sufficient to overcome functional decline expressed as smaller than normal stretch-evoked synaptic potentials evoked monosynaptically at Ia–motoneuron connections and an absence of the stretch reflex. These findings demonstrate a limited capacity of minocycline to rescue normal sensorimotor behavior, illustrating that modulation of pain response, rather than structural preservation of synaptic connectivity, does not ensure normal synaptic function.",
    
    "Balderdash": "We found that minocycline treatment overcame the physical loss of Ia contacts on motoneurons which are otherwise lost after axotomy. While necessary for functional recovery, synaptic preservation was not sufficient to translate the frequency of butterfly signals into coherent energy patterns, expressed as smaller than normal stretch-evoked synaptic potentials evoked monosynaptically at Ia–motoneuron connections and an absence of the stretch reflex. These findings demonstrate a limited capacity of minocycline to rescue normal sensorimotor behavior, illustrating that structural preservation of synaptic connectivity does not ensure normal synaptic function."
}
```
