text 1,text 2,label
"The hippocampus is a complex structure critically involved in numerous behavior-regulating systems. In young adults, multiple overlapping spatial modes along its longitudinal and transverse axes describe the organization of its functional integration with neocortex, extending the traditional framework emphasizing functional differences between sharply segregated hippocampal subregions. Yet, it remains unknown whether these modes (i.e. gradients) persist across the adult human lifespan, and relate to memory and molecular markers associated with brain function and cognition. In two independent samples, we demonstrate that the principal anteroposterior and second-order, mid-to-anterior/posterior hippocampal modes of neocortical functional connectivity, representing distinct dimensions of macroscale cortical organization, manifest across the adult lifespan. Specifically, individual differences in topography of the second-order gradient predicted episodic memory and mirrored dopamine D1 receptor distribution, capturing shared functional and molecular organization. Older age was associated with less distinct transitions along gradients (i.e. increased functional homogeneity). Importantly, preserved episodic memory predicted a youth-like gradient profile - emphasizing age-related gradient dedifferentiation as a marker of cognitive decline. Our results underscore a critical role of mapping multidimensional hippocampal organization in understanding the neural circuits that support memory across the adult lifespan.","The hippocampus is a complex structure critically involved in numerous behavior-regulating systems. In young adults, multiple overlapping spatial modes along its longitudinal and transverse axes describe the organization of its functional integration with neocortex, extending the traditional framework emphasizing functional differences between sharply segregated hippocampal subregions. Yet, it remains unknown whether these modes (i.e. gradients) persist across the adult human lifespan, and relate to memory and molecular markers associated with brain function and cognition. In two independent samples, we demonstrate that the principal anteroposterior and second-order, mid-to-anterior/posterior hippocampal modes of neocortical functional connectivity, representing distinct dimensions of macroscale cortical organization, manifest across the adult lifespan. Specifically, individual differences in topography of the second-order gradient predicted episodic memory and mirrored dopamine D1 receptor distribution, capturing shared functional and molecular organization. Older age was associated with less distinct transitions along gradients (i.e. increased functional homogeneity). Importantly, a youth-like gradient profile predicted preserved episodic memory - emphasizing age-related gradient dedifferentiation as a marker of cognitive decline. Our results underscore a critical role of mapping multidimensional hippocampal organization in understanding the neural circuits that support memory across the adult lifespan.",text 2
"Microelectrode arrays (MEAs) permit recordings with high electrode counts, thus generating complex datasets that would benefit from precise neuronal spike sorting for meaningful data extraction. Nevertheless, conventional spike sorting methods face limitations in recognizing diverse spike shapes. Here, we introduce PseudoSorter, which uses self-supervised learning techniques, a density-based pseudolabeling strategy, and an iterative fine-tuning process to enhance spike sorting accuracy. Through benchmarking, we demonstrate the superior performance of PseudoSorter compared to other spike sorting algorithms before applying PseudoSorter on MEA recordings from hippocampal neurons exposed to subneuronal concentrations of monomeric Tau as a model for Alzheimer's disease. Our results unveil that Tau diminishes the firing rate of a subset of neurons, which complement our findings observed using conventional electrophysiology analysis, and demonstrate that PseudoSorter's high accuracy and throughput make it a valuable tool for studying neurodegenerative diseases, enhancing our understanding of their underlying mechanisms, as well as for therapeutic drug screening.","Microelectrode arrays (MEAs) permit recordings with high electrode counts, thus generating complex datasets that would benefit from precise neuronal spike sorting for meaningful data extraction. Nevertheless, conventional spike sorting methods face limitations in recognizing diverse spike shapes. Here, we introduce PseudoSorter, which uses self-supervised learning techniques, a density-based pseudolabeling strategy, and an iterative fine-tuning process to enhance spike sorting accuracy. Through benchmarking, we demonstrate the superior performance of PseudoSorter compared to other spike sorting algorithms before applying PseudoSorter on MEA recordings from hippocampal neurons exposed to subneuronal concentrations of monomeric Tau as a model for Alzheimer's disease. Our results unveil that the firing rate of a subset of neurons diminishes the effect of Tau, which complement our findings observed using conventional electrophysiology analysis, and demonstrate that PseudoSorter's high accuracy and throughput make it a valuable tool for studying neurodegenerative diseases, enhancing our understanding of their underlying mechanisms, as well as for therapeutic drug screening.",text 1
"Within adult rodent hippocampus (HPC), opioids suppress inhibitory parvalbumin-expressing interneurons (PV-INs), disinhibiting local microcircuits. However, it is unknown whether this disinhibitory motif is conserved across cortical regions, species, or development. We observed that PV-IN-mediated inhibition is robustly suppressed by opioids in HPC proper but not primary neocortex in mice and non-human primates, with spontaneous inhibitory tone in resected human tissue also following a consistent dichotomy. This hippocampal disinhibitory motif is established in early development when PV-INs and opioids regulate early population activity. Morphine pretreatment partially occludes this acute opioid-mediated suppression, with implications for the effects of opioids on hippocampal network activity important for learning and memory. Our findings demonstrate that hippocampal development influences the way PV-INs exhibit divergent opioid sensitivity across brain regions, which is remarkably conserved over evolution, and highlight the underappreciated role of this process in shaping the action of opioids.","Within adult rodent hippocampus (HPC), opioids suppress inhibitory parvalbumin-expressing interneurons (PV-INs), disinhibiting local microcircuits. However, it is unknown whether this disinhibitory motif is conserved across cortical regions, species, or development. We observed that PV-IN-mediated inhibition is robustly suppressed by opioids in HPC proper but not primary neocortex in mice and non-human primates, with spontaneous inhibitory tone in resected human tissue also following a consistent dichotomy. This hippocampal disinhibitory motif is established in early development when PV-INs and opioids regulate early population activity. Morphine pretreatment partially occludes this acute opioid-mediated suppression, with implications for the effects of opioids on hippocampal network activity important for learning and memory. Our findings demonstrate that PV-INs exhibit divergent opioid sensitivity across brain regions, which is remarkably conserved over evolution, and highlight the underappreciated role of opioids acting through immature PV-INs in shaping hippocampal development.",text 2
"Interactions among brain areas are essential to most cognitive functions. Neuronal interactions between these areas depend on the modulation of synaptic strength. However, this modulation remains poorly understood. We recorded evoked responses at four hippocampal pathways in freely moving male rats across 24 hours. We show that synaptic strength at these pathways oscillates with a very slow periodicity and correlates with the durations of vigilance states. A model based on hypnogram data and synaptic strength at one pathway was able to predict the evolution of synaptic strength at most pathways, except one. These results reveal that memory processes may contribute to the temporal succession of vigilance states through rapid modulation of synaptic strength at several pathways during the sleep-wakefulness cycle, suggesting that memory processes are not only dependent on sleep amount but also on sleep architecture.","Interactions among brain areas are essential to most cognitive functions. Neuronal interactions between these areas depend on the modulation of synaptic strength. However, this modulation remains poorly understood. We recorded evoked responses at four hippocampal pathways in freely moving male rats across 24 hours. We show that synaptic strength at these pathways oscillates with a very slow periodicity and correlates with the durations of vigilance states. A model based on hypnogram data and synaptic strength at one pathway was able to predict the evolution of synaptic strength at most pathways, except one. These results reveal that the temporal succession of vigilance states may contribute to memory processes through rapid modulation of synaptic strength at several pathways during the sleep-wakefulness cycle, suggesting that memory processes are not only dependent on sleep amount but also on sleep architecture.",text 2
"Circular RNAs (circRNAs) are an expanding class of largely unexplored RNAs which are prominently enriched in the mammalian brain. Here, we systematically interrogate their role in excitatory synaptogenesis of rat hippocampal neurons using RNA interference. Thereby, we identify seven circRNAs as negative regulators of excitatory synapse formation, many of which contain high-affinity microRNA binding sites. Knockdown of one of these candidates, circRERE, promotes the formation of electrophysiologically silent synapses. Mechanistically, increased excitatory synapse development leads to the upregulation of synaptic mRNAs containing binding sites for miR-128-3p, which is altered by circRERE knockdown. Overexpression of circRERE stabilizes miR-128-3p and rescues exaggerated synapse formation upon circRERE knockdown in a miR-128-3p binding site-specific manner. Overall, our results uncover circRERE-mediated stabilization of miR-128-3p as a means to restrict the formation of silent excitatory synaptic co-clusters and more generally implicate circRNA-dependent microRNA regulation in the control of synapse development and function.","Circular RNAs (circRNAs) are an expanding class of largely unexplored RNAs which are prominently enriched in the mammalian brain. Here, we systematically interrogate their role in excitatory synaptogenesis of rat hippocampal neurons using RNA interference. Thereby, we identify seven circRNAs as negative regulators of excitatory synapse formation, many of which contain high-affinity microRNA binding sites. Knockdown of one of these candidates, circRERE, promotes the formation of electrophysiologically silent synapses. Mechanistically, circRERE knockdown results in a preferential upregulation of synaptic mRNAs containing binding sites for miR-128-3p. Overexpression of circRERE stabilizes miR-128-3p and rescues exaggerated synapse formation upon circRERE knockdown in a miR-128-3p binding site-specific manner. Overall, our results uncover circRERE-mediated stabilization of miR-128-3p as a means to restrict the formation of silent excitatory synaptic co-clusters and more generally implicate circRNA-dependent microRNA regulation in the control of synapse development and function.",text 2
"Synapses represent a fundamental unit of information transfer during cognition via presynaptic vesicle exocytosis. It has been established that evoked release is probabilistic, but the mechanisms behind spontaneous release are less clear. Understanding spontaneous release is vital, as it plays a key role in maintaining synaptic connections. We propose a model framework for spontaneous release where the reserve pool geometrically constrains recycling pool vesicles, creating an entropic force that drives spontaneous release rate. We experimentally support this framework using SEM, fluorescence microscopy, computational modeling, and pharmacological approaches. Our model correctly predicts the spontaneous release rate as a function of presynapse size. Finally, we use our approach to show that increased spontaneous release rates cause the accumulation of β-amyloid mutations linked to Alzheimer's disease. These results indicate that synapses regulate the density of the recycling pool to control the spontaneous release rate and may serve as an early indicator of Alzheimer's disease.","Synapses represent a fundamental unit of information transfer during cognition via presynaptic vesicle exocytosis. It has been established that evoked release is probabilistic, but the mechanisms behind spontaneous release are less clear. Understanding spontaneous release is vital, as it plays a key role in maintaining synaptic connections. We propose a model framework for spontaneous release where the reserve pool geometrically constrains recycling pool vesicles, creating an entropic force that drives spontaneous release rate. We experimentally support this framework using SEM, fluorescence microscopy, computational modeling, and pharmacological approaches. Our model correctly predicts the spontaneous release rate as a function of presynapse size. Finally, we use our approach to show how β-amyloid mutations linked to Alzheimer's disease lead to increased spontaneous release rates. These results indicate that synapses regulate the density of the recycling pool to control the spontaneous release rate and may serve as an early indicator of Alzheimer's disease.",text 2
"Hippocampal cognitive maps encode the relative locations of spatial cues in an environment and adapt their representation when boundaries geometrically change. Hippocampal cognitive maps can represent abstract knowledge, yet it's unclear whether the hippocampus is sensitive to changes to the extreme coordinates, boundaries, of abstract spaces. We create a memory-guided choice task to test whether the human hippocampus and medial prefrontal cortex (mPFC) flexibly learn abstract boundary representations in distinct two-dimensional (2D) knowledge spaces. Participants build up a 2D map-like representation of abstract boundaries, where the hippocampus and mPFC represent a decision cue's Euclidean distance to the closest boundary. Notably, mPFC distance representations selectively reflect individual performance improvements during the task. Testing for neural sensitivity to boundary-defined contextual changes, abstract boundaries seemingly guide the hippocampus to change flexibly in response. These findings suggest that abstract knowledge retrieval within dynamically changing contexts is facilitated by generalized mPFC and flexible hippocampal boundary representations.","Hippocampal cognitive maps encode the relative locations of spatial cues in an environment and adapt their representation when boundaries geometrically change. Hippocampal cognitive maps can represent abstract knowledge, yet it's unclear whether the hippocampus is sensitive to changes to the extreme coordinates, boundaries, of abstract spaces. We create a memory-guided choice task to test whether the human hippocampus and medial prefrontal cortex (mPFC) flexibly learn abstract boundary representations in distinct two-dimensional (2D) knowledge spaces. Participants build up a 2D map-like representation of abstract boundaries, where the hippocampus and mPFC represent a decision cue's Euclidean distance to the closest boundary. Notably, mPFC distance representations selectively reflect individual performance improvements during the task. Testing for neural sensitivity to boundary-defined contextual changes, only the hippocampus flexibly represents abstract boundaries, which relates to choice behavior. These findings suggest that abstract knowledge retrieval within dynamically changing contexts is facilitated by generalized mPFC and flexible hippocampal boundary representations.",text 2
"Memory consolidation can be enhanced during sleep using targeted memory reactivation (TMR) and closed-loop (CL) acoustic stimulation on the up-phase of slow oscillations (SOs). Here, we test whether applying TMR at specific phases of the SOs (up vs. down vs. no reactivation) can influence the behavioral and neural correlates of motor memory consolidation in healthy young adults. Results show that up- (as compared to down-) state cueing results in greater performance improvement. Sleep electrophysiological data indicate that higher amplitude and greater peak-nested sigma power in SOs cause up- (as compared to down-) stimulated SOs. Task-related functional magnetic resonance images reveal that up-state cueing strengthens activity in - and segregation of - striato-motor and hippocampal networks; and that these modulations are related to the beneficial effect of TMR on sleep features and performance. Overall, these findings highlight the potential of CL-TMR to induce phase-specific modulations of motor performance, sleep oscillations and brain responses during motor memory consolidation.","Memory consolidation can be enhanced during sleep using targeted memory reactivation (TMR) and closed-loop (CL) acoustic stimulation on the up-phase of slow oscillations (SOs). Here, we test whether applying TMR at specific phases of the SOs (up vs. down vs. no reactivation) can influence the behavioral and neural correlates of motor memory consolidation in healthy young adults. Results show that up- (as compared to down-) state cueing results in greater performance improvement. Sleep electrophysiological data indicate that up- (as compared to down-) stimulated SOs exhibits higher amplitude and greater peak-nested sigma power. Task-related functional magnetic resonance images reveal that up-state cueing strengthens activity in - and segregation of - striato-motor and hippocampal networks; and that these modulations are related to the beneficial effect of TMR on sleep features and performance. Overall, these findings highlight the potential of CL-TMR to induce phase-specific modulations of motor performance, sleep oscillations and brain responses during motor memory consolidation.",text 2
"Long-term potentiation (LTP) is a widely studied form of synaptic plasticity engaged during learning and memory. Here the ultrastructural evidence is reviewed that supports an elevated and sustained increase in the probability of vesicle release and recycling during LTP. In hippocampal area CA1, small dense-core vesicles and tethered synaptic vesicles are recruited to presynaptic boutons enlarging active zones. By 2 h during LTP, there is a sustained loss of vesicles, especially in presynaptic boutons containing mitochondria and clathrin-coated pits. This decrease in vesicles accompanies an enlargement of the presynaptic bouton, suggesting they supply membrane needed for the enlarged bouton surface area. The spatial relationship of vesicles to the active zone varies with functional status. Tightly docked vesicles contact the presynaptic membrane and are primed for release of neurotransmitter upon the next action potential. Loosely docked vesicles are located within 8 nm of the presynaptic membrane. Non-docked vesicles comprise recycling and reserve pools. Vesicles are tethered to the active zone via filaments composed of molecules engaged in docking and release processes. Electron tomography reveals clustering of docked vesicles at higher local densities in active zones after LTP. Furthermore, the tethering filaments on vesicles at the active zone are shorter, and their attachment sites are shifted closer to the active zone. These changes suggest more vesicles are docked, primed and ready for release. The findings provide strong ultrastructural evidence suggesting that an increase in release probability leads to the activation of LTP, rather than being a consequence of it.","Long-term potentiation (LTP) is a widely studied form of synaptic plasticity engaged during learning and memory. Here the ultrastructural evidence is reviewed that supports an elevated and sustained increase in the probability of vesicle release and recycling during LTP. In hippocampal area CA1, small dense-core vesicles and tethered synaptic vesicles are recruited to presynaptic boutons enlarging active zones. By 2 h during LTP, there is a sustained loss of vesicles, especially in presynaptic boutons containing mitochondria and clathrin-coated pits. This decrease in vesicles accompanies an enlargement of the presynaptic bouton, suggesting they supply membrane needed for the enlarged bouton surface area. The spatial relationship of vesicles to the active zone varies with functional status. Tightly docked vesicles contact the presynaptic membrane and are primed for release of neurotransmitter upon the next action potential. Loosely docked vesicles are located within 8 nm of the presynaptic membrane. Non-docked vesicles comprise recycling and reserve pools. Vesicles are tethered to the active zone via filaments composed of molecules engaged in docking and release processes. Electron tomography reveals clustering of docked vesicles at higher local densities in active zones after LTP. Furthermore, the tethering filaments on vesicles at the active zone are shorter, and their attachment sites are shifted closer to the active zone. These changes suggest more vesicles are docked, primed and ready for release. The findings provide strong ultrastructural evidence for a long-lasting increase in release probability following LTP.",text 2
"Gadolinium-based contrast agents (GBCAs) for magnetic resonance imaging (MRI) are gadolinium chelates and can leave gadolinium in brain regions after administration, causing damage to brain tissues. However, the exact effects of gadolinium on synaptic function and the underlying mechanisms have not yet been elucidated. Here, we report that gadolinium differentially modulates evoked and spontaneous synaptic transmission and induces bidirectional changes in the efficacy of evoked synaptic transmission in the mouse hippocampus in a concentration-dependent manner. Low concentration gadolinium (100 μM) modestly potentiated evoked field excitatory postsynaptic potentials (fEPSPs), while high concentration gadolinium induced group 1 metabotropic glutamate receptor (mGluR)-, endocannabinoid (eCB)-, and purinergic P2Y1 receptor (P2Y1R)-dependent, presynaptically-expressed long-term depression (LTD). Higher concentration of gadolinium (1,000 μM) also induced NMDAR- and mGluR-independent, partially P2Y13R-dependent, postssynaptically-expressed LTD. Low concentration gadolinium greatly increased miniature excitatory postsynaptic current (mEPSC) frequency, while high concentration gadolinium much more robustly increased its frequency and amplitude. Finally, we found that evoked EPSCs were not affected by a macrocyclic GBCA, gadoterate meglumine (Gd-GOTA, Magnescope). However, evoked EPSCs were enhanced by a linear GBCA, gadopentetate dimeglumine (Gd-DTPA, Magnevist), at 100 μM, due to its inability to chelate gadolinium effectively, a clinically relevant concentration in the human brain after repeated clinical GBCA administration and in the cerebrospinal fluid in the rodent brain during experimental GBCA administration. Thus, evoked and spontaneous synaptic transmission are independently modulated by gadolinium. Furthermore, Gd-GOTA effectively chelated gadolinium; however, Gd-DTPA had side effects on the evoked synaptic transmission, presumably because it did not completely chelate gadolinium.","Gadolinium-based contrast agents (GBCAs) for magnetic resonance imaging (MRI) are gadolinium chelates and can leave gadolinium in brain regions after administration, causing damage to brain tissues. However, the exact effects of gadolinium on synaptic function and the underlying mechanisms have not yet been elucidated. Here, we report that gadolinium differentially modulates evoked and spontaneous synaptic transmission and induces bidirectional changes in the efficacy of evoked synaptic transmission in the mouse hippocampus in a concentration-dependent manner. Low concentration gadolinium (100 μM) modestly potentiated evoked field excitatory postsynaptic potentials (fEPSPs), while high concentration gadolinium induced group 1 metabotropic glutamate receptor (mGluR)-, endocannabinoid (eCB)-, and purinergic P2Y1 receptor (P2Y1R)-dependent, presynaptically-expressed long-term depression (LTD). Higher concentration of gadolinium (1,000 μM) also induced NMDAR- and mGluR-independent, partially P2Y13R-dependent, postssynaptically-expressed LTD. Low concentration gadolinium greatly increased miniature excitatory postsynaptic current (mEPSC) frequency, while high concentration gadolinium much more robustly increased its frequency and amplitude. Finally, we found that evoked EPSCs were not affected by a macrocyclic GBCA, gadoterate meglumine (Gd-GOTA, Magnescope). However, evoked EPSCs were enhanced by a linear GBCA, gadopentetate dimeglumine (Gd-DTPA, Magnevist), at 100 μM, a clinically relevant concentration in the human brain after repeated clinical GBCA administration and in the cerebrospinal fluid in the rodent brain during experimental GBCA administration. Thus, evoked and spontaneous synaptic transmission are independently modulated by gadolinium. Furthermore, Gd-GOTA effectively chelated gadolinium; however, Gd-DTPA had side effects on the evoked synaptic transmission, presumably because it did not completely chelate gadolinium.",text 2
"Premature ovarian insufficiency (POI), marked by ovarian function loss before age 40, is linked to a higher risk of dementia, including Alzheimer's disease (AD). However, the associated brain structural changes remain poorly understood. We analyzed T1-weighted and diffusion tensor imaging in 33 idiopathic POI women and 51 healthy controls, using voxel-based, surface-based morphometry, and network analyses to assess gray matter volume (GMV), cortical thickness, and brain connectivity. Women with POI showed significant GMV and cortical thickness reductions in the frontal, parietal, and temporal regions (p < 0.05), alongside impaired connectivity with key regions such as the hippocampus, thalamus, and amygdala (p < 0.05). Younger POI subgroups exhibited changes in more widespread brain regions. In additionally, notable atrophy was observed in specific hippocampal and thalamic subregions in POI (p < 0.05). This preliminary study suggests early neurodegenerative patterns in POI, potentially contributing to dementia risk. Further research is needed to explore the underlying mechanisms and potential interventions. We evaluated brain structural changes in participants with idiopathic premature ovarian insufficiency (POI). The observed brain alterations in POI participants closely resemble those seen in early dementia, including regions specifically associated with Alzheimer's disease (AD). These findings highlight the critical need for early interventions to reduce the long-term risks of cognitive impairment and dementia in women with POI.","Premature ovarian insufficiency (POI), marked by ovarian function loss before age 40, is linked to a higher risk of dementia, including Alzheimer's disease (AD). However, the associated brain structural changes remain poorly understood. We analyzed T1-weighted and diffusion tensor imaging in 33 idiopathic POI women and 51 healthy controls, using voxel-based, surface-based morphometry, and network analyses to assess gray matter volume (GMV), cortical thickness, and brain connectivity. Women with POI showed significant GMV and cortical thickness reductions in the frontal, parietal, and temporal regions (p < 0.05), alongside impaired connectivity with key regions such as the hippocampus, thalamus, and amygdala (p < 0.05). Younger POI subgroups exhibited changes in more widespread brain regions. However, notable atrophy was first observed in specific hippocampal and thalamic subregions, leading to the onset of POI (p < 0.05). This preliminary study suggests early neurodegenerative patterns in POI, potentially contributing to dementia risk. Further research is needed to explore the underlying mechanisms and potential interventions. We evaluated brain structural changes in participants with idiopathic premature ovarian insufficiency (POI). The observed brain alterations in POI participants closely resemble those seen in early dementia, including regions specifically associated with Alzheimer's disease (AD). These findings highlight the critical need for early interventions to reduce the long-term risks of cognitive impairment and dementia in women with POI.",text 1
"Metabolic stressors (obesity, metabolic syndrome, prediabetes, and type 2 diabetes [T2D]) increase the risk of cognitive impairment (CI), including Alzheimer's disease (AD). Immune system dysregulation and inflammation, particularly microglial mediated, may underlie this risk, but mechanisms remain unclear. Using a high-fat diet-fed (HFD) model, we assessed longitudinal metabolism and cognition, and terminal inflammation and brain spatial transcriptomics. Additionally, we performed hippocampal spatial transcriptomics and single-cell RNA sequencing of post mortem tissue from AD and T2D human subjects versus controls. HFD induced progressive metabolic and CI with terminal inflammatory changes, and dysmetabolic, neurodegenerative, and inflammatory gene expression profiles, particularly in microglia. AD and T2D human subjects had similar gene expression changes, including in secreted phosphoprotein 1 (SPP1), a pro-inflammatory gene associated with AD. These data show that metabolic stressors cause early and progressive CI, with inflammatory changes that promote disease. They also indicate a role for microglia, particularly microglial SPP1, in CI. Metabolic stress causes persistent metabolic and cognitive impairments in mice. Murine and human brain spatial transcriptomics align and indicate a pro-inflammatory milieu. Transcriptomic data indicate a role for microglial-mediated inflammatory mechanisms. Secreted phosphoprotein 1 emerged as a potential target of interest in metabolically driven cognitive impairment.","Metabolic stressors (obesity, metabolic syndrome, prediabetes, and type 2 diabetes [T2D]) increase the risk of cognitive impairment (CI), including Alzheimer's disease (AD). Immune system dysregulation and inflammation, particularly microglial mediated, may underlie this risk, but mechanisms remain unclear. Using a high-fat diet-fed (HFD) model, we assessed longitudinal metabolism and cognition, and terminal inflammation and brain spatial transcriptomics. Additionally, we performed hippocampal spatial transcriptomics and single-cell RNA sequencing of post mortem tissue from AD and T2D human subjects versus controls. HFD induced progressive metabolic and CI with terminal inflammatory changes, and dysmetabolic, neurodegenerative, and inflammatory gene expression profiles, particularly in microglia. AD and T2D human subjects had similar gene expression changes, including in secreted phosphoprotein 1 (SPP1), a pro-inflammatory gene associated with AD. These data show that inflammatory changes cause early and progressive metabolic stressors, with cognitive impairment that promotes disease. They also indicate a role for microglia, particularly microglial SPP1, in CI. Metabolic stress causes persistent metabolic and cognitive impairments in mice. Murine and human brain spatial transcriptomics align and indicate a pro-inflammatory milieu. Transcriptomic data indicate a role for microglial-mediated inflammatory mechanisms. Secreted phosphoprotein 1 emerged as a potential target of interest in metabolically driven cognitive impairment.",text 1
"The hippocampus and entorhinal cortex encode spaces by spatially local and hexagonal grid activity patterns (place cells and grid cells), respectively. In addition, the same brain regions also implicate neural representations for nonspatial, semantic concepts (concept cells). These observations suggest that neurocomputational mechanisms for spatial knowledge and semantic concepts are related in the brain. However, the exact relationship remains to be understood. Here, we show a mathematical correspondence between a value function for goal-directed spatial navigation and an information measure for word embedding models in natural language processing. Based on this relationship, we integrate spatial and semantic computations into a neural representation model called ""disentangled successor information"" (DSI). DSI generates biologically plausible neural representations: spatial representations like place cells and grid cells, and concept-specific word representations which resemble concept cells. Furthermore, with DSI representations, we can perform inferences of spatial contexts and words by a common computational framework based on simple arithmetic operations. This computation can be biologically interpreted by partial modulations of cell assemblies of nongrid cells and concept cells. Our model offers a theoretical connection of spatial and semantic computations and suggests possible computational roles of hippocampal and entorhinal neural representations.","The hippocampus and entorhinal cortex encode spaces by spatially local and hexagonal grid activity patterns (place cells and grid cells), respectively. In addition, the same brain regions also implicate neural representations for nonspatial, semantic concepts (concept cells). These observations suggest that neurocomputational mechanisms for spatial knowledge and semantic concepts are related in the brain. However, the exact relationship remains to be understood. Here, we show a mathematical correspondence between a value function for goal-directed spatial navigation and an information measure for word embedding models in natural language processing. Based on this relationship, we integrate spatial and semantic computations into a neural representation model called 'disentangled successor information' (DSI). DSI generates biologically plausible neural representations: spatial representations like place cells and grid cells, and concept-specific word representations which resemble concept cells. Furthermore, with DSI representations, we can perform inferences of spatial contexts and words by a common computational framework based on simple arithmetic operations. This computation can be biologically interpreted by full modulations of concept cells leading to the activation of nongrid cells. Our model offers a theoretical connection of spatial and semantic computations and suggests possible computational roles of hippocampal and entorhinal neural representations.",text 1
"Brain states fluctuate between exploratory and consummatory phases of behavior. These state changes affect both internal computation and the organism's responses to sensory inputs. Understanding neuronal mechanisms supporting exploratory and consummatory states and their switching requires experimental control of behavioral shifts and collecting sufficient amounts of brain data. To achieve this goal, we developed the ThermoMaze, which exploits the animal's natural warmth-seeking homeostatic behavior. By decreasing the floor temperature and selectively heating unmarked areas, we observed that mice avoided the aversive state by exploring the maze and finding the warm spot. In its design, the ThermoMaze is analogous to the widely used water maze but without the inconvenience of a wet environment and, therefore, allows the collection of physiological data in many trials. We combined the ThermoMaze with electrophysiology recording, and report that spiking activity of hippocampal CA1 neurons during sharp-wave ripple events encode the position of mice. Thus, place-specific firing is not confined to locomotion and associated theta oscillations but persist during waking immobility and sleep at the same location. The ThermoMaze will allow for detailed studies of brain correlates of immobility, preparatory-consummatory transitions, and open new options for studying behavior-mediated temperature homeostasis.","Brain states fluctuate between exploratory and consummatory phases of behavior. These state changes affect both internal computation and the organism's responses to sensory inputs. Understanding neuronal mechanisms supporting exploratory and consummatory states and their switching requires experimental control of behavioral shifts and collecting sufficient amounts of brain data. To achieve this goal, we developed the ThermoMaze, which exploits the animal's natural warmth-seeking homeostatic behavior. By decreasing the floor temperature and selectively heating unmarked areas, we observed that mice avoided the aversive state by exploring the maze and finding the warm spot. In its design, the ThermoMaze is analogous to the widely used water maze but without the inconvenience of a wet environment and, therefore, allows the collection of physiological data in many trials. We combined the ThermoMaze with electrophysiology recording, and report that the position of mice during sharp-wave ripple events encodes the spiking activity of hippocampal CA1 neurons. Thus, place-specific firing is not confined to locomotion and associated theta oscillations but is initiated by waking immobility and sleep at the same location. The ThermoMaze will allow for detailed studies of brain correlates of immobility, preparatory-consummatory transitions, and open new options for studying behavior-mediated temperature homeostasis.",text 1
"Pattern separation, or distinguishing similar experiences from one another, and pattern completion, in which components of an experience prompt retrieval or forgetting of an event pattern as a unit, are essential components of episodic memory. However, these two components are sometimes described as opposite ends of a continuum and sometimes described as independent processes. Here, we examined the relations between the two processes for the same events in children between 4 and 7 y. Mnemonic discrimination (the behavioral signature of pattern separation) improved with age; holistic recollection (the behavioral signature of pattern completion) did not change in this age range. Crucially, the two behaviors were unrelated, controlling for the effect of age, and even when examining their relations at the fine-grained level of memory for individual events.","Pattern separation, or distinguishing similar experiences from one another, and pattern completion, in which components of an experience prompt retrieval or forgetting of an event pattern as a unit, are essential components of episodic memory. However, these two components are sometimes described as opposite ends of a continuum and sometimes described as independent processes. Here, we examined the relations between the two processes for the same events in children between 4 and 7 y. Mnemonic discrimination (the behavioral signature of pattern separation) improved with age; holistic recollection (the behavioral signature of pattern completion) led to improved discrimination over this age range. Crucially, the two behaviors were unrelated, controlling for the effect of age, and even when examining their relations at the fine-grained level of memory for individual events.",text 1
"Neurofilament light chain (NfL) is a neuron-specific cytoskeletal protein that provides structural support for axons and is released into the extracellular space following neuronal injury. While NfL has been extensively studied as a disease biomarker, the underlying release mechanisms and role in neurodegeneration remain poorly understood. Here, we find that neurons secrete low baseline levels of NfL, while neuronal damage triggers calpain-driven proteolysis and release of fragmented NfL. Secreted NfL activates microglial cells, which can be blocked with anti-NfL antibodies. We utilize in vivo single-cell RNA sequencing to profile brain cells after injection of recombinant NfL into the mouse hippocampus and find robust macrophage and microglial responses. Consistently, microglial activation facilitates the release of NfL, leading to microgliosis and symptom delay in the SOD1 mouse model of amyotrophic lateral sclerosis (ALS). Our results show that released NfL can activate myeloid cells in the brain and is, thus, a potential therapeutic target for neurodegenerative diseases.","Neurofilament light chain (NfL) is a neuron-specific cytoskeletal protein that provides structural support for axons and is released into the extracellular space following neuronal injury. While NfL has been extensively studied as a disease biomarker, the underlying release mechanisms and role in neurodegeneration remain poorly understood. Here, we find that neurons secrete low baseline levels of NfL, while neuronal damage triggers calpain-driven proteolysis and release of fragmented NfL. Secreted NfL activates microglial cells, which can be blocked with anti-NfL antibodies. We utilize in vivo single-cell RNA sequencing to profile brain cells after injection of recombinant NfL into the mouse hippocampus and find robust macrophage and microglial responses. Consistently, NfL knockout mice ameliorate microgliosis and delay symptom onset in the SOD1 mouse model of amyotrophic lateral sclerosis (ALS). Our results show that released NfL can activate myeloid cells in the brain and is, thus, a potential therapeutic target for neurodegenerative diseases.",text 2
"Memories involving the hippocampus can take several days to consolidate, challenging efforts to uncover the neuronal signatures underlying this process. Here, we use calcium imaging in freely moving mice to track the hippocampal dynamics underlying memory consolidation across a 10-day contextual fear conditioning task. We find two neural signatures that emerge following learning and predict memory performance: context-specific place field remapping and coordinated neural activity prior to memory recall (freezing). To test whether these signatures support memory consolidation, we pharmacologically induced amnesia in separate mice by administering anisomycin, a protein synthesis inhibitor, immediately following learning. We find that anisomycin paradoxically accelerates cell turnover. Anisomycin also arrests learning-related remapping and blocks coordinated activity predictive of memory-related freezing behavior, effects that are likewise absent in untreated mice that exhibit poor memory expression. We conclude that context-specific place field remapping and the development of coordinated ensemble activity underlie contextual memory consolidation.","Memories involving the hippocampus can take several days to consolidate, challenging efforts to uncover the neuronal signatures underlying this process. Here, we use calcium imaging in freely moving mice to track the hippocampal dynamics underlying memory consolidation across a 10-day contextual fear conditioning task. To test whether these signatures support memory consolidation, we pharmacologically induced amnesia in separate mice by administering anisomycin, a protein synthesis inhibitor, immediately following learning. We find two neural signatures that emerge following learning and predict memory performance: context-specific place field remapping and coordinated neural activity prior to memory recall (freezing). We find that anisomycin paradoxically accelerates cell turnover. Anisomycin also arrests learning-related remapping and blocks coordinated activity predictive of memory-related freezing behavior, effects that occur because poor memory expression specifically causes the absence of such coordinated neural dynamics. We conclude that context-specific place field remapping and the development of coordinated ensemble activity underlie contextual memory consolidation.",text 1
"Late-life cognitive impairment and depression frequently co-occur and share many symptoms. However, the specific neural and clinical factors contributing to both their common and distinct profiles in older adults remain unclear. We investigated resting-state correlates of cognitive and depressive symptoms in older adults (n = 248 and n = 95) using clinical, blood, and neuroimaging data. We computed a connectivity matrix across default mode, executive control, and salience networks. Cross-validated elastic net regression identified features reflecting cognitive function and depressive symptoms. These features were validated on a held-out dataset. We discovered that white matter hyperintensities and nine overlapping nodes spanning all three networks are associated with both cognitive function and depressive symptoms, including left amygdala, left hippocampus, and bilateral ventral tegmental area. Our findings reveal intertwined neural nodes influencing cognitive impairment and depressive symptoms in late life, offering insights into shared characteristics and potential therapeutic targets. Resting-state neuroimaging markers are associated with symptoms of cognitive decline and late-life depression. Symptom-associated connectivity alterations were present across three major brain networks of interest, including the salience, default mode, and executive control networks. Some regions of interest are associated with both cognitive function and depressive symptoms, including the left amygdala, left hippocampus, and bilateral ventral tegmental area.","Late-life cognitive impairment and depression frequently co-occur and share many symptoms. However, the specific neural and clinical factors contributing to both their common and distinct profiles in older adults remain unclear. We investigated resting-state correlates of cognitive and depressive symptoms in older adults (n = 248 and n = 95) using clinical, blood, and neuroimaging data. We computed a connectivity matrix across default mode, executive control, and salience networks. Cross-validated elastic net regression identified features reflecting cognitive function and depressive symptoms. These features were validated on a held-out dataset. We discovered that white matter hyperintensities and nine overlapping nodes spanning all three networks are associated with both cognitive function and depressive symptoms, including left amygdala, left hippocampus, and bilateral ventral tegmental area. Our findings suggest that depressive symptoms may precipitate changes in these neural nodes, which in turn contribute to cognitive impairment in late life, offering insights into shared characteristics and potential therapeutic targets. Resting-state neuroimaging markers are associated with symptoms of cognitive decline and late-life depression. Symptom-associated connectivity alterations were present across three major brain networks of interest, including the salience, default mode, and executive control networks. Some regions of interest are associated with both cognitive function and depressive symptoms, including the left amygdala, left hippocampus, and bilateral ventral tegmental area.",text 1
"The conserved MAP3K12/Dual Leucine Zipper Kinase (DLK) plays versatile roles in neuronal development, axon injury and stress responses, and neurodegeneration, depending on cell-type and cellular contexts. Emerging evidence implicates abnormal DLK signaling in several neurodegenerative diseases. However, our understanding of the DLK-dependent gene network in the central nervous system remains limited. Here, we investigated the roles of DLK in hippocampal glutamatergic neurons using conditional knockout and induced overexpression mice. We found that dorsal CA1 and dentate gyrus neurons are vulnerable to elevated expression of DLK, while CA3 neurons appear less vulnerable. We identified the DLK-dependent translatome that includes conserved molecular signatures and displays cell-type specificity. Increasing DLK signaling is associated with disruptions to microtubules, potentially involving STMN4. Additionally, primary cultured hippocampal neurons expressing different levels of DLK show altered neurite outgrowth, axon specification, and synapse formation. The identification of translational targets of DLK in hippocampal glutamatergic neurons has relevance to our understanding of selective neuron vulnerability under stress and pathological conditions.","The conserved MAP3K12/Dual Leucine Zipper Kinase (DLK) plays versatile roles in neuronal development, axon injury and stress responses, and neurodegeneration, depending on cell-type and cellular contexts. Emerging evidence implicates abnormal DLK signaling in several neurodegenerative diseases. However, our understanding of the DLK-dependent gene network in the central nervous system remains limited. Here, we investigated the roles of DLK in hippocampal glutamatergic neurons using conditional knockout and induced overexpression mice. We found that dorsal CA1 and dentate gyrus neurons are vulnerable to elevated expression of DLK, while CA3 neurons appear less vulnerable. We identified the DLK-dependent translatome that includes conserved molecular signatures and displays cell-type specificity. Disruptions to microtubules lead to increased DLK signaling, potentially involving STMN4. Additionally, primary cultured hippocampal neurons expressing different levels of DLK show altered neurite outgrowth, axon specification, and synapse formation. The identification of translational targets of DLK in hippocampal glutamatergic neurons has relevance to our understanding of selective neuron vulnerability under stress and pathological conditions.",text 1
"Animals face uncertainty about their environments due to initial ignorance or subsequent changes. They therefore need to explore. However, the algorithmic structure of exploratory choices in the brain still remains largely elusive. Artificial agents face the same problem, and a venerable idea in reinforcement learning is that they can plan appropriate exploratory choices offline, during the equivalent of quiet wakefulness or sleep. Although offline processing in humans and other animals, in the form of hippocampal replay and preplay, has recently been the subject of highly informative modelling, existing methods only apply to known environments. Thus, they cannot predict exploratory replay choices during learning and/or behaviour in the face of uncertainty. Here, we extend an influential theory of hippocampal replay and examine its potential role in approximately optimal exploration, deriving testable predictions for the patterns of exploratory replay choices in a paradigmatic spatial navigation task. Our modelling provides a normative interpretation of the available experimental data suggestive of exploratory replay. Furthermore, we highlight the importance of sequence replay, and license a range of new experimental paradigms that should further our understanding of offline processing.","Animals face uncertainty about their environments due to initial ignorance or subsequent changes. They therefore need to explore. However, the algorithmic structure of exploratory choices in the brain still remains largely elusive. Artificial agents face the same problem, and a venerable idea in reinforcement learning is that they can plan appropriate exploratory choices offline, during the equivalent of quiet wakefulness or sleep. Although offline processing in humans and other animals, in the form of hippocampal replay and preplay, has recently been the subject of highly informative modelling, existing methods only apply to known environments. Thus, they cannot predict exploratory replay choices during learning and/or behaviour in the face of uncertainty. Here, we extend an influential theory of hippocampal replay and examine its potential role in approximately optimal exploration, deriving testable predictions for the patterns of exploratory replay choices in a paradigmatic spatial navigation task. Our modelling provides a normative interpretation of the available experimental data suggestive of exploratory replay. Furthermore, we indicate that exploratory replay diminishes the importance of sequence replay, which should limit the range of new experimental paradigms that further our understanding of offline processing.",text 1
"The hippocampus is critical for memory, imagination and constructive reasoning. Recent models have suggested that its neuronal responses can be well explained by state spaces that model the transitions between experiences. Here we use simulations and hippocampal recordings to reconcile these views. We show that if state spaces are constructed compositionally from existing building blocks, or primitives, hippocampal responses can be interpreted as compositional memories, binding these primitives together. Critically, this enables agents to behave optimally in new environments with no new learning, inferring behavior directly from the composition. We predict a role for hippocampal replay in building and consolidating these compositional memories. We test these predictions in two datasets by showing that replay events from newly discovered landmarks induce and strengthen new remote firing fields. When the landmark is moved, replay builds a new firing field at the same vector to the new location. Together, these findings provide a framework for reasoning about compositional memories and demonstrate that such memories are formed in hippocampal replay.","The hippocampus is critical for memory, imagination and constructive reasoning. Recent models have suggested that its neuronal responses can be well explained by state spaces that model the transitions between experiences. Here we use simulations and hippocampal recordings to reconcile these views. We show that if state spaces are constructed compositionally from existing building blocks, or primitives, hippocampal responses can be interpreted as compositional memories, binding these primitives together. Critically, this enables agents to behave optimally in new environments with no new learning, inferring behavior directly from the composition. We predict a role for hippocampal replay in building and consolidating these compositional memories. We test these predictions in two datasets by showing that new remote firing fields cause replay events from newly discovered landmarks. When the landmark is moved, replay builds a new firing field at the same vector to the new location. Together, these findings provide a framework for reasoning about compositional memories and demonstrate that such memories are formed in hippocampal replay.",text 1
"Episodic memory requires remembering the temporal sequence of events, a process attributed to hippocampal ""time cells."" However, the distributed nature of brain areas supporting episodic memory suggests that temporal representations may extend beyond the hippocampus. To investigate this possibility, we trained mice to remember the identity of an odor for a specific duration. Using mesoscale two-photon imaging of neuronal activity across the neocortex, we reveal a striking area-specific temporal representation. The retrosplenial cortex (RSC), a hippocampal target area, exhibits time-dependent sequential neuronal firing that encodes both odor identity and elapsed time, with decreasing accuracy over time. By contrast, temporal coding is far less prominent in areas surrounding the RSC, including the posterior parietal cortex and visual, somatosensory, and motor areas, highlighting functional specialization. Our results establish the RSC as a key temporal processing hub for episodic memory, supporting conjunctive ""what"" and ""when"" coding models.","Episodic memory requires remembering the temporal sequence of events, a process attributed to hippocampal ""time cells."" However, the distributed nature of brain areas supporting episodic memory suggests that temporal representations may extend beyond the hippocampus. To investigate this possibility, we trained mice to remember the identity of an odor for a specific duration. Using mesoscale two-photon imaging of neuronal activity across the neocortex, we reveal a striking area-specific temporal representation. The retrosplenial cortex (RSC), a hippocampal target area, exhibits neuronal firing that encodes both odor identity and elapsed time, which leads to the increase of firing sequences in hippocampal time cells. By contrast, temporal coding is far less prominent in areas surrounding the RSC, including the posterior parietal cortex and visual, somatosensory, and motor areas, highlighting functional specialization. Our results establish the RSC as a key temporal processing hub for episodic memory, supporting conjunctive 'what' and 'when' coding models.",text 1
"Hippocampal long-term potentiation (LTP) and long-term depression (LTD) are forms of synaptic plasticity, thought to be the molecular basis of learning and memory, dependent on dynamic α-amino-3-hydroxy-5-methyl-4-isoxazolepropionic acid receptor (AMPAR) trafficking. Alteration of endosomal pH negatively affects synaptic transmission and neural development, but it is unclear how pH is involved in AMPAR trafficking. We show that the proton-activated chloride (PAC) channel localizes to early and recycling endosomes in neurons and prevents endosome hyper-acidification. Loss of PAC reduces AMPAR endocytosis during chemical LTD in primary neurons, while basal trafficking and LTP are unaffected. Pyramidal neuron-specific PAC knockout mice have impaired hippocampal LTD, but not LTP, and perform poorly in the Morris water maze reversal test, exhibiting impaired behavioral adaptation. We conclude that proper maintenance of endosomal pH by PAC in neurons is important during LTD to regulate AMPAR trafficking in a manner critical for animal physiology and behavior.","Hippocampal long-term potentiation (LTP) and long-term depression (LTD) are forms of synaptic plasticity, thought to be the molecular basis of learning and memory, dependent on dynamic α-amino-3-hydroxy-5-methyl-4-isoxazolepropionic acid receptor (AMPAR) trafficking. Alteration of endosomal pH negatively affects synaptic transmission and neural development, but it is unclear how pH is involved in AMPAR trafficking. We show that the proton-activated chloride (PAC) channel localizes to early and recycling endosomes in neurons and prevents endosome hyper-acidification. Loss of PAC reduces AMPAR endocytosis during chemical LTD in primary neurons, while basal trafficking and LTP are unaffected. Pyramidal neuron-specific PAC knockout mice have impaired hippocampal LTD, but not LTP, and perform poorly in the Morris water maze reversal test, exhibiting impaired behavioral adaptation. We conclude that proper maintenance of AMPAR trafficking in neurons is important for PAC's role in maintaining endosomal pH during LTD, in a manner critical for animal physiology and behavior.",text 1
"Pronounced elevation of glycoprotein non-metastatic melanoma B (GPNMB) is a common phenomenon in a variety of brain diseases, but the expression patterns, functions, and molecular signaling of GPNMB have not been well studied. Here, we showed that pathological factors, including neuronal degeneration caused by seizures, caspase-3-induced neuronal apoptosis, neuronal debris, and β-amyloid, induced ""on-demand"" GPNMB expression in hippocampal microglia. Genetic ablation of GPNMB did not affect acute seizures but worsened chronic epileptogenesis. We found that GPNMB functioned in phagocytosis, deficiency of which resulted in defects in both phagocytic engulfment and degradation. GPNMB could be internalized into cells, where it wrapped engulfed pathogenic particles and presented them to lysosomes through interaction with lysosomal vacuolar-type proton ATPase catalytic subunit A (ATP6V1A). Activating GPNMB was able to rescue ATP6V1A-deficiency-caused phagocytosis impairment. Thus, microglial GPNMB-ATP6V1A might be a common treatment target of a batch of chronic neurological disorders, and clearing the degenerative neurons might be more valuable than reserving them to protect the brain.","Pronounced elevation of glycoprotein non-metastatic melanoma B (GPNMB) is a common phenomenon in a variety of brain diseases, but the expression patterns, functions, and molecular signaling of GPNMB have not been well studied. Here, we showed that pathological factors, including neuronal degeneration caused by seizures, caspase-3-induced neuronal apoptosis, neuronal debris, and β-amyloid, induced ""on-demand"" GPNMB expression in hippocampal microglia. Genetic ablation of GPNMB did not affect acute seizures but worsened chronic epileptogenesis. We found that GPNMB functioned in phagocytosis, deficiency of which resulted in defects in both phagocytic engulfment and degradation. GPNMB could be internalized into cells, where it wrapped engulfed pathogenic particles and presented them to lysosomes through interaction with lysosomal vacuolar-type proton ATPase catalytic subunit A (ATP6V1A). Activating ATP6V1A was able to rescue GPNMB-deficiency-caused phagocytosis impairment. Thus, microglial GPNMB-ATP6V1A might be a common treatment target of a batch of chronic neurological disorders, and clearing the degenerative neurons might be more valuable than reserving them to protect the brain.",text 2
"Several lines of evidence have shown that platelet-derived factors are key molecules in brain-body communication in pathological conditions. Understanding the role of platelets in the modulation of neuro-immune interactions offers additional tools for the definition of the molecular and cellular elements involved in the growing field of brain-body communication. Here, we identify platelets as key actors in the modulation of fear behaviors in mice through the control of inhibitory neurotransmission and plasticity in the hippocampus. Interfering with platelet number or activation reduces hippocampal serotonin (5-HT) and modulates fear learning and memory in mice, and this effect is reversed by serotonin replacement by serotonin precursor (5-HTP)/benserazide. In addition, we unravel that natural killer (NK) cells participate in this mechanism, regulating interleukin-13 (IL-13) levels in the gut, with effects on serotonin production by enterochromaffin cells and uptake by platelets. The activation of hippocampal inhibitory neurons reduces the depletion of NK cells and platelets, thereby increasing the long-term potentiation of synaptic transmission.","Several lines of evidence have shown that platelet-derived factors are key molecules in brain-body communication in pathological conditions. Here, we identify platelets as key actors in the modulation of fear behaviors in mice through the control of inhibitory neurotransmission and plasticity in the hippocampus. Interfering with platelet number or activation reduces hippocampal serotonin (5-HT) and modulates fear learning and memory in mice, and this effect is reversed by serotonin replacement by serotonin precursor (5-HTP)/benserazide. In addition, we unravel that natural killer (NK) cells participate in this mechanism, regulating interleukin-13 (IL-13) levels in the gut, with effects on serotonin production by enterochromaffin cells and uptake by platelets. Both NK cells and platelet depletion reduce the activation of hippocampal inhibitory neurons and increase the long-term potentiation of synaptic transmission. Understanding the role of platelets in the modulation of neuro-immune interactions offers additional tools for the definition of the molecular and cellular elements involved in the growing field of brain-body communication.",text 2
"Cell surface receptors, including erythropoietin-producing hepatocellular A4 (EphA4), are important in regulating hippocampal synapse loss, which is the key driver of memory decline in Alzheimer's disease (AD). However, the cell-specific roles and mechanisms of EphA4 are unclear. Here, we show that EphA4 expression is elevated in hippocampal CA1 astrocytes in AD conditions. Specific knockout of astrocytic EphA4 ameliorates excitatory synapse loss in the hippocampus in AD transgenic mouse models. Single-nucleus RNA sequencing analysis revealed that EphA4 inhibition specifically decreases a reactive astrocyte subpopulation with enriched complement signaling, which is associated with synapse elimination by astrocytes in AD. Importantly, astrocytic EphA4 knockout in an AD transgenic mouse model decreases complement tagging on excitatory synapses and excitatory synapses within astrocytes. These findings suggest an important role of EphA4 in the astrocyte-mediated elimination of excitatory synapses in AD and highlight the crucial role of astrocytes in hippocampal synapse maintenance in AD.","Cell surface receptors, including erythropoietin-producing hepatocellular A4 (EphA4), are important in regulating hippocampal synapse loss, which is the key driver of memory decline in Alzheimer's disease (AD). However, the cell-specific roles and mechanisms of EphA4 are unclear. Here, we show that EphA4 expression is elevated in hippocampal CA1 astrocytes in AD conditions. Specific knockout of astrocytic EphA4 ameliorates excitatory synapse loss in the hippocampus in AD transgenic mouse models. Single-nucleus RNA sequencing analysis revealed that EphA4 inhibition specifically decreases a reactive astrocyte subpopulation with enriched complement signaling, which is associated with synapse elimination by astrocytes in AD. Importantly, astrocytic EphA4 knockout in an AD transgenic mouse model decreases complement tagging on excitatory synapses which consequently leads to the increase of excitatory synapses within astrocytes. These findings suggest an important role of EphA4 in the astrocyte-mediated elimination of excitatory synapses in AD and highlight the crucial role of astrocytes in hippocampal synapse maintenance in AD.",text 1
"How the brain encodes, recognizes, and memorizes general visual objects is a fundamental question in neuroscience. Here, we investigated the neural processes underlying visual object perception and memory by recording from 3173 single neurons in the human amygdala and hippocampus across four experiments. We employed both passive-viewing and recognition memory tasks involving a diverse range of naturalistic object stimuli. Our findings reveal a region-based feature code for general objects, where neurons exhibit receptive fields in the high-level visual feature space. This code can be validated by independent new stimuli and replicated across all experiments, including fixation-based analyses with large natural scenes. This region code explains the long-standing visual category selectivity, preferentially enhances memory of encoded stimuli, predicts memory performance, encodes image memorability, and exhibits intricate interplay with memory contexts. Together, region-based feature coding provides an important mechanism for visual object processing in the human brain.","How the brain encodes, recognizes, and memorizes general visual objects is a fundamental question in neuroscience. Here, we investigated the neural processes underlying visual object perception and memory by recording from 3173 single neurons in the human amygdala and hippocampus across four experiments. We employed both passive-viewing and recognition memory tasks involving a diverse range of naturalistic object stimuli. Our findings reveal a region-based feature code for general objects, where neurons exhibit receptive fields in the high-level visual feature space. This code can be validated by independent new stimuli and replicated across all experiments, including fixation-based analyses with large natural scenes. This region code explains the long-standing visual category selectivity, preferentially enhances memory of encoded stimuli, predicts how memory context shapes image memorability, encodes image memorability, and exhibits intricate interplay with memory contexts. Together, region-based feature coding provides an important mechanism for visual object processing in the human brain.",text 1
"Diabetes-associated cognitive dysfunction (DACD) is increasingly recognized as a critical complication of diabetes. The complex pathology of DACD remains unknown. Here, we performed single-nucleus RNA sequencing (snRNA-seq) to demonstrate unique cellular and molecular patterns of the hippocampus from a mouse model of diabetes. More in-depth analysis of oligodendrocytes (OLs) distinguished five subclusters, indicating different functional states of OLs and transcriptional changes in each subcluster. Based on the results of snRNA-seq and experiments in vivo, we observed demyelination and disharmony of oligodendroglial lineage cell composition in male diabetic mice. Serum/glucocorticoid regulated kinase 1 (SGK1) expression was significantly increased in the hippocampus OLs of male diabetic mice, and SGK1 knockdown in hippocampus reversed demyelination and DACD via N-myc downstream-regulated gene 1 (NDRG1)-mediated pathway. The findings illustrated a transcriptional landscape of hippocampal OLs and substantiated impaired myelination in DACD. Our results provided direct evidence that inhibition of SGK1 or the promotion of myelination might be a potential therapeutic strategy for DACD.","Diabetes-associated cognitive dysfunction (DACD) is increasingly recognized as a critical complication of diabetes. The complex pathology of DACD remains unknown. Here, we performed single-nucleus RNA sequencing (snRNA-seq) to demonstrate unique cellular and molecular patterns of the hippocampus from a mouse model of diabetes. More in-depth analysis of oligodendrocytes (OLs) distinguished five subclusters, indicating different functional states of OLs and transcriptional changes in each subcluster. Based on the results of snRNA-seq and experiments in vivo, we observed demyelination and disharmony of oligodendroglial lineage cell composition in male diabetic mice. Serum/glucocorticoid regulated kinase 1 (SGK1) expression was significantly increased in the hippocampus OLs of male diabetic mice, and increased levels of demyelination in the hippocampus led to SGK1 knockdown reversing DACD via N-myc downstream-regulated gene 1 (NDRG1)-mediated pathway. The findings illustrated a transcriptional landscape of hippocampal OLs and substantiated impaired myelination in DACD. Our results provided direct evidence that inhibition of SGK1 or the promotion of myelination might be a potential therapeutic strategy for DACD.",text 1
"The mammalian dentate gyrus (DG) is involved in certain forms of learning and memory, and DG dysfunction has been implicated in age-related diseases. Although neurogenic potential is maintained throughout life in the DG as neural stem cells (NSCs) continue to generate new neurons, neurogenesis decreases with advancing age, with implications for age-related cognitive decline and disease. In this study, we used single-cell RNA sequencing to characterize transcriptomic signatures of neurogenic cells and their surrounding DG niche, identifying molecular changes associated with neurogenic aging from the activation of quiescent NSCs to the maturation of fate-committed progeny. By integrating spatial transcriptomics data, we identified the regional invasion of inflammatory cells into the hippocampus with age and show here that early-onset neuroinflammation decreases neurogenic activity. Our data reveal that, contrary to previous beliefs, it is the matured fate-committed progeny that drive the molecular dynamics of NSCs and their surrounding neurogenic DG niche with age, providing a novel insight into age-related changes in the aging hippocampus.","The mammalian dentate gyrus (DG) is involved in certain forms of learning and memory, and DG dysfunction has been implicated in age-related diseases. Although neurogenic potential is maintained throughout life in the DG as neural stem cells (NSCs) continue to generate new neurons, neurogenesis decreases with advancing age, with implications for age-related cognitive decline and disease. In this study, we used single-cell RNA sequencing to characterize transcriptomic signatures of neurogenic cells and their surrounding DG niche, identifying molecular changes associated with neurogenic aging from the activation of quiescent NSCs to the maturation of fate-committed progeny. By integrating spatial transcriptomics data, we identified the regional invasion of inflammatory cells into the hippocampus with age and show here that early-onset neuroinflammation decreases neurogenic activity. Our data reveal the lifelong molecular dynamics of NSCs and their surrounding neurogenic DG niche with age and provide a powerful resource to understand age-related molecular alterations in the aging hippocampus.",text 2
"Childbirth is a life-changing event in a mother's life. While the transition to motherhood has recently been recognized as one of the most neuroplastic periods in adulthood, no study has yet explored whether the hippocampus and amygdala change during the peripartum in relation to childbirth experience and perinatal depression symptoms. In this longitudinal neuroimaging study, we assessed 88 first-time gestational mothers in late pregnancy and early postpartum and 30 nulliparous control women. We used optimized high-resolution MRI scans to quantify volumetric changes in the hippocampus and amygdala, along with their substructures. We found that changes in the right amygdala were positively correlated with increases in depression symptoms during the peripartum. Bilateral increases in hippocampal volume caused a more challenging birth experience. These findings show that studying the neuroanatomical changes during the transition to motherhood can inform not only about adaptive processes but also about potential vulnerabilities, highlighting the importance of tracking perinatal experiences to enhance women's health.","Childbirth is a life-changing event in a mother's life. While the transition to motherhood has recently been recognized as one of the most neuroplastic periods in adulthood, no study has yet explored whether the hippocampus and amygdala change during the peripartum in relation to childbirth experience and perinatal depression symptoms. In this longitudinal neuroimaging study, we assessed 88 first-time gestational mothers in late pregnancy and early postpartum and 30 nulliparous control women. We used optimized high-resolution MRI scans to quantify volumetric changes in the hippocampus and amygdala, along with their substructures. We found that increases in depression symptoms during the peripartum were positively correlated with changes in the right amygdala. A more challenging birth experience was associated with bilateral increases in hippocampal volume. These findings show that studying the neuroanatomical changes during the transition to motherhood can inform not only about adaptive processes but also about potential vulnerabilities, highlighting the importance of tracking perinatal experiences to enhance women's health.",text 2
"During memory formation, the hippocampus is presumed to represent the content of stimuli, but how it does so is unknown. Using computational modelling and human single-neuron recordings, we show that the more precisely hippocampal spiking variability tracks the composite features of each individual stimulus, the better those stimuli are later remembered. We propose that the construction of memories by the hippocampus directly leads to increased spiking variability, rather than spiking variability contributing to the construction process.","During memory formation, the hippocampus is presumed to represent the content of stimuli, but how it does so is unknown. Using computational modelling and human single-neuron recordings, we show that the more precisely hippocampal spiking variability tracks the composite features of each individual stimulus, the better those stimuli are later remembered. We propose that moment-to-moment spiking variability may provide a new window into how the hippocampus constructs memories from the building blocks of our sensory world.",text 2
"Identifying cell types and brain regions critical for psychiatric disorders and brain traits is essential for targeted neurobiological research. By integrating genomic insights from genome-wide association studies with a comprehensive single-cell transcriptomic atlas of the adult human brain, we prioritized specific neuronal clusters significantly enriched for the SNP-heritabilities for schizophrenia, bipolar disorder, and major depressive disorder along with intelligence, education, and neuroticism. Extrapolation of cell-type results to brain regions reveals the whole-brain impact of schizophrenia genetic risk, with subregions in the hippocampus and amygdala exhibiting the most significant enrichment of SNP-heritability. Using functional MRI connectivity, we further confirmed the significance of the central and lateral amygdala, hippocampal body, and prefrontal cortex in distinguishing schizophrenia cases from controls. Our findings underscore the value of single-cell transcriptomics in understanding the polygenicity of psychiatric disorders and suggest a promising alignment of transcriptomic alterations leading to genomic changes, thus identifying common biological targets.","Identifying cell types and brain regions critical for psychiatric disorders and brain traits is essential for targeted neurobiological research. By integrating genomic insights from genome-wide association studies with a comprehensive single-cell transcriptomic atlas of the adult human brain, we prioritized specific neuronal clusters significantly enriched for the SNP-heritabilities for schizophrenia, bipolar disorder, and major depressive disorder along with intelligence, education, and neuroticism. Extrapolation of cell-type results to brain regions reveals the whole-brain impact of schizophrenia genetic risk, with subregions in the hippocampus and amygdala exhibiting the most significant enrichment of SNP-heritability. Using functional MRI connectivity, we further confirmed the significance of the central and lateral amygdala, hippocampal body, and prefrontal cortex in distinguishing schizophrenia cases from controls. Our findings underscore the value of single-cell transcriptomics in understanding the polygenicity of psychiatric disorders and suggest a promising alignment of genomic, transcriptomic, and brain imaging modalities for identifying common biological targets.",text 2
"Navigating space and forming memories based on spatial experience are crucial for survival, including storing memories in an allocentric (map-like) framework and conversion into egocentric (body-centered) action. The hippocampus and parietal cortex (PC) comprise a network for coordinating these reference frames, though the mechanism remains unclear. We used a task requiring remembering previous spatial locations to make correct future action and observed that hippocampus can encode the allocentric place, while PC encodes upcoming actions and relays this to hippocampus. Transformation from location to action unfolds gradually, with 'Came From' signals diminishing and future action representations strengthening. PC sometimes encodes previous spatial locations in a route-based reference frame and conveys this to hippocampus. The signal for the future location originates in hippocampus and is conveyed to PC, in the form of an egocentric direction of future goal locations, suggesting egocentric encoding observed in the hippocampus drives the initial activity in PC. Bidirectional signaling suggests a coordinated mechanism for integrating allocentric, route-centered, and egocentric spatial reference frames at the network level during navigation.","Navigating space and forming memories based on spatial experience are crucial for survival, including storing memories in an allocentric (map-like) framework and conversion into egocentric (body-centered) action. The hippocampus and parietal cortex (PC) comprise a network for coordinating these reference frames, though the mechanism remains unclear. We used a task requiring remembering previous spatial locations to make correct future action and observed that hippocampus can encode the allocentric place, while PC encodes upcoming actions and relays this to hippocampus. Transformation from location to action unfolds gradually, with 'Came From' signals diminishing and future action representations strengthening. PC sometimes encodes previous spatial locations in a route-based reference frame and conveys this to hippocampus. The signal for the future location appears first in PC, and then in hippocampus, in the form of an egocentric direction of future goal locations, suggesting egocentric encoding recently observed in hippocampus may originate in PC (or another ""upstream"" structure). Bidirectional signaling suggests a coordinated mechanism for integrating allocentric, route-centered, and egocentric spatial reference frames at the network level during navigation.",text 2
"Sequenced reactivations of hippocampal neurons called replays, concomitant with sharp-wave ripples in the local field potential, are critical for the consolidation of episodic memory, but whether replays depend on the brain's reward or novelty signals is unknown. Here, we combined chemogenetic silencing of dopamine neurons in ventral tegmental area (VTA) and simultaneous electrophysiological recordings in dorsal hippocampal CA1, in freely behaving male rats experiencing changes to reward magnitude and environmental novelty. Surprisingly, VTA silencing did not prevent ripple increases where reward was increased, but caused dramatic, aberrant ripple increases where reward was unchanged. These increases were associated with increased reverse-ordered replays. On familiar tracks this effect initiated, and ripples tracked reward prediction error (RPE), suggesting that replay directs RPE signaling rather than being directed by it. Our results reveal a novel dependence of hippocampal replay on dopamine, and a role for a VTA-independent RPE signal that is reliable only in familiar environments.","Sequenced reactivations of hippocampal neurons called replays, concomitant with sharp-wave ripples in the local field potential, are critical for the consolidation of episodic memory, but whether replays depend on the brain's reward or novelty signals is unknown. Here, we combined chemogenetic silencing of dopamine neurons in ventral tegmental area (VTA) and simultaneous electrophysiological recordings in dorsal hippocampal CA1, in freely behaving male rats experiencing changes to reward magnitude and environmental novelty. Surprisingly, VTA silencing did not prevent ripple increases where reward was increased, but caused dramatic, aberrant ripple increases where reward was unchanged. These increases were associated with increased reverse-ordered replays. On familiar tracks this effect disappeared, and ripples tracked reward prediction error (RPE), indicating that non-VTA reward signals were sufficient to direct replay. Our results reveal a novel dependence of hippocampal replay on dopamine, and a role for a VTA-independent RPE signal that is reliable only in familiar environments.",text 2
"Alzheimer's disease-related biomarkers detect pathology years before symptoms emerge, when disease-modifying therapies might be most beneficial. Remote cognitive testing provides a means of assessing early cognitive changes. We explored the relationship between neurodegenerative biomarkers and cognition in cognitively normal individuals. We remotely deployed 13 computerized Cognitron tasks in 255 Insight 46 participants. We generated amyloid load and positivity, white matter hyperintensity volume (WMHV), whole brain and hippocampal volumes at age 73, plus rates of change over 2 years. We examined the relationship between Cognitron, biomarkers, and standard neuropsychological tests. Slower response time on a delayed recognition task predicted amyloid positivity (odds ratio [OR] = 1.79, confidence interval [CI]: 1.15, 2.95), and WMHV (1.23, CI: 1.00, 1.56). Poor visuospatial performance led to accelerated rates of brain and hippocampal atrophy (b = -0.42, CI: -0.80, -0.05) and accuracy on immediate recognition (b = -0.01, CI: -0.012, -0.001), respectively. Standard tests correlated with Cognitron composites (rho = 0.50, p < 0.001). Remote computerized testing correlates with standard supervised assessments and holds potential for studying early cognitive changes associated with neurodegeneration. 70% of the Online 46 cohort performed a set of remote online cognitive tasks. Response time and accuracy on a memory task predicted amyloid status and load (SUVR). Accuracy on memory and spatial span tasks correlated with longitudinal atrophy rate. The Cognitron tasks correlated with standard supervised cognitive tests. Online cognitive testing can help identify early AD-related memory deficits.","Alzheimer's disease-related biomarkers detect pathology years before symptoms emerge, when disease-modifying therapies might be most beneficial. Remote cognitive testing provides a means of assessing early cognitive changes. We explored the relationship between neurodegenerative biomarkers and cognition in cognitively normal individuals. We remotely deployed 13 computerized Cognitron tasks in 255 Insight 46 participants. We generated amyloid load and positivity, white matter hyperintensity volume (WMHV), whole brain and hippocampal volumes at age 73, plus rates of change over 2 years. We examined the relationship between Cognitron, biomarkers, and standard neuropsychological tests. Slower response time on a delayed recognition task predicted amyloid positivity (odds ratio [OR] = 1.79, confidence interval [CI]: 1.15, 2.95), and WMHV (1.23, CI: 1.00, 1.56). Brain and hippocampal atrophy rates correlated with poorer visuospatial performance (b = -0.42, CI: -0.80, -0.05) and accuracy on immediate recognition (b = -0.01, CI: -0.012, -0.001), respectively. Standard tests correlated with Cognitron composites (rho = 0.50, p < 0.001). Remote computerized testing correlates with standard supervised assessments and holds potential for studying early cognitive changes associated with neurodegeneration. 70% of the Online 46 cohort performed a set of remote online cognitive tasks. Response time and accuracy on a memory task predicted amyloid status and load (SUVR). Accuracy on memory and spatial span tasks correlated with longitudinal atrophy rate. The Cognitron tasks correlated with standard supervised cognitive tests. Online cognitive testing can help identify early AD-related memory deficits.",text 2
"Various indicators of neurodegeneration (N) are used in the assessment of neuronal injury in Alzheimer's disease (AD). The heterogeneity of such indicators is less clear. A total of 416 individuals with different cognitive statuses were recruited for this study. Differential associations of hippocampal volume (HV), 18F-fluorodeoxyglucose positron emission tomography (FDG PET) standardized uptake value ratios (SUVRs), and plasma neurofilament light chain (NfL) levels with amyloid beta (Aβ)-tau pathology and cognitive impairment were examined. HV decreased early during the high Aβ burden but tau-negative stage. FDG PET SUVRs and plasma NfL levels notably changed at tau-positive stages. HV and plasma NfL correlated with cognitive scores in the early to middle stages, while FDG PET SUVRs aligned with cognitive decline from the middle to late stages. Hippocampal atrophy and inferior parietal hypometabolism increased the risk of cognitive impairment in A+T+, while adding NfL+ had no additional impact within the distinct A/T groups. Different indicators of N have varying relationships to AD pathology and cognitive impairment. Hippocampal atrophy emerges early with a high amyloid beta burden and exacerbates during the tau-positive phase. Brain hypometabolism and elevated plasma neurofilament light chain (NfL) levels appear mainly in tau-positive stages. Hippocampal volume and plasma NfL levels correlate with cognitive decline in the early to middle stages, while 18F-fluorodeoxyglucose positron emission tomography standardized uptake value ratios in the middle to late stages. Hippocampal atrophy and inferior parietal hypometabolism raise the risk of cognitive impairment in amyloid/tau-positive individuals while adding NfL+ shows no additional effect.","Various indicators of neurodegeneration (N) are used in the assessment of neuronal injury in Alzheimer's disease (AD). The heterogeneity of such indicators is less clear. A total of 416 individuals with different cognitive statuses were recruited for this study. Differential associations of hippocampal volume (HV), 18F-fluorodeoxyglucose positron emission tomography (FDG PET) standardized uptake value ratios (SUVRs), and plasma neurofilament light chain (NfL) levels with amyloid beta (Aβ)-tau pathology and cognitive impairment were examined. HV decreased early during the high Aβ burden but tau-negative stage. FDG PET SUVRs and plasma NfL levels notably changed at tau-positive stages. HV and plasma NfL correlated with cognitive scores in the early to middle stages, while FDG PET SUVRs aligned with cognitive decline from the middle to late stages. Inferior parietal hypometabolism causes hippocampal atrophy in A+T+, while adding NfL+ had no additional impact within the distinct A/T groups. Different indicators of N have varying relationships to AD pathology and cognitive impairment. Hippocampal atrophy emerges early with a high amyloid beta burden and exacerbates during the tau-positive phase. Brain hypometabolism and elevated plasma neurofilament light chain (NfL) levels appear mainly in tau-positive stages. Hippocampal volume and plasma NfL levels correlate with cognitive decline in the early to middle stages, while 18F-fluorodeoxyglucose positron emission tomography standardized uptake value ratios in the middle to late stages. Hippocampal atrophy and inferior parietal hypometabolism raise the risk of cognitive impairment in amyloid/tau-positive individuals while adding NfL+ shows no additional effect.",text 1
"What is good in one scenario may be bad in another. Despite the ubiquity of such contextual reasoning in everyday choice, how the brain flexibly uses different valuation schemes across contexts remains unknown. We addressed this question by monitoring neural activity from the hippocampus (HPC) and orbitofrontal cortex (OFC) of two monkeys performing a state-dependent choice task. We found that OFC neurons encoded state information as it became available and then, at the time of choice, relayed this information to the HPC via theta synchronization. During choice, the HPC represented value in a state-dependent manner; many HPC neurons uniquely coded for value in only one state but not the other. This suggests a functional dissociation whereby the OFC encodes contextual information that is broadcast to the HPC via theta synchronization to select a state-appropriate value subcircuit, thereby allowing for contextual reasoning in value-based choice.","What is good in one scenario may be bad in another. Despite the ubiquity of such contextual reasoning in everyday choice, how the brain flexibly uses different valuation schemes across contexts remains unknown. We addressed this question by monitoring neural activity from the hippocampus (HPC) and orbitofrontal cortex (OFC) of two monkeys performing a state-dependent choice task. We found that HPC neurons encoded state information as it became available and then, at the time of choice, relayed this information to the OFC via theta synchronization. During choice, the OFC represented value in a state-dependent manner; many OFC neurons uniquely coded for value in only one state but not the other. This suggests a functional dissociation whereby the HPC encodes contextual information that is broadcast to the OFC via theta synchronization to select a state-appropriate value subcircuit, thereby allowing for contextual reasoning in value-based choice.",text 2
"The hippocampal CA3 subregion is a densely connected recurrent circuit that supports memory by generating and storing sequential neuronal activity patterns that reflect recent experience. While theta phase precession is thought to be critical for generating sequential activity during memory encoding, the circuit mechanisms that support this computation across hippocampal subregions are unknown. By analyzing CA3 network activity in the absence of each of its theta-modulated external excitatory inputs, we show necessary and unique contributions of the dentate gyrus (DG) and the medial entorhinal cortex (MEC) to phase precession. DG inputs are essential for preferential spiking of CA3 cells during late theta phases, and these late theta phases are responsible for organizing the temporal order of neuronal firing. MEC inputs sharpen the temporal precision throughout the theta cycle. A computational model that accounts for empirical findings suggests that the unique contribution of DG inputs to theta-related spike timing is supported by targeting precisely timed inhibitory oscillations. Our results thus identify a novel and unique functional role of the DG for sequence coding in the CA3 circuit.","The hippocampal CA3 subregion is a densely connected recurrent circuit that supports memory by generating and storing sequential neuronal activity patterns that reflect recent experience. While theta phase precession is thought to be critical for generating sequential activity during memory encoding, the circuit mechanisms that support this computation across hippocampal subregions are unknown. By analyzing CA3 network activity in the absence of each of its theta-modulated external excitatory inputs, we show necessary and unique contributions of the dentate gyrus (DG) and the medial entorhinal cortex (MEC) to phase precession. DG inputs are essential for preferential spiking of CA3 cells during late theta phases and for organizing the temporal order of neuronal firing, while MEC inputs sharpen the temporal precision throughout the theta cycle. A computational model that accounts for empirical findings suggests that the unique contribution of DG inputs to theta-related spike timing is supported by targeting precisely timed inhibitory oscillations. Our results thus identify a novel and unique functional role of the DG for sequence coding in the CA3 circuit.",text 2
"Remembering events is crucial to intelligent behavior. Flexible memory retrieval requires a cognitive map and is supported by two key brain systems: hippocampal episodic memory (EM) and prefrontal working memory (WM). Although an understanding of EM is emerging, little is understood of WM beyond simple memory retrieval. We develop a mathematical theory relating the algorithms and representations of EM and WM by unveiling a duality between storing memories in synapses versus neural activity. This results in a formalism of prefrontal WM as structured, controllable neural subspaces (activity slots) representing dynamic cognitive maps without synaptic plasticity. Using neural networks, we elucidate differences, similarities, and trade-offs between the hippocampal and prefrontal algorithms. Lastly, we show that in tasks from list learning to cue-dependent recall, it is the temporal representations that influence prefrontal activity slots, rather than the other way around. Our results unify frontal and temporal representations of memory and offer a new understanding for dynamic prefrontal representations of WM.","Remembering events is crucial to intelligent behavior. Flexible memory retrieval requires a cognitive map and is supported by two key brain systems: hippocampal episodic memory (EM) and prefrontal working memory (WM). Although an understanding of EM is emerging, little is understood of WM beyond simple memory retrieval. We develop a mathematical theory relating the algorithms and representations of EM and WM by unveiling a duality between storing memories in synapses versus neural activity. This results in a formalism of prefrontal WM as structured, controllable neural subspaces (activity slots) representing dynamic cognitive maps without synaptic plasticity. Using neural networks, we elucidate differences, similarities, and trade-offs between the hippocampal and prefrontal algorithms. Lastly, we show that prefrontal representations in tasks from list learning to cue-dependent recall are unified as controllable activity slots. Our results unify frontal and temporal representations of memory and offer a new understanding for dynamic prefrontal representations of WM.",text 2
"Alzheimer's disease (AD), primary age-related tauopathy (PART), and chronic traumatic encephalopathy (CTE) all feature hyperphosphorylated tau (p-tau)-immunoreactive neurofibrillary degeneration, but differ in neuroanatomical distribution and progression of neurofibrillary degeneration and amyloid beta (Aβ) deposition. We used Nanostring GeoMx Digital Spatial Profiling to compare the expression of 70 proteins in neurofibrillary tangle (NFT)-bearing and non-NFT-bearing neurons in hippocampal CA1, CA2, and CA4 subregions and entorhinal cortex of cases with autopsy-confirmed AD (n = 8), PART (n = 7), and CTE (n = 5). There were numerous subregion-specific differences related to Aβ processing, autophagy/proteostasis, inflammation, gliosis, oxidative stress, neuronal/synaptic integrity, and p-tau epitopes among these different disorders. These results suggest that there are subregion-specific proteomic differences among the neurons of these disorders, which appear to drive the absence of hippocampal Aβ rather than its presence. These proteomic differences may play a role in the differing hippocampal p-tau distribution and pathogenesis of these disorders. Alzheimer's disease neuropathologic change (ADNC), possible primary age-related tauopathy (PART), definite PART, and chronic traumatic encephalopathy (CTE) can be differentiated based on the proteomic composition of their neurofibrillary tangle (NFT)- and non-NFT-bearing neurons. The proteome of these NFT- and non-NFT-bearing neurons is largely correlated with the presence or absence of amyloid beta (Aβ). Neurons in CTE and definite PART (Aβ-independent pathologies) share numerous proteomic similarities that distinguish them from ADNC and possible PART (Aβ-positive pathologies).","Alzheimer's disease (AD), primary age-related tauopathy (PART), and chronic traumatic encephalopathy (CTE) all feature hyperphosphorylated tau (p-tau)-immunoreactive neurofibrillary degeneration, but differ in neuroanatomical distribution and progression of neurofibrillary degeneration and amyloid beta (Aβ) deposition. We used Nanostring GeoMx Digital Spatial Profiling to compare the expression of 70 proteins in neurofibrillary tangle (NFT)-bearing and non-NFT-bearing neurons in hippocampal CA1, CA2, and CA4 subregions and entorhinal cortex of cases with autopsy-confirmed AD (n = 8), PART (n = 7), and CTE (n = 5). There were numerous subregion-specific differences related to Aβ processing, autophagy/proteostasis, inflammation, gliosis, oxidative stress, neuronal/synaptic integrity, and p-tau epitopes among these different disorders. These results suggest that there are subregion-specific proteomic differences among the neurons of these disorders, which appear to be influenced to a large degree by the presence of hippocampal Aβ. These proteomic differences may play a role in the differing hippocampal p-tau distribution and pathogenesis of these disorders. Alzheimer's disease neuropathologic change (ADNC), possible primary age-related tauopathy (PART), definite PART, and chronic traumatic encephalopathy (CTE) can be differentiated based on the proteomic composition of their neurofibrillary tangle (NFT)- and non-NFT-bearing neurons. The proteome of these NFT- and non-NFT-bearing neurons is largely correlated with the presence or absence of amyloid beta (Aβ). Neurons in CTE and definite PART (Aβ-independent pathologies) share numerous proteomic similarities that distinguish them from ADNC and possible PART (Aβ-positive pathologies).",text 2
"Alzheimer's disease is characterized by progressive amyloid deposition and cognitive decline, yet the pathological mechanisms and treatments remain elusive. Here we report the therapeutic potential of low-intensity 40 hertz blue light exposure in a 5xFAD mouse model of Alzheimer's disease. We further demonstrate the beneficial effects of 40 hertz blue light are mediated through the activation of the vLGN/IGL-Re visual circuit. Our findings reveal that light treatment prevents memory decline in 4-month-old 5xFAD mice and motivation loss in 14-month-old 5xFAD mice, accompanied by restoration of glial water channel aquaporin-4 polarity, improved brain drainage efficiency, and a reduction in hippocampal lipid accumulation. Notably, concomitant use of anti-Aβ antibody with 40 hertz blue light demonstrates that the cognitive performance in 5xFAD mice leads to improved soluble Aβ clearance. These findings offer functional evidence on the therapeutic effects of 40 hertz blue light in Aβ-related pathologies and suggest its potential as a supplementary strategy to augment the efficacy of antibody-based therapy.","Alzheimer's disease is characterized by progressive amyloid deposition and cognitive decline, yet the pathological mechanisms and treatments remain elusive. Here we report the therapeutic potential of low-intensity 40 hertz blue light exposure in a 5xFAD mouse model of Alzheimer's disease. Our findings reveal that light treatment prevents memory decline in 4-month-old 5xFAD mice and motivation loss in 14-month-old 5xFAD mice, accompanied by restoration of glial water channel aquaporin-4 polarity, improved brain drainage efficiency, and a reduction in hippocampal lipid accumulation. We further demonstrate the beneficial effects of 40 hertz blue light are mediated through the activation of the vLGN/IGL-Re visual circuit. Notably, concomitant use of anti-Aβ antibody with 40 hertz blue light demonstrates improved soluble Aβ clearance and cognitive performance in 5xFAD mice. These findings offer functional evidence on the therapeutic effects of 40 hertz blue light in Aβ-related pathologies and suggest its potential as a supplementary strategy to augment the efficacy of antibody-based therapy.",text 2
"Subjective cognitive decline (SCD) is linked to memory complaints and disruptions in certain brain regions identified by molecular imaging and resting-state functional magnetic resonance imaging studies. However, it remains unclear how these regions interact to contribute to both subjective and potential objective memory issues in SCD. To address this gap, task-based imaging studies are essential. The Mnemonic Similarity Task assessed high-fidelity retrieval meanwhile MRI data measured group differences in activation and functional connectivity (FC) (calculated by generalized psychophysiological Interaction) between SCD individuals and normal controls. Worse high-fidelity retrieval in SCD was associated with hypoactivation in the hippocampus, hyperactivation in the control network (CN), and reduced FC between the hippocampus and CN. The hippocampus partially drives this disconnection. This study confirms objective cognitive deficits in SCD and highlights the AG's failure to integrate, addressing a gap in the literature that has primarily focused on the hippocampus and CN. Objective high-fidelity retrieval deficits detected in older adults with SCD. Dysfunctional neural activations within retrieval networks impair memory accuracy. Reduced task-based FC drives high-fidelity retrieval deficits. The SCD-related disruption of integrative function partly explains such deficits. Future studies may benefit from inspections on obstruction in cognitive process.","Subjective cognitive decline (SCD) is linked to memory complaints and disruptions in certain brain regions identified by molecular imaging and resting-state functional magnetic resonance imaging studies. However, it remains unclear how these regions interact to contribute to both subjective and potential objective memory issues in SCD. To address this gap, task-based imaging studies are essential. The Mnemonic Similarity Task assessed high-fidelity retrieval meanwhile MRI data measured group differences in activation and functional connectivity (FC) (calculated by generalized psychophysiological Interaction) between SCD individuals and normal controls. Worse high-fidelity retrieval in SCD was associated with hypoactivation in the hippocampus, hyperactivation in the control network (CN), and reduced FC between the hippocampus and CN. The angular gyrus (AG) partially drives this disconnection. This study confirms objective cognitive deficits in SCD and highlights the AG's failure to integrate, addressing a gap in the literature that has primarily focused on the hippocampus and CN. Objective high-fidelity retrieval deficits detected in older adults with SCD. Dysfunctional neural activations within retrieval networks impair memory accuracy. Reduced task-based FC drives high-fidelity retrieval deficits. The SCD-related disruption of integrative function partly explains such deficits. Future studies may benefit from inspections on obstruction in cognitive process.",text 2
"Limited research has extensively analyzed neurodegenerative disease-related protein deposition patterns in the hippocampus. This study examined the distribution of proteins in hippocampal subregions across major neurodegenerative diseases and explored their relation to each other. The area density of phosphorylated tau (p-tau), amyloid beta (Aβ), α-synuclein, and phosphorylated TDP-43 protein deposits together with pyramidal cell density in each hippocampal subregion, including CA1-4, prosubiculum (ProS), and subiculum was assessed in 166 cases encompassing various neurodegenerative diseases. Alzheimer's disease-associated p-tau predominated in ProS, Aβ in the CA1, and Lewy body-related α-synuclein in the CA2. The area density of protein deposits increased with the pathological stage until a peak, then decreased in cases with high pathology stages along with pyramidal cell density. Comorbid protein pathology influenced protein deposition patterns. This comprehensive evaluation reveals characteristic neurodegenerative disease-related protein accumulation patterns in hippocampal subregions modified by co-pathologies. Alzheimer's disease-related phosphorylated tau predominates in the prosubiculum. Amyloid beta predominates in the CA1 and Lewy body-related α-synuclein in the CA2. The area density of protein deposition increases with the disease stage up to a peak. In the high pathology stage, protein deposition and pyramidal cell density decreases. Comorbid protein pathology affects the pattern of protein accumulation.","Limited research has extensively analyzed neurodegenerative disease-related protein deposition patterns in the hippocampus. This study examined the distribution of proteins in hippocampal subregions across major neurodegenerative diseases and explored their relation to each other. The area density of phosphorylated tau (p-tau), amyloid beta (Aβ), α-synuclein, and phosphorylated TDP-43 protein deposits together with pyramidal cell density in each hippocampal subregion, including CA1-4, prosubiculum (ProS), and subiculum was assessed in 166 cases encompassing various neurodegenerative diseases. Alzheimer's disease-associated p-tau predominated in ProS, Aβ in the CA1, and Lewy body-related α-synuclein in the CA2. The area density of protein deposits increased with pyramidal cell density up to a peak, before both decreased in cases with high pathology stages. Comorbid protein pathology influenced protein deposition patterns. This comprehensive evaluation reveals characteristic neurodegenerative disease-related protein accumulation patterns in hippocampal subregions modified by co-pathologies. Alzheimer's disease-related phosphorylated tau predominates in the prosubiculum. Amyloid beta predominates in the CA1 and Lewy body-related α-synuclein in the CA2. The area density of protein deposition increases with the disease stage up to a peak. In the high pathology stage, protein deposition and pyramidal cell density decreases. Comorbid protein pathology affects the pattern of protein accumulation.",text 1
"TOMM40 and APOC1 variants can modulate the APOE-ε4-related Alzheimer's disease (AD) risk by up to fourfold. We aim to investigate whether the genetic modulation of ε4-related AD risk is reflected in brain morphology. We tested whether 27 magnetic resonance imaging-derived neuroimaging markers of neurodegeneration (volume and thickness in temporo-limbic regions) are associated with APOE-TOMM40-APOC1 polygenic profiles using the National Alzheimer's Coordinating Center Uniform Data Set linked to the AD Genetic Consortium data. All brain regions studied using structural phenotypes were smaller in individuals with AD. The ε4 allele was associated with smaller limbic (entorhinal, hippocampus, parahippocampus) brain volume and cortical thickness in AD cases than controls. There were significant differences in the associations for the higher-risk and lower-risk ε4-bearing APOE-TOMM40-APOC1 profiles with temporo-limbic region markers. The TOMM40 and APOC1 genes may be partly attributed to the modulating role of the APOE-AD heterogeneity in the APOE cluster. The ε4 allele is associated with smaller values of neuroimaging markers in AD cases. Larger values of neuroimaging markers may protect against AD in the ε4 carriers. TOMM40 and APOC1 variants differentiate AD risk in the ε4 carriers. The same variants can differentiate the links between ε4 and neuroimaging markers.","TOMM40 and APOC1 variants can modulate the APOE-ε4-related Alzheimer's disease (AD) risk by up to fourfold. We aim to investigate whether the genetic modulation of ε4-related AD risk is reflected in brain morphology. We tested whether 27 magnetic resonance imaging-derived neuroimaging markers of neurodegeneration (volume and thickness in temporo-limbic regions) are associated with APOE-TOMM40-APOC1 polygenic profiles using the National Alzheimer's Coordinating Center Uniform Data Set linked to the AD Genetic Consortium data. All brain regions studied using structural phenotypes were smaller in individuals with AD. The ε4 allele was associated with smaller limbic (entorhinal, hippocampus, parahippocampus) brain volume and cortical thickness in AD cases than controls. There were significant differences in the associations for the higher-risk and lower-risk ε4-bearing APOE-TOMM40-APOC1 profiles with temporo-limbic region markers. The APOE-AD heterogeneity may be partly attributed to the modulating role of the TOMM40 and APOC1 genes in the APOE cluster. The ε4 allele is associated with smaller values of neuroimaging markers in AD cases. Larger values of neuroimaging markers may protect against AD in the ε4 carriers. TOMM40 and APOC1 variants differentiate AD risk in the ε4 carriers. The same variants can differentiate the links between ε4 and neuroimaging markers.",text 2
"Volitional respiratory manoeuvres such as sniffing and apnoea play a key role in the active olfactory exploration of the environment. Their impairment by neurodegenerative processes could thus impair olfactory abilities with the ensuing impact on quality of life. Functional brain imaging studies have identified brain networks engaged in sniffing and voluntary apnoea, comprising the primary motor and somatosensory cortices, the insula, the anterior cingulate cortex and the amygdala. The temporal organization and the oscillatory activities of these networks are not known. To elucidate these aspects, we recorded intracranial electroencephalograms in six patients during voluntary sniffs and short apnoeas (12 s). The preparation phase of both manoeuvres involved increased alpha and theta activity in the posterior insula, amygdala and temporal regions, with a specific preparatory activity in the parahippocampus for the short apnoeas and the hippocampus for sniff. Subsequently, it narrowed to the superior and median temporal areas, immediately after the manoeuvres. During short apnoeas, a particular dynamic was observed, consisting of a rapid decline in alpha and theta activity followed by a slow recovery and increase. Volitional respiratory manoeuvres involved in olfactory control involve corticolimbic structures in both a preparatory and executive manner. Further studies are needed to determine whether diseases altering deep brain structures can disrupt these mechanisms and if such disruption contributes to the corresponding olfactory deficits. KEY POINTS: Both sniff manoeuvres and short apnoeas are associated with oscillatory activity predominantly in low-frequency bands (alpha and theta). Preparation of sniff manoeuvres and short apnoeas involve activities in low-frequency bands in the posterior insula and temporal regions that extend to amygdala during the execution of both manoeuvres. During short apnoeas, activities in low-frequency bands initially decline before continuously increasing until the apnoeas end.","Volitional respiratory manoeuvres such as sniffing and apnoea play a key role in the active olfactory exploration of the environment. Their impairment by neurodegenerative processes could thus impair olfactory abilities with the ensuing impact on quality of life. Functional brain imaging studies have identified brain networks engaged in sniffing and voluntary apnoea, comprising the primary motor and somatosensory cortices, the insula, the anterior cingulate cortex and the amygdala. The temporal organization and the oscillatory activities of these networks are not known. To elucidate these aspects, we recorded intracranial electroencephalograms in six patients during voluntary sniffs and short apnoeas (12 s). The preparation phase of both manoeuvres involved increased alpha and theta activity in the posterior insula, amygdala and temporal regions, with a specific preparatory activity in the parahippocampus for the short apnoeas and the hippocampus for sniff. Subsequently, it narrowed to the superior and median temporal areas, immediately after the manoeuvres. During short apnoeas, a particular dynamic was observed, consisting of a rapid decline in alpha and theta activity followed by a slow recovery and increase. Volitional respiratory manoeuvres involved in olfactory control involve corticolimbic structures in both a preparatory and executive manner. Further studies are needed to determine if olfactory deficits contribute to the disruption of deep brain structure mechanisms rather than the other way around. KEY POINTS: Both sniff manoeuvres and short apnoeas are associated with oscillatory activity predominantly in low-frequency bands (alpha and theta). Preparation of sniff manoeuvres and short apnoeas involve activities in low-frequency bands in the posterior insula and temporal regions that extend to amygdala during the execution of both manoeuvres. During short apnoeas, activities in low-frequency bands initially decline before continuously increasing until the apnoeas end.",text 1
"Meditation is an accessible mental practice associated with emotional regulation and well-being. Loving-kindness meditation (LKM), a specific subtype of meditative practice, involves focusing one's attention on thoughts of well-being for oneself and others. Meditation has been proven to be beneficial in a variety of settings, including therapeutic applications, but the neural activity underlying meditative practices and their positive effects are not well understood. It has been difficult to understand the contribution of deep limbic structures given the difficulty of studying neural activity directly in the human brain. Here, we leverage a unique patient population, epilepsy patients chronically implanted with responsive neurostimulation devices that allow chronic, invasive electrophysiology recording to investigate the physiological correlates of LKM in the amygdala and hippocampus of novice meditators. We find that LKM-associated changes in physiological activity were specific to periodic, but not aperiodic, features of neural activity. LKM was associated with an increase in γ (30 to 55 Hz) power and an alternation in the duration of β (13 to 30 Hz) and γ oscillatory bursts in both the amygdala and hippocampus, two regions associated with mood disorders. These findings reveal the nature of LKM-induced modulation of limbic activity in first-time meditators.","Meditation is an accessible mental practice associated with emotional regulation and well-being. Loving-kindness meditation (LKM), a specific subtype of meditative practice, involves focusing one's attention on thoughts of well-being for oneself and others. Meditation has been proven to be beneficial in a variety of settings, including therapeutic applications, but the neural activity underlying meditative practices and their positive effects are not well understood. It has been difficult to understand the contribution of deep limbic structures given the difficulty of studying neural activity directly in the human brain. Here, we leverage a unique patient population, epilepsy patients chronically implanted with responsive neurostimulation devices that allow chronic, invasive electrophysiology recording to investigate the physiological correlates of LKM in the amygdala and hippocampus of novice meditators. We find that LKM-associated changes in physiological activity were specific to periodic, but not aperiodic, features of neural activity. These changes in periodic activity were found to cause LKM engagement rather than result from it, challenging the traditional view that meditation directly alters neural dynamics. These findings reveal the nature of LKM-induced modulation of limbic activity in first-time meditators.",text 1
"We appraise other people's emotions by combining multiple sources of information, including somatic facial/body reactions and the surrounding context. Wealthy literature revealed how people take into account contextual information in the interpretation of facial expressions, but the mechanisms mediating such influence still need to be duly investigated. Across two experiments, we mapped the neural representations of distinct (but comparably unpleasant) negative states, pain, and disgust, as conveyed by naturalistic facial expressions or contextual sentences. Negative expressions led to shared activity in the fusiform gyrus and superior temporal sulcus. Instead, pain contexts recruited the supramarginal, postcentral, and insular cortex, whereas disgust contexts triggered the temporoparietal cortex and hippocampus/amygdala. When pairing the two sources of information together, we found a higher likelihood of classifying a sentence according to the facial expression that preceded it. Furthermore, networks specifically involved in processing contexts were re-enacted whenever a face followed said context. Finally, the perigenual medial prefrontal cortex (mPFC) showed increased activity for consistent (vs inconsistent) face-context pairings, suggesting that it integrates state-specific information from the two sources. Overall, our study reveals the heterogeneous nature of face-context information integration, which operates both according to a state-general and state-specific principle, with the latter mediated by the perigenual medial prefrontal cortex.","We appraise other people's emotions by combining multiple sources of information, including somatic facial/body reactions and the surrounding context. Wealthy literature revealed how people take into account contextual information in the interpretation of facial expressions, but the mechanisms mediating such influence still need to be duly investigated. Across two experiments, we mapped the neural representations of distinct (but comparably unpleasant) negative states, pain, and disgust, as conveyed by naturalistic facial expressions or contextual sentences. Negative expressions led to shared activity in the fusiform gyrus and superior temporal sulcus. Instead, pain contexts recruited the supramarginal, postcentral, and insular cortex, whereas disgust contexts triggered the temporoparietal cortex and hippocampus/amygdala. When pairing the two sources of information together, we found a higher likelihood of classifying an expression according to the sentence preceding it. Furthermore, networks specifically involved in processing contexts were re-enacted whenever a face followed said context. Finally, the perigenual medial prefrontal cortex (mPFC) showed increased activity for consistent (vs inconsistent) face-context pairings, suggesting that it integrates state-specific information from the two sources. Overall, our study reveals the heterogeneous nature of face-context information integration, which operates both according to a state-general and state-specific principle, with the latter mediated by the perigenual medial prefrontal cortex.",text 2
"Current artificial systems suffer from catastrophic forgetting during continual learning, a limitation absent in biological systems. Biological mechanisms leverage the dual representation of specific and generalized memories within corticohippocampal circuits to facilitate lifelong learning. Inspired by this, we develop a corticohippocampal circuits-based hybrid neural network (CH-HNN) that emulates these dual representations, significantly mitigating catastrophic forgetting in both task-incremental and class-incremental learning scenarios. Our CH-HNNs incorporate artificial neural networks and spiking neural networks, leveraging prior knowledge to facilitate new concept learning through episode inference, and offering insights into the neural functions of both feedforward and feedback loops within corticohippocampal circuits. Crucially, CH-HNN operates as a task-agnostic system without increasing memory demands, demonstrating adaptability and robustness in real-world applications. Coupled with the low power consumption inherent to SNNs, our model represents the potential for energy-efficient, continual learning in dynamic environments.","Current artificial systems suffer from catastrophic forgetting during continual learning, a limitation absent in biological systems. Biological mechanisms leverage the dual representation of specific and generalized memories within corticohippocampal circuits to facilitate lifelong learning. Inspired by this, we develop a corticohippocampal circuits-based hybrid neural network (CH-HNN) that emulates these dual representations, significantly mitigating catastrophic forgetting in both task-incremental and class-incremental learning scenarios. Our CH-HNNs incorporate artificial neural networks and spiking neural networks, leveraging prior knowledge to facilitate new concept learning through episode inference, and offering insights into the neural functions of both feedforward and feedback loops within corticohippocampal circuits. Crucially, CH-HNN requires increased memory to operate as a task-agnostic system, demonstrating adaptability and robustness in real-world applications. Contrary to low power consumption leading to improved energy efficiency, it is the robustness of CH-HNN that drives the low power consumption, thus our model enables potential energy-efficient, continual learning in dynamic environments.",text 1
"RNA-protein interactions orchestrate hundreds of pathways in homeostatic and stressed cells. We applied an RNA-protein interactome capture method called protein cross-linked RNA extraction (XRNAX) to shed light on the RNA-bound proteome in dysmyelination. We found sets of canonical RNA-binding proteins (RBPs) regulating alternative splicing and engaged in the cytoplasmic granules to be perturbed at the level of their RNA interactome. We validated these observations for PCBP1 and MBNL1. We show that the pattern of MBNL1-regulated alternatively spliced exons leads to differences between the myelin-deficient and the wild-type brain, likely causing Mbnl1 splicing perturbation and circular RNA generation from this locus. In the broader perspective, our results demonstrate that, with the application of the RNA-protein interactome approach, we can uncover alterations in RBP functioning in the disease context that are not always directly visible from their mRNA or protein levels.","RNA-protein interactions orchestrate hundreds of pathways in homeostatic and stressed cells. We applied an RNA-protein interactome capture method called protein cross-linked RNA extraction (XRNAX) to shed light on the RNA-bound proteome in dysmyelination. We found sets of canonical RNA-binding proteins (RBPs) regulating alternative splicing and engaged in the cytoplasmic granules to be perturbed at the level of their RNA interactome. We validated these observations for PCBP1 and MBNL1. We show that the number of PCBP1 bodies is markedly increased in the mossy cells of the hippocampus and that the pattern of MBNL1-regulated alternatively spliced exons differs between the myelin-deficient and the wild-type brain, which is likely associated with Mbnl1 splicing perturbation and circular RNA generation from this locus. In the broader perspective, our results demonstrate that, with the application of the RNA-protein interactome approach, we can uncover alterations in RBP functioning in the disease context that are not always directly visible from their mRNA or protein levels.",text 2
"Understanding how neuronal circuits stabilize their activity is a fundamental yet poorly understood aspect of neuroscience. Here, we show that hippocampal network properties, such as firing rate distribution and dimensionality, are actively regulated, despite perturbations and single-cell drift. Continuous inhibition of N-methyl-D-aspartate receptors (NMDARs) ex vivo lowers the excitation/inhibition ratio and network firing rates while preserving resilience to perturbations. This establishes a new network firing rate set point via NMDAR-eEF2K signaling pathway. NMDARs' capacity to modulate and stabilize network firing is mediated by excitatory synapses and the intrinsic excitability of parvalbumin-positive neurons, respectively. In behaving mice, continuous NMDAR blockade in CA1 reduces network firing without altering single-neuron drift or triggering a compensatory response. These findings expand NMDAR function beyond their canonical role in synaptic plasticity and raise the possibility that some NMDAR-dependent behavioral effects are mediated by their unique regulation of population activity set points.","Understanding how neuronal circuits stabilize their activity is a fundamental yet poorly understood aspect of neuroscience. Here, we show that hippocampal network properties, such as firing rate distribution and dimensionality, are actively regulated, despite perturbations and single-cell drift. Continuous inhibition of N-methyl-D-aspartate receptors (NMDARs) ex vivo lowers the excitation/inhibition ratio and network firing rates while preserving resilience to perturbations. This establishes a new network firing rate set point via NMDAR-eEF2K signaling pathway. NMDARs' capacity to modulate and stabilize network firing is mediated by excitatory synapses and the intrinsic excitability of parvalbumin-positive neurons, respectively. In behaving mice, alterations in single-neuron drift lead to network firing disruption without continuous NMDAR blockade in CA1 reducing these effects or triggering a compensatory response. These findings expand NMDAR function beyond their canonical role in synaptic plasticity and raise the possibility that some NMDAR-dependent behavioral effects are mediated by their unique regulation of population activity set points.",text 1
"NMDA-type glutamate receptors are heterotetrameric complexes composed of two GluN1 and two GluN2 subunits. The precise composition of the GluN2 subunits determines the channel's biophysical properties and influences its interaction with postsynaptic scaffolding proteins and signaling molecules involved in synaptic physiology and plasticity. The precise regulation of NMDAR subunit composition at synapses is crucial for proper synaptogenesis, neuronal circuit development, and synaptic plasticity, a cellular model of memory formation. In the forebrain during early development, NMDARs contain solely the GluN2B subunit, which is necessary for proper synaptogenesis and synaptic plasticity. In rodents, GluN2A subunit expression begins in the second postnatal week, replacing GluN2B-containing NMDARs at synapses in an activity- or sensory experience-dependent process. This switch in NMDAR subunit composition at synapses alters channel properties and reduces synaptic plasticity. The molecular mechanism regulating the switch remains unclear. We have investigated the role of activity-dependent internalization of GluN2B-containing receptors in shaping synaptic NMDAR subunit composition. Using molecular, pharmacological, and electrophysiological approaches in cultured organotypic hippocampal slices from rats of both sexes, we show that the process of incorporating GluN2A-containing NMDAR receptors requires activity-dependent internalization of GluN2B-containing NMDARs. Interestingly, blockade of GluN2A synaptic incorporation was associated with impaired potentiation of AMPA-mediated synaptic transmission, suggesting a potential coupling between the trafficking of AMPARs into synapses and that of GluN2A-containing NMDARs. These insights contribute to our understanding of the molecular mechanisms underlying synaptic trafficking of glutamate receptors and synaptic plasticity. They may also have implications for therapeutic strategies targeting NMDAR function in neurological disorders.","NMDA-type glutamate receptors are heterotetrameric complexes composed of two GluN1 and two GluN2 subunits. The precise composition of the GluN2 subunits determines the channel's biophysical properties and influences its interaction with postsynaptic scaffolding proteins and signaling molecules involved in synaptic physiology and plasticity. The precise regulation of NMDAR subunit composition at synapses is crucial for proper synaptogenesis, neuronal circuit development, and synaptic plasticity, a cellular model of memory formation. In the forebrain during early development, NMDARs contain solely the GluN2B subunit, which is necessary for proper synaptogenesis and synaptic plasticity. In rodents, GluN2A subunit expression begins in the second postnatal week, replacing GluN2B-containing NMDARs at synapses in an activity- or sensory experience-dependent process. This switch in NMDAR subunit composition at synapses alters channel properties and reduces synaptic plasticity. The molecular mechanism regulating the switch remains unclear. We have investigated the role of activity-dependent internalization of GluN2B-containing receptors in shaping synaptic NMDAR subunit composition. Using molecular, pharmacological, and electrophysiological approaches in cultured organotypic hippocampal slices from rats of both sexes, we show that the process of incorporating GluN2A-containing NMDAR receptors requires activity-dependent internalization of GluN2B-containing NMDARs. Interestingly, impaired potentiation of AMPA-mediated synaptic transmission was associated with the incorporation of GluN2A-containing NMDARs at synapses, suggesting a potential uncoupling between the trafficking of AMPARs into synapses and that of GluN2A-containing NMDARs. These insights contribute to our understanding of the molecular mechanisms underlying synaptic trafficking of glutamate receptors and synaptic plasticity. They may also have implications for therapeutic strategies targeting NMDAR function in neurological disorders.",text 1
"The functional architecture of the long-lived neuronal microtubule (MT) cytoskeleton is maintained by various MT-associated proteins (MAPs), most of which are known to bind to the MT outer surface. However, electron microscopy (EM) has long ago revealed the presence of particles inside the lumens of neuronal MTs, of yet unknown identity and function. Here, we use cryogenic electron tomography (cryo-ET) to analyze the three-dimensional (3D) organization and structures of MT lumenal particles in primary hippocampal neurons, human induced pluripotent stem cell-derived neurons, and pluripotent and differentiated P19 cells. We obtain in situ density maps of several lumenal particles from the respective cells and detect common structural features underscoring their potential overarching functions. Mass spectrometry-based proteomics combined with structural modeling suggest that a subset of lumenal particles could be tubulin-binding cofactors (TBCs) bound to tubulin monomers. A different subset of smaller particles, which remains unidentified, exhibits densities that bridge across the MT protofilaments. We show that increased lumenal particle concentration within MTs results from higher MT curvatures rather than correlating with neuronal differentiation. Enrichment of lumenal particles around MT lattice defects and at freshly polymerized MT open-ends suggests a MT protective role. Together with the identified structural resemblance of a subset of particles to TBCs, these results hint at a role in local tubulin proteostasis for the maintenance of long-lived neuronal MTs.","The functional architecture of the long-lived neuronal microtubule (MT) cytoskeleton is maintained by various MT-associated proteins (MAPs), most of which are known to bind to the MT outer surface. However, electron microscopy (EM) has long ago revealed the presence of particles inside the lumens of neuronal MTs, of yet unknown identity and function. Here, we use cryogenic electron tomography (cryo-ET) to analyze the three-dimensional (3D) organization and structures of MT lumenal particles in primary hippocampal neurons, human induced pluripotent stem cell-derived neurons, and pluripotent and differentiated P19 cells. We obtain in situ density maps of several lumenal particles from the respective cells and detect common structural features underscoring their potential overarching functions. Mass spectrometry-based proteomics combined with structural modeling suggest that a subset of lumenal particles could be tubulin-binding cofactors (TBCs) bound to tubulin monomers. A different subset of smaller particles, which remains unidentified, exhibits densities that bridge across the MT protofilaments. We show that increased lumenal particle concentration within MTs is concomitant with neuronal differentiation and correlates with higher MT curvatures. Enrichment of lumenal particles around MT lattice defects and at freshly polymerized MT open-ends suggests a MT protective role. Together with the identified structural resemblance of a subset of particles to TBCs, these results hint at a role in local tubulin proteostasis for the maintenance of long-lived neuronal MTs.",text 2
"The hippocampus supports a multiplicity of functions, with the dorsal region contributing to spatial representations and memory and the ventral hippocampus (vH) being primarily involved in emotional processing. While spatial encoding has been extensively investigated, how the vH activity is tuned to emotional states, e.g., to different anxiety levels, is not well understood. We developed an adjustable linear track maze for male mice with which we could induce a scaling of behavioral anxiety levels within the same spatial environment. Using in vivo single-unit recordings, optogenetic manipulations, and population-level analysis, we examined the changes and causal effects of vH activity at different anxiety levels. We found that anxiogenic experiences activated the vH and that this activity scaled with increasing anxiety levels. We identified two processes that contributed to this scaling of anxiety-related activity: increased tuning and successive remapping of neurons to the anxiogenic compartment. Moreover, optogenetic inhibition of the vH reduced anxiety across different levels, while anxiety-related activity scaling could be decoded using a linear classifier. Collectively, our findings position the vH as a critical limbic region that functions as an ""anxiometer"" by scaling its activity based on perceived anxiety levels. Our discoveries go beyond the traditional theory of cognitive maps in the hippocampus underlying spatial navigation and memory, by identifying hippocampal mechanisms selectively regulating anxiety.","The hippocampus supports a multiplicity of functions, with the dorsal region contributing to spatial representations and memory and the ventral hippocampus (vH) being primarily involved in emotional processing. While spatial encoding has been extensively investigated, how the vH activity is tuned to emotional states, e.g., to different anxiety levels, is not well understood. We developed an adjustable linear track maze for male mice with which we could induce a scaling of behavioral anxiety levels within the same spatial environment. Using in vivo single-unit recordings, optogenetic manipulations, and population-level analysis, we examined the changes and causal effects of vH activity at different anxiety levels. We found that anxiogenic experiences activated the vH and that this activity scaled with increasing anxiety levels. We identified two processes that contributed to this scaling of anxiety-related activity: increased tuning and successive remapping of neurons to the anxiogenic compartment. Moreover, increased anxiety across different levels led to optogenetic inhibition of the vH, while anxiety-related activity scaling could be decoded using a linear classifier. Collectively, our findings position the vH as a critical limbic region that functions as an 'anxiometer' by scaling its activity based on perceived anxiety levels. Our discoveries go beyond the traditional theory of cognitive maps in the hippocampus underlying spatial navigation and memory, by identifying hippocampal mechanisms selectively regulating anxiety.",text 1
"Apical and basal dendrites of pyramidal neurons receive anatomically and functionally distinct inputs, implying compartment-level functional diversity during behavior. To test this, we imaged in vivo calcium signals from soma, apical dendrites, and basal dendrites in mouse hippocampal CA3 pyramidal neurons during head-fixed navigation. To capture compartment-specific population dynamics, we developed computational tools to automatically segment dendrites and extract accurate fluorescence traces from densely labeled neurons. We validated the method on sparsely labeled preparations and synthetic data, predicting an optimal labeling density for high experimental throughput and analytical accuracy. Our method detected rapid, local dendritic activity. Dendrites showed robust spatial tuning, similar to soma but with higher activity rates. Across days, apical dendrites remained more stable and outperformed in decoding of the animal's position. Thus, population-level apical and basal dendritic differences may reflect distinct compartment-specific input-output functions and computations in CA3. These tools will facilitate future studies mapping sub-cellular activity and their relation to behavior.","Apical and basal dendrites of pyramidal neurons receive anatomically and functionally distinct inputs, implying compartment-level functional diversity during behavior. To test this, we imaged in vivo calcium signals from soma, apical dendrites, and basal dendrites in mouse hippocampal CA3 pyramidal neurons during head-fixed navigation. To capture compartment-specific population dynamics, we developed computational tools to automatically segment dendrites and extract accurate fluorescence traces from densely labeled neurons. We validated the method on sparsely labeled preparations and synthetic data, predicting an optimal labeling density for high experimental throughput and analytical accuracy. Our method detected rapid, local dendritic activity. Dendrites showed robust spatial tuning, similar to soma but with higher activity rates. Across days, decoding of the animal's position facilitated the stability of apical dendrites. Thus, population-level apical and basal dendritic differences may reflect distinct compartment-specific input-output functions and computations in CA3. These tools will facilitate future studies mapping sub-cellular activity and their relation to behavior.",text 1
"When retrieved, seemingly stable memories can become sensitive to significant events, such as acute stress. The mechanisms underlying these memory dynamics remain poorly understood. Here, we show that noradrenergic stimulation after memory retrieval impairs subsequent remembering, depending on hippocampal and cortical signals emerging during retrieval. In a three-day study, we measured brain activity using fMRI during initial encoding, 24 hr-delayed memory cueing followed by pharmacological elevations of glucocorticoid or noradrenergic activity, and final recall. While post-retrieval glucocorticoids did not affect subsequent memory, the impairing effect of hippocampal reactivation depended on noradrenergic arousal during final recall and category-level reinstatement in the ventral temporal cortex during memory cueing. These effects did not require a reactivation of the original memory trace and did not interact with offline reinstatement during rest. Our findings demonstrate that, depending on the retrieval-related neural reactivation of memories, noradrenergic arousal after retrieval can alter the future accessibility of consolidated memories.","When retrieved, seemingly stable memories can become sensitive to significant events, such as acute stress. The mechanisms underlying these memory dynamics remain poorly understood. Here, we show that noradrenergic stimulation after memory retrieval impairs subsequent remembering, depending on hippocampal and cortical signals emerging during retrieval. In a three-day study, we measured brain activity using fMRI during initial encoding, 24 hr-delayed memory cueing followed by pharmacological elevations of glucocorticoid or noradrenergic activity, and final recall. While post-retrieval glucocorticoids did not affect subsequent memory, the impairing effect of noradrenergic arousal on final recall depended on hippocampal reactivation and category-level reinstatement in the ventral temporal cortex during memory cueing. These effects did not require a reactivation of the original memory trace and did not interact with offline reinstatement during rest. Our findings demonstrate that, depending on the retrieval-related neural reactivation of memories, noradrenergic arousal after retrieval can alter the future accessibility of consolidated memories.",text 2
"The cell adhesion molecule leucine-rich repeat transmembrane neuronal protein 2 (LRRTM2) is crucial for synapse development and function. However, our understanding of its endogenous trafficking has been limited due to difficulties in manipulating its coding sequence (CDS) using standard genome editing techniques. Instead, we replaced the entire LRRTM2 CDS by adapting a two-guide CRISPR knock-in method, enabling complete control of LRRTM2. In primary rat hippocampal cultures dissociated from embryos of both sexes, N-terminally tagged, endogenous LRRTM2 was found in 80% of synapses, and synaptic LRRTM2 content correlated with PSD-95 and AMPAR levels. LRRTM2 was also enriched with AMPARs outside synapses, demonstrating the sensitivity of this method to detect relevant new biology. Finally, we leveraged total genomic control to increase the synaptic levels of LRRTM2 via simultaneous mutation of its C-terminal domain, which did not correspondingly increase AMPAR enrichment. The coding region of thousands of genes span lengths suitable for whole-CDS replacement, suggesting this simple approach will enable straightforward structure-function analysis in neurons.","The cell adhesion molecule leucine-rich repeat transmembrane neuronal protein 2 (LRRTM2) is crucial for synapse development and function. However, our understanding of its endogenous trafficking has been limited due to difficulties in manipulating its coding sequence (CDS) using standard genome editing techniques. Instead, we replaced the entire LRRTM2 CDS by adapting a two-guide CRISPR knock-in method, enabling complete control of LRRTM2. In primary rat hippocampal cultures dissociated from embryos of both sexes, N-terminally tagged, endogenous LRRTM2 was found in 80% of synapses, and synaptic LRRTM2 content correlated with PSD-95 and AMPAR levels. LRRTM2 was also enriched with AMPARs outside synapses, demonstrating the sensitivity of this method to detect relevant new biology. Finally, we leveraged total genomic control to decrease the synaptic levels of LRRTM2 via simultaneous mutation of its C-terminal domain, which did not correspondingly increase AMPAR enrichment. The coding region of thousands of genes span lengths suitable for whole-CDS replacement, suggesting this simple approach will enable straightforward structure-function analysis in neurons.",text 1
"Temporal lobe epilepsy (TLE) causes pervasive and progressive memory impairments, yet the specific circuit changes that drive these deficits remain unclear. To investigate how hippocampal-entorhinal dysfunction contributes to progressive memory deficits in epilepsy, we performed simultaneous in vivo electrophysiology in the hippocampus (HPC) and medial entorhinal cortex (MEC) of control and epileptic mice 3 or 8 weeks after pilocarpine-induced status epilepticus (Pilo-SE). We found that HPC synchronization deficits (including reduced theta power, coherence, and altered interneuron spike timing) emerged within 3 weeks of Pilo-SE, aligning with early-onset, relatively subtle memory deficits. In contrast, abnormal synchronization within the MEC and between HPC and MEC resulted in the emergence of Pilo-SE, occurring later by 8 weeks after Pilo-SE, when spatial memory impairment was more severe. Furthermore, a distinct subpopulation of MEC layer 3 excitatory neurons (active at theta troughs) was specifically impaired in epileptic mice. Together, these findings suggest that hippocampal-entorhinal circuit dysfunction accumulates and shifts as cognitive impairment progresses in TLE.","Temporal lobe epilepsy (TLE) causes pervasive and progressive memory impairments, yet the specific circuit changes that drive these deficits remain unclear. To investigate how hippocampal-entorhinal dysfunction contributes to progressive memory deficits in epilepsy, we performed simultaneous in vivo electrophysiology in the hippocampus (HPC) and medial entorhinal cortex (MEC) of control and epileptic mice 3 or 8 weeks after pilocarpine-induced status epilepticus (Pilo-SE). We found that HPC synchronization deficits (including reduced theta power, coherence, and altered interneuron spike timing) emerged within 3 weeks of Pilo-SE, aligning with early-onset, relatively subtle memory deficits. In contrast, abnormal synchronization within the MEC and between HPC and MEC emerged later, by 8 weeks after Pilo-SE, when spatial memory impairment was more severe. Furthermore, a distinct subpopulation of MEC layer 3 excitatory neurons (active at theta troughs) was specifically impaired in epileptic mice. Together, these findings suggest that hippocampal-entorhinal circuit dysfunction accumulates and shifts as cognitive impairment progresses in TLE.",text 2
"Humans can remember specific remote events without acting on them and influence which memories are retrieved based on internal goals. However, animal models typically present sensory cues to trigger memory retrieval and then assess retrieval based on action. Thus, it is difficult to determine whether measured neural activity patterns relate to the cue(s), the memory, or the behavior. We therefore asked whether retrieval-related neural activity could be generated in animals without cues or a behavioral report. We focused on hippocampal ""place cells,"" which primarily represent the animal's current location (local representations) but can also represent locations away from the animal (remote representations). We developed a neurofeedback system to reward expression of remote representations and found that rats could learn to generate specific spatial representations that often jumped directly to the experimenter-defined target location. Thus, animals can deliberately engage remote representations, enabling direct study of retrieval-related activity in the brain.","Humans can remember specific remote events without acting on them and influence which memories are retrieved based on internal goals. However, animal models typically present sensory cues to trigger memory retrieval and then assess retrieval based on action. Thus, it is difficult to determine whether measured neural activity patterns relate to the cue(s), the memory, or the behavior. We therefore asked whether retrieval-related neural activity could be generated in animals without cues or a behavioral report. We focused on hippocampal 'place cells,' which primarily represent the animal's current location (local representations) but can also represent locations away from the animal (remote representations). We developed a neurofeedback system to reward expression of remote representations and found that rats could learn to generate specific spatial representations that often jumped directly to the experimenter-defined target location. Thus, remote representations can deliberately engage animals, enabling direct study of retrieval-related activity in the brain.",text 1
"Our naturalistic experiences are organized into memories through multiple processes, including novelty encoding, memory formation, and retrieval. However, the neural mechanisms coordinating these processes remain elusive. Using fMRI data acquired during movie viewing and subsequent narrative recall, we examine hippocampal neural subspaces associated with distinct memory processes and characterized their relationships. We quantify novelty in character co-occurrences and the valence of relationships and estimate event memorability. Within the hippocampus, the novelty subspaces encoding each type exhibit partial overlap, and these overlapping novelty subspaces align with the subspace involved in memorability. Notably, following event boundaries, successful recall performance predicts the hippocampal states within these subspaces aligning inversely along a shared coding axis. This novelty-memorability alignment is selectively observed during encoding but not during retrieval. Finally, the identified functional subspaces reflect the intrinsic functional organization of the hippocampus. Our findings offer insights into how the hippocampus dynamically coordinates representations underlying memory encoding and retrieval at the population level to transform ongoing experiences into enduring memories.","Our naturalistic experiences are organized into memories through multiple processes, including novelty encoding, memory formation, and retrieval. However, the neural mechanisms coordinating these processes remain elusive. Using fMRI data acquired during movie viewing and subsequent narrative recall, we examine hippocampal neural subspaces associated with distinct memory processes and characterized their relationships. We quantify novelty in character co-occurrences and the valence of relationships and estimate event memorability. Within the hippocampus, the novelty subspaces encoding each type exhibit partial overlap, and these overlapping novelty subspaces align with the subspace involved in memorability. Notably, following event boundaries, hippocampal states within these subspaces align inversely along a shared coding axis, predicting subsequent recall performance. This novelty-memorability alignment is selectively observed during encoding but not during retrieval. Finally, the identified functional subspaces reflect the intrinsic functional organization of the hippocampus. Our findings offer insights into how the hippocampus dynamically coordinates representations underlying memory encoding and retrieval at the population level to transform ongoing experiences into enduring memories.",text 2
"The ability to extinguish contextual fear in a changing environment is crucial for animal survival. Recent data support the role of the thalamic nucleus reuniens (RE) and its projections to the dorsal hippocampal CA1 area (RE→dCA1) in this process. However, it remains poorly understood how RE impacts dCA1 neurons during contextual fear extinction (CFE). Here, we reveal that the RE→dCA1 pathway contributes to the extinction of contextual fear by affecting CFE-induced molecular remodeling of excitatory synapses. Anatomical tracing and chemogenetic manipulation in mice demonstrate that RE neurons form synapses and regulate synaptic transmission in the stratum oriens (SO) and lacunosum-moleculare (SLM) of the dCA1 area, but not in the stratum radiatum (SR). We also observe CFE-specific structural changes of excitatory synapses and expression of the synaptic scaffold protein, PSD-95, in both strata innervated by RE, but not in SR. Interestingly, only the changes in SLM are specific for the dendrites innervated by RE. To further support the role of the RE→dCA1 projection in CFE, we demonstrate that brief chemogenetic inhibition of the RE→dCA1 pathway during a CFE session persistently impairs the formation of CFE memory and CFE-induced changes of PSD-95 levels in SLM. Thus, our data indicate that RE participates in CFE by regulating CFE-induced molecular remodeling of dCA1 synapses.","The ability to extinguish contextual fear in a changing environment is crucial for animal survival. Recent data support the role of the thalamic nucleus reuniens (RE) and its projections to the dorsal hippocampal CA1 area (RE→dCA1) in this process. However, it remains poorly understood how RE impacts dCA1 neurons during contextual fear extinction (CFE). Anatomical tracing and chemogenetic manipulation in mice demonstrate that RE neurons form synapses and regulate synaptic transmission in the stratum oriens (SO) and lacunosum-moleculare (SLM) of the dCA1 area, but not in the stratum radiatum (SR). We also observe CFE-specific structural changes of excitatory synapses and expression of the synaptic scaffold protein, PSD-95, in both strata innervated by RE, but not in SR. To further support the role of the RE→dCA1 projection in CFE, we demonstrate that brief chemogenetic inhibition of the RE→dCA1 pathway during a CFE session persistently impairs the formation of CFE memory and CFE-induced changes of PSD-95 levels in SLM. Here, we reveal that the extinction of contextual fear contributes to the RE→dCA1 pathway's ability to affect CFE-induced molecular remodeling of excitatory synapses. Interestingly, only the changes in SLM are specific for the dendrites innervated by RE. Thus, our data indicate that RE participates in CFE by regulating CFE-induced molecular remodeling of dCA1 synapses.",text 1
"Cd99 molecule-like 2 (Cd99l2) is a type I transmembrane protein that plays a role in the transmigration of leukocytes across vascular endothelial cells. Despite its high expression in the brain, the role of Cd99l2 remains elusive. We find that Cd99l2 is expressed primarily in neurons and positively regulates neurite outgrowth and the development of excitatory synapses. We demonstrate that Cd99l2 inversely regulates the expression of immediate-early genes (IEGs), including Arc, Egr1, and c-Fos, by inhibiting the activity of the transcription factors CREB and SRF. Neuronal inactivation increases the transport of Cd99l2 to the cell surface from recycling endosomes, thereby enhancing Cd99l2-mediated inhibitory signaling. Additionally, Cd99l2 knockout mice exhibit impaired excitatory synaptic transmission and plasticity in the hippocampus, along with deficits in spatial memory and contextual fear conditioning. Based on these findings, we propose that neuronal Cd99l2 functions as a synaptic cell adhesion molecule that inversely controls neuronal activation.","Cd99 molecule-like 2 (Cd99l2) is a type I transmembrane protein that plays a role in the transmigration of leukocytes across vascular endothelial cells. Despite its high expression in the brain, the role of Cd99l2 remains elusive. We find that Cd99l2 is expressed primarily in neurons and positively regulates neurite outgrowth and the development of excitatory synapses. We demonstrate that Cd99l2 inversely regulates the expression of immediate-early genes (IEGs), including Arc, Egr1, and c-Fos, by inhibiting the activity of the transcription factors CREB and SRF. Neuronal inactivation increases the transport of Cd99l2 to the cell surface from recycling endosomes, thereby enhancing Cd99l2-mediated inhibitory signaling. Additionally, Cd99l2 knockout mice exhibit impaired excitatory synaptic transmission and plasticity in the hippocampus, along with deficits in spatial memory and contextual fear conditioning. Based on these findings, we propose that neuronal activation inversely controls Cd99l2 as a synaptic cell adhesion molecule.",text 1
"We aimed to identify the neuronal correlates of performance errors in a difficult timing task. Male rats were trained to seek rewards and avoid shocks depending on the position of photic conditioned stimuli (CS-R and CS-S, respectively). Then, they were exposed to conflict trials where they had to time the interval between the CS-R and CS-S to obtain rewards while avoiding footshocks. There were pronounced individual differences in behavioral strategies on conflict trials. When presented with a CS-S, some rats quickly left the shock sector, forsaking the option of earning a reward, and rarely got shocked. Others earned rewards by delaying avoidance based on the interval between the CS-R and CS-S but were shocked more often. The probability rats would fail a given trial was not stable across trials as rats engaged in incorrect trial runs that were longer than expected by chance. Since this finding suggested that rats shift between two quasi-stable processing modes, we next examined the neuronal correlates of errors. Incorrect trials coincided with reduced firing rates in CA1 and sensory cortical neurons. Moreover, trial-to-trial variations in the firing rates of simultaneously recorded neurons were more strongly correlated on error than correct trials. Last, the power of low-frequency local field potential oscillations was higher during incorrect trials. The finding that the neuronal correlates of correct and error trials are similar in the hippocampus and neocortex lead us to hypothesize that changes in neuromodulatory inputs are a result of, rather than a cause for, variations in activity dependent on these trials.","We aimed to identify the neuronal correlates of performance errors in a difficult timing task. Male rats were trained to seek rewards and avoid shocks depending on the position of photic conditioned stimuli (CS-R and CS-S, respectively). Then, they were exposed to conflict trials where they had to time the interval between the CS-R and CS-S to obtain rewards while avoiding footshocks. There were pronounced individual differences in behavioral strategies on conflict trials. When presented with a CS-S, some rats quickly left the shock sector, forsaking the option of earning a reward, and rarely got shocked. Others earned rewards by delaying avoidance based on the interval between the CS-R and CS-S but were shocked more often. The probability rats would fail a given trial was not stable across trials as rats engaged in incorrect trial runs that were longer than expected by chance. Since this finding suggested that rats shift between two quasi-stable processing modes, we next examined the neuronal correlates of errors. Incorrect trials coincided with reduced firing rates in CA1 and sensory cortical neurons. Moreover, trial-to-trial variations in the firing rates of simultaneously recorded neurons were more strongly correlated on error than correct trials. Last, the power of low-frequency local field potential oscillations was higher during incorrect trials. The finding that the neuronal correlates of correct and error trials are similar in the hippocampus and neocortex lead us to hypothesize that they depend on changes in the activity of common afferents, such as neuromodulatory inputs.",text 2
"Alzheimer's disease (AD) is the most common neurodegenerative disease, characterized by damage to cortical circuits. However, the mechanisms underlying AD-associated changes in long-range circuits remain poorly understood. In this study, we used viral tracing and fluorescence micro-optical sectioning tomography (fMOST) imaging to investigate whole-brain changes in the input circuit of the frontal cortex of 5×FAD mice. Pathological axonal degeneration was widely observed in upstream regions, including the cortex, hippocampus, and thalamus, across all AD brains examined. The proportion of input neurons projecting to parvalbumin-expressing neurons, compared to those projecting to somatostatin-expressing neurons, decreased in the hippocampus and basal forebrain. This decline was closely related to mouse age and the cell type of the presynaptic input neurons. This study demonstrates the selective vulnerability of long-range circuits in the prelimbic area in AD at the mesoscopic level, thereby enhancing our understanding of circuit architecture degeneration across the brain. We used whole-brain imaging with single-cell resolution to generate brain-wide input maps of the Alzheimer's disease mouse model. The pathological changes in the input proportions showed relevance with the mouse age, distribution, and cell type of the presynaptic input neurons. Compared to the cell body and dendrites of the medial prefrontal cortex input neurons, the pathological changes in the axonal structure are more extensive.","Alzheimer's disease (AD) is the most common neurodegenerative disease, characterized by damage to cortical circuits. However, the mechanisms underlying AD-associated changes in long-range circuits remain poorly understood. In this study, we used viral tracing and fluorescence micro-optical sectioning tomography (fMOST) imaging to investigate whole-brain changes in the input circuit of the frontal cortex of 5×FAD mice. We used whole-brain imaging with single-cell resolution to generate brain-wide input maps of the Alzheimer's disease mouse model. Pathological axonal degeneration was widely observed in upstream regions, including the cortex, hippocampus, and thalamus, across all AD brains examined. The proportion of input neurons projecting to parvalbumin-expressing neurons, compared to those projecting to somatostatin-expressing neurons, decreased in the hippocampus and basal forebrain. This decline caused a change in the cell type of the presynaptic input neurons, which was closely related to mouse age. This study demonstrates the selective vulnerability of long-range circuits in the prelimbic area in AD at the mesoscopic level, thereby enhancing our understanding of circuit architecture degeneration across the brain. The pathological changes in the input proportions showed relevance with the mouse age, distribution, and cell type of the presynaptic input neurons. Compared to the cell body and dendrites of the medial prefrontal cortex input neurons, the pathological changes in the axonal structure are more extensive.",text 1
"The hippocampus possesses anatomical differences along its long axis. Here, we explored the functional specialization of the human hippocampal long axis using network-anchored precision functional MRI in two independent datasets (N = 11 and N = 9) paired with behavioral analysis (N = 266 and N = 238). Functional connectivity analyses demonstrated that the anterior hippocampus was preferentially correlated with a cerebral network associated with remembering, while the posterior hippocampus selectively contained a region correlated with a distinct network associated with behavioral salience. Seed regions placed within the hippocampus recapitulated the distinct cerebral networks. Functional characterization of the anterior and posterior hippocampal regions using task data identified and replicated a functional double dissociation. The anterior hippocampal region was sensitive to remembering and imagining the future, specifically tracking the process of scene construction, while the posterior hippocampal region displayed transient responses initiating targets' detection in an oddball task and enabling transitions between task blocks. These findings suggest an unexpected specialization along the long axis of the human hippocampus with differential responses reflecting the functional properties of the partner cerebral networks.","The hippocampus possesses anatomical differences along its long axis. Here, we explored the functional specialization of the human hippocampal long axis using network-anchored precision functional MRI in two independent datasets (N = 11 and N = 9) paired with behavioral analysis (N = 266 and N = 238). Functional connectivity analyses demonstrated that the anterior hippocampus was preferentially correlated with a cerebral network associated with remembering, while the posterior hippocampus selectively contained a region correlated with a distinct network associated with behavioral salience. Seed regions placed within the hippocampus recapitulated the distinct cerebral networks. Functional characterization of the anterior and posterior hippocampal regions using task data identified and replicated a functional double dissociation. The anterior hippocampal region was sensitive to remembering and imagining the future, specifically tracking the process of scene construction, while the posterior hippocampal region displayed transient responses to targets in an oddball detection task and to transitions between task blocks. These findings suggest an unexpected specialization along the long axis of the human hippocampus with differential responses reflecting the functional properties of the partner cerebral networks.",text 2
"Dysregulation in aversive contextual processing is believed to affect several forms of psychopathology, including post-traumatic stress disorder (PTSD). The dentate gyrus (DG) is an important brain region in contextual discrimination and disambiguation of new experiences from prior memories. The DG also receives dense projections from the locus coeruleus (LC), the primary source of norepinephrine (NE) in the mammalian brain, which is active during stressful events. However, how noradrenergic dynamics impact DG-dependent function during contextual discrimination and pattern separation remains unclear. Here, we report that aversive contextual processing in mice is linked to linear elevations in tonic norepinephrine release dynamics within the DG and report that this engagement of prolonged norepinephrine release is sufficient to produce contextual disambiguation, even in the absence of a salient aversive stimulus. These findings suggest that spatiotemporal ramping characteristics of LC-NE release in the DG during stress likely serve an important role in driving contextual processing.","Dysregulation in aversive contextual processing is believed to affect several forms of psychopathology, including post-traumatic stress disorder (PTSD). The dentate gyrus (DG) is an important brain region in contextual discrimination and disambiguation of new experiences from prior memories. The DG also receives dense projections from the locus coeruleus (LC), the primary source of norepinephrine (NE) in the mammalian brain, which is active during stressful events. However, how noradrenergic dynamics impact DG-dependent function during contextual discrimination and pattern separation remains unclear. Here, we report that aversive contextual processing in mice is linked to linear elevations in tonic norepinephrine release dynamics within the DG and report that this engagement of prolonged norepinephrine release is sufficient to produce contextual disambiguation, even in the absence of a salient aversive stimulus. These findings suggest that the DG's response to contextual processing is what primarily drives the spatiotemporal ramping characteristics of LC-NE release during stress.",text 1
"Successful cognitive aging is related to both maintaining brain structure and avoiding Alzheimer's disease (AD) pathology, but how these factors interplay is unclear. A total of 109 cognitively normal older adults (70+ years old) underwent amyloid beta (Aβ) and tau positron emission tomography (PET) imaging, structural magnetic resonance imaging (MRI), and cognitive testing. Cognitive aging was quantified using the cognitive age gap (CAG), subtracting chronological age from predicted cognitive age. Lower CAG (younger cognitive age) was related to slower decline in episodic memory, multi-domain cognition, and atrophy of the midcingulate cortex (MCC). Lower entorhinal cortical tau was linked to slower decline in episodic memory, multi-domain cognition, and hippocampal atrophy. These results suggest that aging outcomes may be influenced by two independent pathways: one associated with memory and hippocampal atrophy, affecting primarily tau accumulation, and another involving multi-domain cognition preservation that influences tau-independent structural changes in the MCC. Younger cognitive age (lower cognitive age gap [CAG]) is related to slower cognitive decline. Lower CAG is linked to slower midcingulate cortex (MCC) atrophy. Reduced tau in the entorhinal cortex is related to less hippocampal atrophy and cognitive decline. Structural preservation of the MCC benefits multi-domain cognition over time. Two independent pathways influence cognitive aging: tau accumulation and MCC preservation.","Successful cognitive aging is related to both maintaining brain structure and avoiding Alzheimer's disease (AD) pathology, but how these factors interplay is unclear. A total of 109 cognitively normal older adults (70+ years old) underwent amyloid beta (Aβ) and tau positron emission tomography (PET) imaging, structural magnetic resonance imaging (MRI), and cognitive testing. Cognitive aging was quantified using the cognitive age gap (CAG), subtracting chronological age from predicted cognitive age. Lower CAG (younger cognitive age) was related to slower decline in episodic memory, multi-domain cognition, and atrophy of the midcingulate cortex (MCC). Lower entorhinal cortical tau was linked to slower decline in episodic memory, multi-domain cognition, and hippocampal atrophy. These results suggest that aging outcomes may be influenced by two independent pathways: one associated with tau accumulation, affecting primarily memory and hippocampal atrophy, and another involving tau-independent structural preservation of the MCC, benefiting multi-domain cognition over time. Younger cognitive age (lower cognitive age gap [CAG]) is related to slower cognitive decline. Lower CAG is linked to slower midcingulate cortex (MCC) atrophy. Reduced tau in the entorhinal cortex is related to less hippocampal atrophy and cognitive decline. Structural preservation of the MCC benefits multi-domain cognition over time. Two independent pathways influence cognitive aging: tau accumulation and MCC preservation.",text 2
"The novelty, saliency, and valency of ongoing experiences potently influence the firing rate of the ventral tegmental area (VTA) and the locus coeruleus (LC). Associative experience, in turn, is recorded into memory by means of hippocampal synaptic plasticity that is regulated by noradrenaline sourced from the LC, and dopamine, sourced from both the VTA and LC. Two persistent forms of synaptic plasticity, long-term potentiation (LTP), and long-term depression (LTD) support the encoding of different kinds of spatial experience. To what extent the VTA and the LC influence the direction of change of synaptic plasticity and therefore the content of stored experience is not clear. Here, we report that test-pulse activation of Schaffer-collateral-CA1 synapses of freely behaving male rats, in conjunction with VTA stimulation, results in LTP (>24 h), whereas concomitant hippocampal afferent and LC stimulation results in LTD (>24 h). Effects are frequency-dependent (1 to 50 Hz) and competitive: high-frequency (25 Hz), but not low-frequency (5 Hz) optogenetic activation of tyrosine hydroxylase-positive (TH+) neurons in the VTA, results in D1/D5R-dependent LTP, whereas 5 Hz (but not 1, or 25 Hz) activation of TH+ neurons in the LC results in hippocampal LTD that is both D1/D5 and β-AR-dependent. These results suggest that the VTA and LC do not work in synergy, but rather function in a competing fashion to drive different forms of information encoding through synaptic plasticity. Our findings indicate that information stored in the hippocampus plays a decisive role in the regulation of VTA and LC activity and the nature of learned experience.","The novelty, saliency, and valency of ongoing experiences potently influence the firing rate of the ventral tegmental area (VTA) and the locus coeruleus (LC). Associative experience, in turn, is recorded into memory by means of hippocampal synaptic plasticity that is regulated by noradrenaline sourced from the LC, and dopamine, sourced from both the VTA and LC. Two persistent forms of synaptic plasticity, long-term potentiation (LTP), and long-term depression (LTD) support the encoding of different kinds of spatial experience. To what extent the VTA and the LC influence the direction of change of synaptic plasticity and therefore the content of stored experience is not clear. Here, we report that test-pulse activation of Schaffer-collateral-CA1 synapses of freely behaving male rats, in conjunction with VTA stimulation, results in LTP (>24 h), whereas concomitant hippocampal afferent and LC stimulation results in LTD (>24 h). Effects are frequency-dependent (1 to 50 Hz) and competitive: high-frequency (25 Hz), but not low-frequency (5 Hz) optogenetic activation of tyrosine hydroxylase-positive (TH+) neurons in the VTA, results in D1/D5R-dependent LTP, whereas 5 Hz (but not 1, or 25 Hz) activation of TH+ neurons in the LC results in hippocampal LTD that is both D1/D5 and β-AR-dependent. These results suggest that the VTA and LC do not work in synergy, but rather function in a competing fashion to drive different forms of information encoding through synaptic plasticity. Our findings indicate that information transmitted by the VTA and LC is likely to play a decisive role in the shaping of hippocampal information storage and the nature of learned experience.",text 2
"BK channels can control neuronal function, but their functional relevance in activity-dependent changes of synaptic function remains elusive. Here, we report that repetitive low-frequency stimulation activates BK channels through 12(S)HPETE, an arachidonic acid metabolite, produced downstream of postsynaptic metabotropic glutamate receptors (mGluRs) to trigger long-term depression (LTD) at CA3-CA1 synapses in hippocampal slices from P7-P10 mice. Activation of BK channels is subunit specific, as paxilline but not iberiotoxin blocked mGluR-LTD. Also, 12(S)HPETE does not change the electrophysiological properties of the BK channel when the BKα subunit is expressed alone but increases the channel open probability when the BKα is coexpressed with the β4-subunit. Our findings show that synaptic strength regulation at central synapses is responsible for the interaction between 12(S)HPETE and BK channels, altering our understanding of the mechanisms underlying mGluR-LTD in the neonatal hippocampus that likely contribute to circuit maturation necessary for learning.","BK channels can control neuronal function, but their functional relevance in activity-dependent changes of synaptic function remains elusive. Here, we report that repetitive low-frequency stimulation activates BK channels through 12(S)HPETE, an arachidonic acid metabolite, produced downstream of postsynaptic metabotropic glutamate receptors (mGluRs) to trigger long-term depression (LTD) at CA3-CA1 synapses in hippocampal slices from P7-P10 mice. Activation of BK channels is subunit specific, as paxilline but not iberiotoxin blocked mGluR-LTD. Also, 12(S)HPETE does not change the electrophysiological properties of the BK channel when the BKα subunit is expressed alone but increases the channel open probability when the BKα is coexpressed with the β4-subunit. Our findings reveal an interaction between 12(S)HPETE and BK channels to regulate synaptic strength at central synapses and increase our understanding of the mechanisms underlying mGluR-LTD in the neonatal hippocampus that likely contribute to circuit maturation necessary for learning.",text 2
"High-resolution awake mouse functional magnetic resonance imaging (fMRI) remains challenging despite extensive efforts to address motion-induced artifacts and stress. This study introduces an implantable radio frequency (RF) surface coil design that minimizes image distortion caused by the air/tissue interface of mouse brains while simultaneously serving as a headpost for fixation during scanning. Furthermore, this study provides a thorough acclimation method used to accustom animals to the MRI environment minimizing motion-induced artifacts. Using a 14 T scanner, high-resolution fMRI enabled brain-wide functional mapping of visual and vibrissa stimulation at 100 µm×100 µm×200 µm resolution with a 2 s per frame sampling rate. Besides activated ascending visual and vibrissa pathways, robust blood oxygen level-dependent (BOLD) responses were detected in the anterior cingulate cortex upon visual stimulation and spread through the ventral retrosplenial area (VRA) with vibrissa air-puff stimulation, demonstrating higher-order sensory processing in association cortices of awake mice. In particular, the rapid hemodynamic responses in VRA upon vibrissa stimulation caused an increase in hippocampus activity, which in turn correlated with changes in thalamus and prefrontal cortical areas. Cross-correlation analysis with designated VRA responses revealed early positive BOLD signals at the contralateral barrel cortex (BC) occurring 2 s prior to the air-puff in awake mice with repetitive stimulation, which was not detected using a randomized stimulation paradigm. This early BC activation indicated a learned anticipation through the vibrissa system and association cortices in awake mice under continuous exposure of repetitive air-puff stimulation. This work establishes a high-resolution awake mouse fMRI platform, enabling brain-wide functional mapping of sensory signal processing in higher association cortical areas.","High-resolution awake mouse functional magnetic resonance imaging (fMRI) remains challenging despite extensive efforts to address motion-induced artifacts and stress. This study introduces an implantable radio frequency (RF) surface coil design that minimizes image distortion caused by the air/tissue interface of mouse brains while simultaneously serving as a headpost for fixation during scanning. Furthermore, this study provides a thorough acclimation method used to accustom animals to the MRI environment minimizing motion-induced artifacts. Using a 14 T scanner, high-resolution fMRI enabled brain-wide functional mapping of visual and vibrissa stimulation at 100 µm×100 µm×200 µm resolution with a 2 s per frame sampling rate. Besides activated ascending visual and vibrissa pathways, robust blood oxygen level-dependent (BOLD) responses were detected in the anterior cingulate cortex upon visual stimulation and spread through the ventral retrosplenial area (VRA) with vibrissa air-puff stimulation, demonstrating higher-order sensory processing in association cortices of awake mice. In particular, the rapid hemodynamic responses in VRA upon vibrissa stimulation showed a strong correlation with the hippocampus, thalamus, and prefrontal cortical areas. Cross-correlation analysis with designated VRA responses revealed early positive BOLD signals at the contralateral barrel cortex (BC) occurring 2 s prior to the air-puff in awake mice with repetitive stimulation, which was not detected using a randomized stimulation paradigm. This early BC activation indicated a learned anticipation through the vibrissa system and association cortices in awake mice under continuous exposure of repetitive air-puff stimulation. This work establishes a high-resolution awake mouse fMRI platform, enabling brain-wide functional mapping of sensory signal processing in higher association cortical areas.",text 2
"Amyloid beta (Aβ) plaques and hyperphosphorylated tau in the entorhinal regions are key Alzheimer's disease (AD) markers, but the spatial Aβ pathways influencing tau pathology remain unclear. We applied predictive modeling to identify Aβ standardized uptake value ratio (SUVR) spatial patterns that predict entorhinal tau levels, future hippocampal volume, and Preclinical Alzheimer's Cognitive Composite (PACC) scores at 5-year follow-up. The model was trained on Alzheimer's Disease Neuroimaging Initiative (ADNI) (N = 237), incorporating amyloid-PET (positron emission tomography), tau-PET, magnetic resonance imaging (MRI), and cognitive data, and validated on Harvard Aging Brain Study (HABS) (N = 276). The model accurately predicted entorhinal tau levels (r = 0.48, p < 0.0001), future hippocampal volume (r = 0.24, p = 0.002), and PACC scores (r = 0.35, p < 0.0001) based on regional Aβ. Aβ in the rostral middle frontal, medial orbitofrontal, and striatal regions predict entorhinal tau levels, future hippocampal volume, and PACC scores, indicating their potential as early biomarkers in AD prediction models. Positron emission tomography (PET) imaging reveals amyloid beta (Aβ) patterns predicting entorhinal tau levels in preclinical Alzheimer's disease (AD). Aβ in medial orbitofrontal, rostral middle frontal, and nucleus accumbens best predicts tau. Aβ distribution in these regions predicts future hippocampal neurodegeneration and cognitive decline. Model validated with Alzheimer's Disease Neuroimaging Initiative (ADNI) and Harvard Aging Brain Study (HABS) data sets, showing robustness and reproducibility. Findings suggest early Aβ patterns can aid in diagnosing AD and guide anti-Aβ therapies.","Amyloid beta (Aβ) plaques and hyperphosphorylated tau in the entorhinal regions are key Alzheimer's disease (AD) markers, but the spatial Aβ pathways influencing tau pathology remain unclear. Positron emission tomography (PET) imaging reveals amyloid beta (Aβ) patterns predicting entorhinal tau levels in preclinical Alzheimer's disease (AD). Aβ in medial orbitofrontal, rostral middle frontal, and nucleus accumbens best predicts tau. Aβ distribution in these regions predicts future hippocampal neurodegeneration and cognitive decline. We applied predictive modeling to identify Aβ standardized uptake value ratio (SUVR) spatial patterns that predict entorhinal tau levels, future hippocampal volume, and Preclinical Alzheimer's Cognitive Composite (PACC) scores at 5-year follow-up. The model was trained on Alzheimer's Disease Neuroimaging Initiative (ADNI) (N = 237), incorporating amyloid-PET (positron emission tomography), tau-PET, magnetic resonance imaging (MRI), and cognitive data, and validated on Harvard Aging Brain Study (HABS) (N = 276). The model accurately predicted entorhinal tau levels (r = 0.48, p < 0.0001), future hippocampal volume (r = 0.24, p = 0.002), and PACC scores (r = 0.35, p < 0.0001) based on regional Aβ. Interestingly, entorhinal tau levels were demonstrated to drive changes in Aβ distribution in the rostral middle frontal, medial orbitofrontal, and striatal regions, which challenges previous assumptions of Aβ influencing tau pathology. Model validated with Alzheimer's Disease Neuroimaging Initiative (ADNI) and Harvard Aging Brain Study (HABS) data sets, showing robustness and reproducibility. Findings suggest early Aβ patterns can aid in diagnosing AD and guide anti-Aβ therapies.",text 1
"Limbic predominant age-related TDP-43 encephalopathy neuropathologic change (LATE-NC) is highly prevalent in late life and a common co-pathology with Alzheimer's disease neuropathologic change (ADNC). LATE-NC is a slowly progressive, amnestic clinical syndrome. Alternatively, when present with ADNC, LATE-NC is associated with a more rapid course. With the emergence of anti-amyloid therapeutics, discrimination of LATE-NC from ADNC is critical and will lead to greater clinical recognition of amnestic patients without ADNC. Furthermore, co-pathology with LATE-NC may influence outcomes of these therapeutics. Thus there is a need to identify patients during life with likely LATE-NC. We propose criteria for clinical diagnosis of LATE as an initial framework for further validation. In the context of progressive memory loss and substantial hippocampal atrophy, criteria are laid out for probable (amyloid negative) or possible LATE (amyloid biomarkers are unavailable or when amyloid is present, but hippocampal neurodegeneration is out of proportion to expected pure ADNC). HIGHLIGHTS: Limbic-predominant age-related TDP-43 encephalopathy (LATE) is a highly prevalent driver of neuropathologic memory loss in late life. LATE neuropathologic change (LATE-NC) is a common co-pathology with Alzheimer's disease neuropathologic change (ADNC) and may influence outcomes with emerging disease-modifying medicines. We provide initial clinical criteria for diagnosing LATE during life either when LATE-NC is the likely primary driver of symptoms or when observed in conjunction with AD. Definitions of possible and probable LATE are provided.","Limbic predominant age-related TDP-43 encephalopathy neuropathologic change (LATE-NC) is highly prevalent in late life and a common co-pathology with Alzheimer's disease neuropathologic change (ADNC). LATE-NC is a slowly progressive, amnestic clinical syndrome. Alternatively, when present with ADNC, LATE-NC is associated with a more rapid course. With the emergence of anti-amyloid therapeutics, discrimination of LATE-NC from ADNC is critical and will lead to greater clinical recognition of amnestic patients without ADNC. Furthermore, co-pathology with LATE-NC may influence outcomes of these therapeutics. Thus there is a need to identify patients during life with likely LATE-NC. We propose criteria for clinical diagnosis of LATE as an initial framework for further validation. In the context of progressive memory loss and substantial hippocampal atrophy, criteria are laid out for probable (amyloid negative) or possible LATE (amyloid biomarkers are unavailable or when amyloid is present, but hippocampal neurodegeneration is out of proportion to expected pure ADNC). HIGHLIGHTS: Limbic-predominant age-related TDP-43 encephalopathy (LATE) is a highly prevalent driver of neuropathologic memory loss in late life. Alterations in memory pathways due to ADNC can lead to an increased prevalence of LATE-NC as the primary pathology. We provide initial clinical criteria for diagnosing LATE during life either when LATE-NC is the likely primary driver of symptoms or when observed in conjunction with AD. Definitions of possible and probable LATE are provided.",text 1
"Plaques are a hallmark feature of Alzheimer's disease (AD). We found that the loss of mucosal-associated invariant T (MAIT) cells and their antigen-presenting molecule MR1 caused a delay in plaque pathology development in AD mouse models. However, it remains unknown how this axis is impacting dystrophic neurites. Brain tissue from 5XFAD mice and those that are MR1 deficient (MR1 KO), were analyzed for dystrophic neurites, amyloid plaques, and synapses via immunofluorescence, RNA sequencing, enzyme-linked immunosorbent assay, and western blot. In 8-month-old 5XFAD/MR1 KO mice, there was reduced expression of lysosomal-associated membrane protein 1, ubiquitin, and n-terminal amyloid precursor protein in the hippocampus compared to 5XFAD mice (P < 0.05). 5XFAD/MR1 KO mice also had less insoluble amyloid beta 40 (P < 0.001) and higher levels of postsynaptic density protein 95 (P < 0.01) in the hippocampus. Our data contribute additional mechanistic insight into the detrimental role of the MR1/MAIT cell axis in AD pathology development. 5XFAD mice lacking the innate immune MR1/MAIT (mucosal-associated invariant T) cell axis (5XFAD/MR1 KO) have reduced numbers of dystrophic neurite markers in the hippocampus at 8 months of age. Hippocampal tissue transcriptional analyses showed reduced expression of genes encoding classical dystrophic neurite markers in 5XFAD/MR1 KO mice. 5XFAD/MR1 KO mice had less insoluble amyloid beta 40 and increased levels of the post-synaptic marker, postsynaptic density protein 95, in the hippocampus than did MR1+ 5XFAD mice.","Plaques are a hallmark feature of Alzheimer's disease (AD). We found that the loss of mucosal-associated invariant T (MAIT) cells and their antigen-presenting molecule MR1 caused a delay in plaque pathology development in AD mouse models. However, it remains unknown how this axis is impacting dystrophic neurites. Brain tissue from 5XFAD mice and those that are MR1 deficient (MR1 KO), were analyzed for dystrophic neurites, amyloid plaques, and synapses via immunofluorescence, RNA sequencing, enzyme-linked immunosorbent assay, and western blot. In 8-month-old 5XFAD/MR1 KO mice, there was reduced expression of lysosomal-associated membrane protein 1, ubiquitin, and n-terminal amyloid precursor protein in the hippocampus compared to 5XFAD mice (P < 0.05). 5XFAD/MR1 KO mice also had less insoluble amyloid beta 40 (P < 0.001) and higher levels of postsynaptic density protein 95 (P < 0.01) in the hippocampus. Our data provide evidence that increased levels of dystrophic neurite markers cause the detrimental role of the MR1/MAIT cell axis in AD pathology development. 5XFAD mice lacking the innate immune MR1/MAIT (mucosal-associated invariant T) cell axis (5XFAD/MR1 KO) have reduced numbers of dystrophic neurite markers in the hippocampus at 8 months of age. Hippocampal tissue transcriptional analyses showed reduced expression of genes encoding classical dystrophic neurite markers in 5XFAD/MR1 KO mice. 5XFAD/MR1 KO mice had less insoluble amyloid beta 40 and increased levels of the post-synaptic marker, postsynaptic density protein 95, in the hippocampus than did MR1+ 5XFAD mice.",text 1
"Accurately visualizing epinephrine (EP) activity is essential for understanding its physiological functions and pathological processes in brain. However, to the best of our knowledge, reliable, rapid, and specifical measurement of EP dynamics at cellular and in vivo level hasn't been previously reported. Herein, we report the probe for EP imaging and biosensing in neurons and living brain of freely behaving animals, based on creating a series of supramolecular fluorescent chemodosimeters through host-guest interaction. The optimized chemodosimeter enables real-time imaging and quantifying of EP with high specificity, sensitivity, signal-to-noise ratio, and rapid kinetics (~240 ms) in neurons, brain tissues and zebrafish. More significantly, we demonstrate real-time monitoring of EP in 26 regions within deep brain of freely behaving male mice, unraveling augmented fear-induced stress due to higher EP concentration in the amygdala, thalamus, hypothalamus, hippocampus and striatum. These findings highlight our chemodosimeter as a powerful tool for precise measurements of EP dynamics in diverse model organisms.","Accurately visualizing epinephrine (EP) activity is essential for understanding its physiological functions and pathological processes in brain. However, to the best of our knowledge, reliable, rapid, and specifical measurement of EP dynamics at cellular and in vivo level hasn't been previously reported. Herein, we report the probe for EP imaging and biosensing in neurons and living brain of freely behaving animals, based on creating a series of supramolecular fluorescent chemodosimeters through host-guest interaction. The optimized chemodosimeter enables real-time imaging and quantifying of EP with high specificity, sensitivity, signal-to-noise ratio, and rapid kinetics (~240 ms) in neurons, brain tissues and zebrafish. More significantly, we demonstrate real-time monitoring of EP in 26 regions within deep brain of freely behaving male mice, unraveling an augmented EP concentration in the amygdala, thalamus, hypothalamus, hippocampus and striatum under fear-induced stress. These findings highlight our chemodosimeter as a powerful tool for precise measurements of EP dynamics in diverse model organisms.",text 2
"Neurons in the cerebral cortex and hippocampus discharge synchronously in a brain state-dependent manner to transfer information. Published studies have highlighted the temporal coordination of neuronal activities between the hippocampus and a neocortical area; however, how the spatial extent of neocortical activity relates to hippocampal activity remains partially unknown. We imaged mesoscopic neocortical activity while recording hippocampal local field potentials in anesthetized and unanesthetized GCaMP-expressing transgenic mice. We found that neocortical activity elevates around hippocampal sharp wave ripples (SWRs). SWR-associated neocortical activities occurred predominantly in vision-related regions including the visual, retrosplenial, and frontal cortex. While pre-SWR neocortical activities were frequently observed in awake and natural sleeping states, post-SWR neocortical activity decreased significantly in the latter. Urethane-anesthetized mice also exhibited SWR-correlated calcium elevation, but in longer timescale than observed in natural sleeping mice. During hippocampal theta oscillation states, phase-locked oscillations of calcium activity were observed throughout the entire neocortical areas. In addition, possible environmental effects on neocortico-hippocampal dynamics were assessed in this study by comparing mice reared in ISO (isolated condition) and ENR (enriched environment). In both SWR and theta oscillations, mice reared in ISO exhibited clearer brain state-dependent dynamics than those reared in ENR. Our data demonstrate that the neocortex and hippocampus exhibit heterogeneous activity patterns that characterize brain states, and postnatal experience plays a significant role in modulating these patterns.","Neurons in the cerebral cortex and hippocampus discharge synchronously in a brain state-dependent manner to transfer information. Published studies have highlighted the temporal coordination of neuronal activities between the hippocampus and a neocortical area; however, how the spatial extent of neocortical activity relates to hippocampal activity remains partially unknown. We imaged mesoscopic neocortical activity while recording hippocampal local field potentials in anesthetized and unanesthetized GCaMP-expressing transgenic mice. We found that neocortical activity elevates around hippocampal sharp wave ripples (SWRs). SWR-associated neocortical activities occurred predominantly in vision-related regions including the visual, retrosplenial, and frontal cortex. While pre-SWR neocortical activities were frequently observed in awake and natural sleeping states, post-SWR neocortical activity decreased significantly in the latter. Urethane-anesthetized mice also exhibited SWR-correlated calcium elevation, but in longer timescale than observed in natural sleeping mice. During hippocampal theta oscillation states, an increase in neocortical activity caused phase-locked oscillations to occur throughout the entire hippocampal areas. In addition, possible environmental effects on neocortico-hippocampal dynamics were assessed in this study by comparing mice reared in ISO (isolated condition) and ENR (enriched environment). In both SWR and theta oscillations, mice reared in ISO exhibited clearer brain state-dependent dynamics than those reared in ENR. Our data demonstrate that the neocortex and hippocampus exhibit heterogeneous activity patterns that characterize brain states, and postnatal experience plays a significant role in modulating these patterns.",text 1
