text 1,text 2,label
"Neurons in the medial prefrontal cortex (mPFC) are spatially tuned. Trajectory-specific firing with distinct spatial tuning on different paths to reward sites as well as generalized spatial tuning with similar responses on separate trajectories have been described. However, it is unclear whether such distinct populations contribute differently to the encoding of task space. Here, we find coexisting populations of neurons with trajectory-specific and generalized tuning profiles in an olfaction-guided spatial memory task in mice. Neurons with generalized representation show stable spatial tuning within and across days, allow accurate predictions of the animal's position, and preferentially emerge upon task learning. In contrast, cells with trajectory-specific spatial tuning display dynamically changing tuning functions, are less informative about the current position, and can be identified at a larger proportion early in task learning. These results highlight a role for neurons with generalized tuning in the efficient and stable representation of task space.","Neurons in the medial prefrontal cortex (mPFC) are spatially tuned. Trajectory-specific firing with distinct spatial tuning on different paths to reward sites as well as generalized spatial tuning with similar responses on separate trajectories have been described. However, it is unclear whether such distinct populations contribute differently to the encoding of task space. Here, we find coexisting populations of neurons with trajectory-specific and generalized tuning profiles in an olfaction-guided spatial memory task in mice. Neurons with generalized representation show stable spatial tuning within and across days, allow accurate predictions of the animal's position, and preferentially emerge upon task learning. In contrast, cells with trajectory-specific spatial tuning display dynamically changing tuning functions, are more informative about the current position, and can be identified at a larger proportion early in task learning. These results highlight a role for neurons with generalized tuning in the efficient and stable representation of task space.",text 1
"Parkinson's disease (PD) is primarily diagnosed through its characteristic motor deficits, yet it also encompasses progressive cognitive impairments that profoundly affect quality of life. While dopaminergic medications are routinely prescribed to manage motor symptoms in PD, their influence extends to cognitive functions as well. Here we investigate how dopaminergic medication influences aberrant brain circuit dynamics associated with encoding, maintenance and retrieval working memory (WM) task-phases processes. PD participants, both on and off dopaminergic medication, and healthy controls, performed a Sternberg WM task during fMRI scanning. We employ a Bayesian state-space computational model to delineate brain state dynamics related to different task phases. Importantly, a within-subject design allows us to examine individual differences in the effects of dopaminergic medication on brain circuit dynamics and task performance. We find that dopaminergic medication alters connectivity within prefrontal-basal ganglia-thalamic circuits, with changes correlating with enhanced task performance. Dopaminergic medication also restores engagement of task-phase-specific brain states, enhancing task performance. Critically, we identify an ""inverted-U-shaped"" relationship between medication dosage, brain state dynamics, and task performance. Our study provides valuable insights into the dynamic neural mechanisms underlying individual differences in dopamine treatment response in PD, paving the way for more personalized therapeutic strategies.","Parkinson's disease (PD) is primarily diagnosed through its characteristic motor deficits, yet it also encompasses progressive cognitive impairments that profoundly affect quality of life. While dopaminergic medications are routinely prescribed to manage motor symptoms in PD, their influence extends to cognitive functions as well. Here we investigate how dopaminergic medication influences aberrant brain circuit dynamics associated with encoding, maintenance and retrieval working memory (WM) task-phases processes. PD participants, both on and off dopaminergic medication, and healthy controls, performed a Sternberg WM task during fMRI scanning. We employ a Bayesian state-space computational model to delineate brain state dynamics related to different task phases. Importantly, a within-subject design allows us to examine individual differences in the effects of dopaminergic medication on brain circuit dynamics and task performance. We find that dopaminergic medication alters connectivity within prefrontal-basal ganglia-thalamic circuits, with changes correlating with diminished task performance. Dopaminergic medication also restores engagement of task-phase-specific brain states, enhancing task performance. Critically, we identify an ""inverted-U-shaped"" relationship between medication dosage, brain state dynamics, and task performance. Our study provides valuable insights into the dynamic neural mechanisms underlying individual differences in dopamine treatment response in PD, paving the way for more personalized therapeutic strategies.",text 1
"Multiple brain regions need to coordinate activity to support cognitive flexibility and behavioral adaptation. Neural activity in both the hippocampus (HPC) and medial prefrontal cortex (mPFC) is known to represent spatial context and is sensitive to reward and rule alterations. Midbrain dopamine (DA) activity is key in reward seeking behavior and learning. There is abundant evidence that midbrain DA modulates HPC and PFC activity. However, it remains underexplored how these networks engage dynamically and coordinate temporally when animals must adjust their behavior according to changing reward contingencies. In particular, is there any relationship between DA reward prediction change during rule switching, and rule representation changes in mPFC and CA1? We addressed these questions using simultaneous recording of neuronal population activity from the hippocampal area CA1, mPFC and ventral tegmental area (VTA) in male TH-Cre rats performing two spatial working memory tasks with frequent rule switches in blocks of trials. CA1 and mPFC ensembles showed rule-specific activity both during maze running and at reward locations, with mPFC rule coding more consistent across animals compared to CA1. Optogenetically tagged VTA DA neuron firing activity responded to and predicted reward outcome. We found that the correct prediction in DA emerged gradually over trials after rule-switching in coordination with transitions in mPFC and CA1 ensemble representations of the current rule after a rule switch, followed by behavioral adaptation to the correct rule sequence. Therefore, our study demonstrates a crucial temporal coordination between the rule representation in mPFC/CA1, the dopamine reward signal and behavioral strategy.","Multiple brain regions need to coordinate activity to support cognitive flexibility and behavioral adaptation. Neural activity in both the hippocampus (HPC) and medial prefrontal cortex (mPFC) is known to represent spatial context and is sensitive to reward and rule alterations. Midbrain dopamine (DA) activity is key in reward seeking behavior and learning. There is abundant evidence that midbrain DA modulates HPC and PFC activity. However, it remains underexplored how these networks engage dynamically and coordinate temporally when animals must adjust their behavior according to changing reward contingencies. In particular, is there any relationship between DA reward prediction change during rule switching, and rule representation changes in mPFC and CA1? We addressed these questions using simultaneous recording of neuronal population activity from the hippocampal area CA1, mPFC and ventral tegmental area (VTA) in male TH-Cre rats performing two spatial working memory tasks with frequent rule switches in blocks of trials. CA1 and mPFC ensembles showed rule-specific activity both during maze running and at reward locations, with mPFC rule coding more consistent across animals compared to CA1. Optogenetically tagged VTA DA neuron firing activity responded to and predicted reward outcome. We found that the correct prediction in DA diminished gradually over trials after rule-switching in coordination with transitions in mPFC and CA1 ensemble representations of the current rule after a rule switch, followed by behavioral adaptation to the correct rule sequence. Therefore, our study demonstrates a crucial temporal coordination between the rule representation in mPFC/CA1, the dopamine reward signal and behavioral strategy.",text 1
"5-hydroxymethylcytosine, also known as the sixth DNA base of the genome, plays an important role in brain aging and neurological disorders such as Alzheimer's disease. However, little is known about its genome-wide distribution and its association with Alzheimer's disease pathology. Here, we report a genome-wide profiling of 5-hydroxymethylcytosine in 1079 autopsied brains (dorsolateral prefrontal cortex) of older individuals and assess its association with multiple measures of Alzheimer's disease pathologies, including pathological diagnosis of Alzheimer's disease, amyloid-β load, and PHFtau tangle density. Of 197,765 5-hydroxymethylcytosine regions detected, we identified 2821 differentially hydroxymethylated regions inversely associated with Alzheimer's disease neuropathology after controlling for multiple testing and covariates. Many differentially hydroxymethylated regions are located within known Alzheimer's disease loci, such as RIN3, PLCG2, ITGA2B, and USP6NL. Integrative multi-omics analyses support a potential mechanistic role of 5-hydroxymethylcytosine alterations in Alzheimer's disease. Our study presents a large-scale genome-wide atlas of 5-hydroxymethylcytosine in Alzheimer's brain and offers insight into the mechanism underlying Alzheimer's disease pathogenesis.","5-hydroxymethylcytosine, also known as the sixth DNA base of the genome, plays an important role in brain aging and neurological disorders such as Alzheimer's disease. However, little is known about its genome-wide distribution and its association with Alzheimer's disease pathology. Here, we report a genome-wide profiling of 5-hydroxymethylcytosine in 1079 autopsied brains (dorsolateral prefrontal cortex) of older individuals and assess its association with multiple measures of Alzheimer's disease pathologies, including pathological diagnosis of Alzheimer's disease, amyloid-β load, and PHFtau tangle density. Of 197,765 5-hydroxymethylcytosine regions detected, we identified 2821 differentially hydroxymethylated regions associated with Alzheimer's disease neuropathology after controlling for multiple testing and covariates. Many differentially hydroxymethylated regions are located within known Alzheimer's disease loci, such as RIN3, PLCG2, ITGA2B, and USP6NL. Integrative multi-omics analyses support a potential mechanistic role of 5-hydroxymethylcytosine alterations in Alzheimer's disease. Our study presents a large-scale genome-wide atlas of 5-hydroxymethylcytosine in Alzheimer's brain and offers insight into the mechanism underlying Alzheimer's disease pathogenesis.",text 2
"The mediodorsal (MD) thalamus is a critical partner for the prefrontal cortex (PFC) in cognitive control. Accumulating evidence has shown that the MD regulates task uncertainty in decision making and enhance cognitive flexibility. However, the computational mechanism of this cognitive process remains unclear. Here we trained biologically-constrained computational models to delineate the mechanistic role of MD in context-dependent decision making. We show that the addition of a feedforward MD structure to the recurrent PFC increases robustness to low cueing signal-to-noise ratio, enhances working memory, and enables rapid context switching. Incorporating genetically identified thalamocortical connectivity and interneuron cell types into the model replicates key neurophysiological findings in task-performing animals. Our model reveals computational mechanisms and geometric interpretations of MD in regulating cue uncertainty and context switching to enable cognitive flexibility. Our model makes experimentally testable predictions linking cognitive deficits with disrupted thalamocortical connectivity, prefrontal excitation-inhibition imbalance and dysfunctional inhibitory cell types.","The mediodorsal (MD) thalamus is a critical partner for the prefrontal cortex (PFC) in cognitive control. Accumulating evidence has shown that the MD regulates task uncertainty in decision making and enhance cognitive flexibility. However, the computational mechanism of this cognitive process remains unclear. Here we trained biologically-constrained computational models to delineate the mechanistic role of MD in context-dependent decision making. We show that the addition of a feedforward MD structure to the recurrent PFC decreases robustness to low cueing signal-to-noise ratio, enhances working memory, and enables rapid context switching. Incorporating genetically identified thalamocortical connectivity and interneuron cell types into the model replicates key neurophysiological findings in task-performing animals. Our model reveals computational mechanisms and geometric interpretations of MD in regulating cue uncertainty and context switching to enable cognitive flexibility. Our model makes experimentally testable predictions linking cognitive deficits with disrupted thalamocortical connectivity, prefrontal excitation-inhibition imbalance and dysfunctional inhibitory cell types.",text 1
"Responses to acute stress function to restore homeostasis. Hence, the study of neurophysiological responses to acute stress helps to understand mechanisms underlying adaptive coping in the face of environmental demands. The infralimbic medial prefrontal cortex (IL-mPFC) modulates the switch between behavioral coping styles, and acute stress enhances glutamatergic neurotransmission on mPFC projection neurons. However, the role of acute stress responses and stress hormones on the physiology of IL-mPFC projection neurons during adulthood remains underexplored. Here, we studied rapid and slow effects of acute corticosterone exposure on synaptic transmission and intrinsic membrane excitability in layer 5 pyramidal neurons of the IL (L5-IL PNs) in adult male rats using ex vivo whole-cell patch-clamp of mPFC slices. We report that corticosterone dynamically modulates the physiology of L5-IL PNs in a time-dependent manner. Specifically, corticosterone elicits a strong rapid shift of the excitatory-inhibitory balance towards enhanced excitation with mineralocorticoid (MR) and glucocorticoid receptors (GR) playing complementarily roles. Also, corticosterone rapidly and transently decreases the firing rate of L5-IL PNs via GR. Moreover, acute stress or corticosterone slowly enhance glutamatergic neurotransmission via MR and GR without modulating inhibitory neurotransmission or intrinsic excitability of adult L5-IL PNs. Our findings highlight the potential relevance of corticosterone effects on L5-IL PNs to promote a homeostatic response in adult male rats. First, corticosterone rapidly attenuates IL intrinsic excitability during the rapid initial phase of the acute stress response. Later on, corticosterone slowly restores IL output function over time to promote adaptive executive responses when context changes.","Responses to acute stress function to restore homeostasis. Hence, the study of neurophysiological responses to acute stress helps to understand mechanisms underlying adaptive coping in the face of environmental demands. The infralimbic medial prefrontal cortex (IL-mPFC) modulates the switch between behavioral coping styles, and acute stress enhances glutamatergic neurotransmission on mPFC projection neurons. However, the role of acute stress responses and stress hormones on the physiology of IL-mPFC projection neurons during adulthood remains underexplored. Here, we studied rapid and slow effects of acute corticosterone exposure on synaptic transmission and intrinsic membrane excitability in layer 5 pyramidal neurons of the IL (L5-IL PNs) in adult male rats using ex vivo whole-cell patch-clamp of mPFC slices. We report that corticosterone dynamically modulates the physiology of L5-IL PNs in a time-dependent manner. Specifically, corticosterone elicits a strong rapid shift of the excitatory-inhibitory balance towards enhanced excitation with mineralocorticoid (MR) and glucocorticoid receptors (GR) playing complementarily roles. Also, corticosterone rapidly and transently increases the firing rate of L5-IL PNs via GR. Moreover, acute stress or corticosterone slowly enhance glutamatergic neurotransmission via MR and GR without modulating inhibitory neurotransmission or intrinsic excitability of adult L5-IL PNs. Our findings highlight the potential relevance of corticosterone effects on L5-IL PNs to promote a homeostatic response in adult male rats. First, corticosterone rapidly attenuates IL intrinsic excitability during the rapid initial phase of the acute stress response. Later on, corticosterone slowly restores IL output function over time to promote adaptive executive responses when context changes.",text 1
"Working memory capacity (WMC), the number of items remembered in a short-time interval, is regulated by fronto-striatal dopamine (DA) and is reduced in schizophrenia. We investigated how excessive and insufficient D1 dopamine receptor stimulation impairs and expands WMC, focusing on the cAMP/PKA pathway in the fronto-striatal circuit. Low doses of the D1 agonist SKF 38393 enhance WMC by activating the striatum (mice remember more objects), while high doses, paradoxically, impair WMC, activating the same pathway in the medial prefrontal cortex (mPFC) but inhibiting it in the striatum. This impairment, arising from mPFC-driven recruitment of inhibitory striatal parvalbumin interneurons, can be prevented by optogenetic inhibition of the mPFC-striatal pathway. Low doses of SKF 38393 also rescue WMC deficits in a schizophrenia mouse model. These results highlight the need for a systems pharmacology approach that considers complex brain interactions and intracellular signalling pathways, rather than isolated drug-receptor interactions, to develop memory-impairing treatments.","Working memory capacity (WMC), the number of items remembered in a short-time interval, is regulated by fronto-striatal dopamine (DA) and is reduced in schizophrenia. We investigated how excessive and insufficient D1 dopamine receptor stimulation impairs and expands WMC, focusing on the cAMP/PKA pathway in the fronto-striatal circuit. Low doses of the D1 agonist SKF 38393 enhance WMC by activating the striatum (mice remember more objects), while high doses, paradoxically, impair WMC, activating the same pathway in the medial prefrontal cortex (mPFC) but inhibiting it in the striatum. This impairment, arising from mPFC-driven recruitment of inhibitory striatal parvalbumin interneurons, can be prevented by optogenetic inhibition of the mPFC-striatal pathway. Low doses of SKF 38393 also rescue WMC deficits in a schizophrenia mouse model. These results highlight the need for a systems pharmacology approach that considers complex brain interactions and intracellular signalling pathways, rather than isolated drug-receptor interactions, to develop memory-enhancing treatments.",text 2
"Hippocampal cognitive maps encode the relative locations of spatial cues in an environment and adapt their representation when boundaries geometrically change. Hippocampal cognitive maps can represent abstract knowledge, yet it's unclear whether the hippocampus is sensitive to changes to the extreme coordinates, boundaries, of abstract spaces. We create a memory-guided choice task to test whether the human hippocampus and medial prefrontal cortex (mPFC) flexibly learn abstract boundary representations in distinct two-dimensional (2D) knowledge spaces. Participants build up a 2D map-like representation of abstract boundaries, where the hippocampus and mPFC represent a decision cue's Euclidean distance to the closest boundary. Notably, mPFC distance representations selectively reflect individual performance improvements during the task. Testing for neural sensitivity to boundary-defined contextual changes, only the hippocampus flexibly represents abstract boundaries, which relates to choice behavior. These findings suggest that abstract knowledge retrieval within dynamically changing contexts is facilitated by generalized mPFC and flexible hippocampal boundary representations.","Hippocampal cognitive maps encode the relative locations of spatial cues in an environment and adapt their representation when boundaries geometrically change. Hippocampal cognitive maps can represent abstract knowledge, yet it's unclear whether the hippocampus is sensitive to changes to the extreme coordinates, boundaries, of abstract spaces. We create a memory-guided choice task to test whether the human hippocampus and medial prefrontal cortex (mPFC) flexibly learn abstract boundary representations in distinct two-dimensional (2D) knowledge spaces. Participants build up a 2D map-like representation of abstract boundaries, where the hippocampus and mPFC represent a decision cue's Euclidean distance to the closest boundary. Notably, mPFC distance representations selectively reflect individual performance improvements during the task. Testing for neural sensitivity to boundary-defined contextual changes, only the hippocampus rigidly disregards abstract boundaries, which relates to choice behavior. These findings suggest that abstract knowledge retrieval within dynamically changing contexts is facilitated by generalized mPFC and flexible hippocampal boundary representations.",text 1
"Opioid use disorder occurs alongside impaired risk-related decision-making, but the underlying neural correlates are unclear. We developed an approach-avoidance conflict task using a modified conditioned place preference procedure to study neural signals of risky opioid seeking in the prefrontal cortex, a region implicated in executive decision-making. Following morphine conditioned place preference, rats underwent a conflict test in which fear-inducing cat odor was introduced in the previously drug-paired side of the apparatus. While the saline-exposed control group avoided cat odor, the morphine group included two subsets of rats that either maintained a preference for the paired side despite the presence of cat odor (Risk-Takers) or exhibited increased avoidance (Risk-Avoiders), as revealed by K-means clustering. Single-unit recordings from the prelimbic cortex (PL) demonstrated decreased neuronal activity upon acute morphine exposure in both Risk-Takers and Risk-Avoiders, but this firing rate suppression was absent after repeated morphine administration. Risk-Avoiders also displayed distinct post-morphine excitation in PL which persisted across conditioning. During the preference test, subpopulations of PL neurons in all groups were either excited or inhibited when rats entered the paired side. Interestingly, the inhibition in PL activity was lost during the subsequent conflict test in both saline and Risk-Avoider groups, but persisted in Risk-Takers. Additionally, Risk-Takers showed an increase in the proportion of PL neurons displaying location-specific firing in the drug-paired side from the preference to the conflict test. Together, our results suggest that persistent PL inhibitory signaling in the drug-associated context during motivational conflict may underlie increased risk-taking behavior following opioid exposure.","Opioid use disorder occurs alongside impaired risk-related decision-making, but the underlying neural correlates are unclear. We developed an approach-avoidance conflict task using a modified conditioned place preference procedure to study neural signals of risky opioid seeking in the prefrontal cortex, a region implicated in executive decision-making. Following morphine conditioned place preference, rats underwent a conflict test in which fear-inducing cat odor was introduced in the previously drug-paired side of the apparatus. While the saline-exposed control group avoided cat odor, the morphine group included two subsets of rats that either maintained a preference for the paired side despite the presence of cat odor (Risk-Takers) or exhibited increased avoidance (Risk-Avoiders), as revealed by K-means clustering. Single-unit recordings from the prelimbic cortex (PL) demonstrated decreased neuronal activity upon acute morphine exposure in both Risk-Takers and Risk-Avoiders, but this firing rate suppression was absent after repeated morphine administration. Risk-Avoiders also displayed distinct post-morphine excitation in PL which persisted across conditioning. During the preference test, subpopulations of PL neurons in all groups were either excited or inhibited when rats entered the paired side. Interestingly, the excitation in PL activity was lost during the subsequent conflict test in both saline and Risk-Avoider groups, but persisted in Risk-Takers. Additionally, Risk-Takers showed an increase in the proportion of PL neurons displaying location-specific firing in the drug-paired side from the preference to the conflict test. Together, our results suggest that persistent PL inhibitory signaling in the drug-associated context during motivational conflict may underlie increased risk-taking behavior following opioid exposure.",text 1
"How and why is working memory (WM) capacity limited? Traditional cognitive accounts focus either on limitations on the number or items that can be stored (slots models), or loss of precision with increasing load (resource models). Here, we show that a neural network model of prefrontal cortex and basal ganglia can learn to reuse the same prefrontal populations to store multiple items, leading to resource-like constraints within a slot-like system, and inducing a trade-off between quantity and precision of information. Such 'chunking' strategies are adapted as a function of reinforcement learning and WM task demands, mimicking human performance and normative models. Moreover, adaptive performance requires a dynamic range of dopaminergic signals to adjust striatal gating policies, providing a new interpretation of WM difficulties in patient populations such as Parkinson's disease, ADHD, and schizophrenia. These simulations also suggest a computational rather than anatomical limit to WM capacity.","How and why is working memory (WM) capacity limited? Traditional cognitive accounts focus either on limitations on the number or items that can be stored (slots models), or loss of precision with increasing load (resource models). Here, we show that a neural network model of prefrontal cortex and basal ganglia can learn to reuse the same prefrontal populations to store multiple items, leading to resource-like constraints within a slot-like system, and inducing a trade-off between quantity and precision of information. Such 'chunking' strategies are adapted as a function of reinforcement learning and WM task demands, mimicking human performance and normative models. Moreover, adaptive performance requires a dynamic range of dopaminergic signals to adjust striatal gating policies. providing a new interpretation of WM difficulties in patient populations such as Parkinson's disease, ADHD, and schizophrenia. These simulations also suggest an anatomical rather than computational limit to WM capacity.",text 1
"Astrocytes are closely linked to depression, and the prefrontal cortex (PFC) is an important brain region involved in major depressive disorder (MDD). However, the underlying mechanism by which astrocytes within PFC contribute to MDD remains unclear. Using single-nucleus RNA sequencing analyses, we show a significant reduction in astrocytes and attenuated pleiotrophin-protein tyrosine phosphatase receptor type Z1 (PTN-PTPRZ1) signaling in astrocyte-to-excitatory neuron communication in the PFC of male MDD patients. We find reduced astrocytes and PTN in the dorsomedial PFC of male mice with depression induced by chronic restraint and social defeat stress. Knockdown of astrocytic PTN induces depression-related responses, which is reversed by exogenous PTN supplementation or overexpression of astrocytic PTN. The antidepressant effects exerted by astrocytic PTN require interaction with PTPRZ1 in excitatory neurons, and PTN-PTPRZ1 activates the AKT signaling pathway to regulate depression-related responses. Our findings indicate the PTN-PTPRZ1-AKT pathway may be a potential therapeutic target for MDD.","Astrocytes are closely linked to depression, and the prefrontal cortex (PFC) is an important brain region involved in major depressive disorder (MDD). However, the underlying mechanism by which astrocytes within PFC contribute to MDD remains unclear. Using single-nucleus RNA sequencing analyses, we show a significant reduction in astrocytes and attenuated pleiotrophin-protein tyrosine phosphatase receptor type Z1 (PTN-PTPRZ1) signaling in astrocyte-to-excitatory neuron communication in the PFC of male MDD patients. We find reduced astrocytes and PTN in the dorsomedial PFC of male mice with depression induced by chronic restraint and social defeat stress. Knockdown of astrocytic PTN induces depression-related responses, which is reversed by exogenous PTN supplementation or overexpression of astrocytic PTN. The antidepressant effects exerted by astrocytic PTN require interaction with PTPRZ1 in excitatory neurons, and PTN-PTPRZ1 inhibits the AKT signaling pathway to regulate depression-related responses. Our findings indicate the PTN-PTPRZ1-AKT pathway may be a potential therapeutic target for MDD.",text 1
"Decades of macaque research established the importance of prefrontal cortex for working memory. Surprisingly, recent human neuroimaging studies demonstrated that the contents of working memory can be decoded from primary visual cortex (V1). However the necessity of this mnemonic information remains unknown and contentious. Here we provide causal evidence that transcranial magnetic stimulation targeting human V1 disrupted the fidelity of visual working memory. Errors increased only for targets remembered in the portion of the visual field disrupted by stimulation. Moreover, concurrently measured electroencephalography confirmed that stimulation disrupted not only memory behavior, but neurophysiological signatures of working memory. These results change the question from whether visual cortex is necessary for working memory to what mechanisms it uses to suppress memory. Moreover, they point to models in which the mechanisms supporting working memory are distributed across brain regions, including sensory areas that here we show are critical for memory elimination.","Decades of macaque research established the importance of prefrontal cortex for working memory. Surprisingly, recent human neuroimaging studies demonstrated that the contents of working memory can be decoded from primary visual cortex (V1). However the necessity of this mnemonic information remains unknown and contentious. Here we provide causal evidence that transcranial magnetic stimulation targeting human V1 disrupted the fidelity of visual working memory. Errors increased only for targets remembered in the portion of the visual field disrupted by stimulation. Moreover, concurrently measured electroencephalography confirmed that stimulation disrupted not only memory behavior, but neurophysiological signatures of working memory. These results change the question from whether visual cortex is necessary for working memory to what mechanisms it uses to support memory. Moreover, they point to models in which the mechanisms supporting working memory are distributed across brain regions, including sensory areas that here we show are critical for memory storage.",text 2
"Outcomes can vary even when choices are repeated. Such ambiguity necessitates adjusting how much to learn from each outcome by tracking its variability. The medial prefrontal cortex (mPFC) has been reported to signal the expected outcome and its discrepancy from the actual outcome (prediction error), two variables essential for controlling the learning rate. However, the source of signals that shape these coding properties remains unknown. Here, we investigated the contribution of cholinergic projections from the basal forebrain because they carry precisely timed signals about outcomes. One-photon calcium imaging revealed that as mice learned different probabilities of threat occurrence on two paths, some mPFC cells responded to threats on one of the paths, while other cells gained responses to threat omission. These threat- and omission-evoked responses were scaled to the unexpectedness of outcomes, some exhibiting a reversal in response direction when encountering surprising threats as opposed to surprising omissions. This selectivity for signed prediction errors was enhanced by optogenetic stimulation of local cholinergic terminals during threats. The enhanced threat-evoked cholinergic signals also made mice erroneously abandon the correct choice after a single threat that violated expectations, thereby decoupling their path choice from the history of threat occurrence on each path. Thus, acetylcholine modulates the encoding of surprising outcomes in the mPFC to control how much they dictate future decisions.","Outcomes can vary even when choices are repeated. Such ambiguity necessitates adjusting how much to learn from each outcome by tracking its variability. The medial prefrontal cortex (mPFC) has been reported to signal the expected outcome and its discrepancy from the actual outcome (prediction error), two variables essential for controlling the learning rate. However, the source of signals that shape these coding properties remains unknown. Here, we investigated the contribution of cholinergic projections from the basal forebrain because they carry precisely timed signals about outcomes. One-photon calcium imaging revealed that as mice learned different probabilities of threat occurrence on two paths, some mPFC cells responded to threats on one of the paths, while other cells gained responses to threat omission. These threat- and omission-evoked responses were scaled to the unexpectedness of outcomes, some exhibiting a reversal in response direction when encountering surprising omissions as opposed to surprising threats. This selectivity for signed prediction errors was enhanced by optogenetic stimulation of local cholinergic terminals during threats. The enhanced threat-evoked cholinergic signals also made mice erroneously abandon the correct choice after a single threat that violated expectations, thereby decoupling their path choice from the history of threat occurrence on each path. Thus, acetylcholine modulates the encoding of surprising outcomes in the mPFC to control how much they dictate future decisions.",text 1
"Learning the causal structures of social environments involves predicting significant events (e.g., rewards) and detecting prediction errors for each agent. Whether the brain can simultaneously compute reward prediction errors for self (S-RPE) and others (O-RPE), and which neurons are responsible, is unclear. Here, we condition two monkeys with identical visual stimuli predicting different reward outcomes and find that dorsomedial prefrontal neurons represent both S-RPE and O-RPE simultaneously. Neuronal signatures of RPE are agent and sign specific, forming distinct populations for positive and negative S-RPE and O-RPE. A linear decoder trained on neurons encoding O-RPE, but not S-RPE, successfully discriminates RPE. Further investigation identifies coexisting actual reward and prediction confirmation signals for oneself. These results highlight the absence of neuronal mechanisms in the primate brain that update the value of environmental stimuli simultaneously for oneself and others, thereby preventing primates from comprehending the causal structure of the world from the perspective of others.","Learning the causal structures of social environments involves predicting significant events (e.g., rewards) and detecting prediction errors for each agent. Whether the brain can simultaneously compute reward prediction errors for self (S-RPE) and others (O-RPE), and which neurons are responsible, is unclear. Here, we condition two monkeys with identical visual stimuli predicting different reward outcomes and find that dorsomedial prefrontal neurons represent both S-RPE and O-RPE simultaneously. Neuronal signatures of RPE are agent and sign specific, forming distinct populations for positive and negative S-RPE and O-RPE. A linear decoder trained on neurons encoding O-RPE, but not S-RPE, successfully discriminates RPE. Further investigation identifies coexisting actual reward and prediction confirmation signals for others. These results highlight the presence of neuronal mechanisms in the primate brain that update the value of environmental stimuli simultaneously for oneself and others, enabling primates to comprehend the causal structure of the world from the perspective of others.",text 2
"The presence of psychosis in Alzheimer's disease (AD) is suggested to be associated with distinct molecular and neuropathological profiles in the brain. We assessed brain DNA methylation in AD donors with psychosis (AD+P) and without psychosis (AD-P) using the EPIC array. Weighted gene correlation network analysis identified modules of co-methylated genes in a discovery cohort (PITT-ADRC: N = 113 AD+P, N = 40 AD-P), with validation in an independent cohort (BDR: N = 79 AD+P, N = 117 AD-P), with Gene Ontology and cell-type enrichment analysis. Genetic data were integrated to identify methylation quantitative trait loci (mQTLs), which were co-localized with GWAS for related traits. We replicated one AD+P associated module, which was enriched for synaptic pathways and in excitatory and inhibitory neurons. mQTLs in this module co-localized with variants associated with schizophrenia and educational attainment. This represents the largest epigenetic study of AD+P to date, identifying pleiotropic relationships between AD+P and related traits. DNA methylation was assessed in the prefrontal cortex in subjects with AD+P and AD-P. WGCNA identified six modules of co-methylated loci associated with AD+P in a discovery cohort. One of the modules was replicated in an independent cohort. This module was enriched for synaptic genes and in excitatory and inhibitory neurons. mQTLs mapping to genes in the module co-localized with GWAS loci for schizophrenia and educational attainment.","The presence of psychosis in Alzheimer's disease (AD) is suggested to be associated with distinct molecular and neuropathological profiles in the brain. We assessed brain DNA methylation in AD donors with psychosis (AD+P) and without psychosis (AD-P) using the EPIC array. Weighted gene correlation network analysis identified modules of co-methylated genes in a discovery cohort (PITT-ADRC: N = 113 AD+P, N = 40 AD-P), with validation in an independent cohort (BDR: N = 79 AD+P, N = 117 AD-P), with Gene Ontology and cell-type enrichment analysis. Genetic data were integrated to identify methylation quantitative trait loci (mQTLs), which were co-localized with GWAS for related traits. DNA methylation was assessed in the prefrontal cortex in subjects with AD+P and AD-P. WGCNA identified six modules of co-methylated loci associated with AD+P in a discovery cohort. We replicated one AD+P associated module, which was enriched for synaptic pathways and in excitatory and inhibitory neurons. mQTLs in this module did not co-localize with variants associated with schizophrenia and educational attainment. This represents the largest epigenetic study of AD+P to date, identifying pleiotropic relationships between AD+P and related traits. One of the modules was replicated in an independent cohort. This module was enriched for synaptic genes and in excitatory and inhibitory neurons. mQTLs mapping to genes in the module co-localized with GWAS loci for schizophrenia and educational attainment.",text 1
"Fetal alcohol spectrum disorders (FASDs) are characterized by a range of physical, cognitive, and behavioral impairments. Determining how temporally specific alcohol exposure (AE) affects neural circuits is crucial to understanding the FASD phenotype. Third trimester AE can be modeled in rats by administering alcohol during the first two postnatal weeks, which damages the medial prefrontal cortex (mPFC) and hippocampus (HPC), structures whose functional interactions are required for working memory and executive function. Therefore, we hypothesized that AE during this period would impair working memory, disrupt choice behaviors, and alter mPFC-HPC oscillatory synchrony. To test this hypothesis, we recorded local field potentials from the mPFC and dorsal HPC as male and female AE and sham-intubated (SI) rats performed a spatial working memory task in adulthood and implemented algorithms to detect vicarious trial and errors (VTEs), behaviors associated with deliberative decision-making. We found that, compared with the SI group, the AE group performed fewer VTEs and demonstrated a disturbed relationship between VTEs and choice outcomes, while spatial working memory was impaired. This behavioral disruption was accompanied by alterations to mPFC and HPC oscillatory activity in the theta and beta bands, respectively, and a reduced prevalence of mPFC-HPC synchronous events. When trained on multiple behavioral variables, a machine learning algorithm could accurately predict whether rats were in the AE or SI group, thus characterizing a potential phenotype following third trimester AE. Together, these findings indicate that third trimester AE disrupts mPFC-HPC oscillatory interactions and choice behaviors.","Fetal alcohol spectrum disorders (FASDs) are characterized by a range of physical, cognitive, and behavioral impairments. Determining how temporally specific alcohol exposure (AE) affects neural circuits is crucial to understanding the FASD phenotype. Third trimester AE can be modeled in rats by administering alcohol during the first two postnatal weeks, which damages the medial prefrontal cortex (mPFC) and hippocampus (HPC), structures whose functional interactions are required for working memory and executive function. Therefore, we hypothesized that AE during this period would impair working memory, disrupt choice behaviors, and alter mPFC-HPC oscillatory synchrony. To test this hypothesis, we recorded local field potentials from the mPFC and dorsal HPC as male and female AE and sham-intubated (SI) rats performed a spatial working memory task in adulthood and implemented algorithms to detect vicarious trial and errors (VTEs), behaviors associated with deliberative decision-making. We found that, compared with the SI group, the AE group performed fewer VTEs and demonstrated a disturbed relationship between VTEs and choice outcomes, while spatial working memory was unimpaired. This behavioral disruption was accompanied by alterations to mPFC and HPC oscillatory activity in the theta and beta bands, respectively, and a reduced prevalence of mPFC-HPC synchronous events. When trained on multiple behavioral variables, a machine learning algorithm could accurately predict whether rats were in the AE or SI group, thus characterizing a potential phenotype following third trimester AE. Together, these findings indicate that third trimester AE disrupts mPFC-HPC oscillatory interactions and choice behaviors.",text 2
"Damage to the ventromedial prefrontal cortex (vmPFC) in humans disrupts planning abilities in naturalistic settings. However, it is unknown which components of planning are affected in these patients, including selecting the relevant information, simulating future states, or evaluating between these states. To address this question, we leveraged computational paradigms to investigate the role of vmPFC in planning, using the board game task ""Four-in-a-Row"" (18 lesion patients, 9 female; 30 healthy control participants, 16 female) and the simpler ""Two-Step"" task measuring model-based reasoning (49 lesion patients, 27 female; 20 healthy control participants, 13 female). Damage to vmPFC disrupted performance in Four-in-a-Row compared with both control lesion patients and healthy age-matched controls. We leveraged a computational framework to assess different component processes of planning in Four-in-a-Row and found that impairments following vmPFC damage resulted in deeper planning depth and a tendency to overlook game-relevant features. In the ""Two-Step"" task, which involves binary choices across a short future horizon, we found little evidence of planning in all groups and no behavioral differences between groups. Complex yet computationally tractable tasks such as ""Four-in-a-Row"" offer novel opportunities for characterizing neuropsychological planning impairments, which in vmPFC patients we find are associated with oversights and reduced planning depth.","Damage to the ventromedial prefrontal cortex (vmPFC) in humans disrupts planning abilities in naturalistic settings. However, it is unknown which components of planning are affected in these patients, including selecting the relevant information, simulating future states, or evaluating between these states. To address this question, we leveraged computational paradigms to investigate the role of vmPFC in planning, using the board game task ""Four-in-a-Row"" (18 lesion patients, 9 female; 30 healthy control participants, 16 female) and the simpler ""Two-Step"" task measuring model-based reasoning (49 lesion patients, 27 female; 20 healthy control participants, 13 female). Damage to vmPFC disrupted performance in Four-in-a-Row compared with both control lesion patients and healthy age-matched controls. We leveraged a computational framework to assess different component processes of planning in Four-in-a-Row and found that impairments following vmPFC damage included shallower planning depth and a tendency to overlook game-relevant features. In the ""Two-Step"" task, which involves binary choices across a short future horizon, we found little evidence of planning in all groups and no behavioral differences between groups. Complex yet computationally tractable tasks such as ""Four-in-a-Row"" offer novel opportunities for characterizing neuropsychological planning impairments, which in vmPFC patients we find are associated with oversights and reduced planning depth.",text 2
"Higher cortical areas carry a wide range of sensory, cognitive and motor signals mixed in heterogeneous responses of single neurons tuned to multiple task variables. Dimensionality reduction methods that rely on correlations between neural activity and task variables leave unknown how heterogeneous responses arise from connectivity to drive behavior. We develop the latent circuit model, a dimensionality reduction approach in which task variables interact via low-dimensional recurrent connectivity to produce behavioral output. We apply the latent circuit inference to recurrent neural networks trained to perform a context-dependent decision-making task and find a facilitation mechanism in which contextual representations enhance irrelevant sensory responses. We validate this mechanism by confirming the behavioral effects of patterned connectivity perturbations predicted by the latent circuit model. We find similar suppression of irrelevant sensory responses in the prefrontal cortex of monkeys performing the same task. We show that incorporating causal interactions among task variables is critical for identifying behaviorally relevant computations from neural response data.","Higher cortical areas carry a wide range of sensory, cognitive and motor signals mixed in heterogeneous responses of single neurons tuned to multiple task variables. Dimensionality reduction methods that rely on correlations between neural activity and task variables leave unknown how heterogeneous responses arise from connectivity to drive behavior. We develop the latent circuit model, a dimensionality reduction approach in which task variables interact via low-dimensional recurrent connectivity to produce behavioral output. We apply the latent circuit inference to recurrent neural networks trained to perform a context-dependent decision-making task and find a suppression mechanism in which contextual representations inhibit irrelevant sensory responses. We validate this mechanism by confirming the behavioral effects of patterned connectivity perturbations predicted by the latent circuit model. We find similar suppression of irrelevant sensory responses in the prefrontal cortex of monkeys performing the same task. We show that incorporating causal interactions among task variables is critical for identifying behaviorally relevant computations from neural response data.",text 2
"A sedentary lifestyle can lead to motor and cognitive deficits, increasing the risk of neurodegenerative diseases in ageing. Emerging hypotheses suggest that these functional alterations may be related to energy metabolism. Indeed, ATP produced by mitochondria is essential for muscle contraction, neurotransmission and brain plasticity processes. Although a sedentary lifestyle has been associated with mitochondrial alterations in skeletal muscle, the potential effects on brain structures have yet to be investigated. The present study aimed to determine whether early sensorimotor restriction (SMR) alters mitochondrial metabolism in rat muscles and brain structures. Enzyme activities of citrate synthase (CS) and respiratory chain complexes I, II and IV were measured using a spectrophotometric technique and mitochondrial respiration was assessed using high-resolution respirometry in two hind limb muscles [soleus and extensor digitorum longus (EDL)] and four brain structures (sensorimotor cortex, striatum, prefrontal cortex and hippocampus) in control rats and rats experiencing early SMR from birth to day 28. Mitochondrial enzyme activities decreased in the soleus (complexes I and II), in the EDL (complex I) and in the hippocampus (complexes I and IV) in an age-dependent manner, whereas no effect was observed in other brain structures. CS activity decreases in the soleus and increases transiently in the striatum and sensorimotor cortex at postnatal day 15. Mitochondrial respiration was reduced in the soleus and in the sensorimotor cortex (CI and CI+CII). Early SMR appears to induce quantitative and qualitative mitochondrial alterations in skeletal muscles and certain brain structures involved in cognitive and motor processes. KEY POINTS: Early sensorimotor restriction (SMR) alters mitochondrial enzyme activities and mitochondrial respiration in skeletal muscles and brain. Mitochondrial alterations induced by early SMR are age-dependent, structure-dependent and complex-dependent. Mitochondrial enzyme activities increase during development and the evolution pattern is specific to the different structures.","A sedentary lifestyle can lead to motor and cognitive deficits, increasing the risk of neurodegenerative diseases in ageing. Emerging hypotheses suggest that these functional alterations may be related to energy metabolism. Indeed, ATP produced by mitochondria is essential for muscle contraction, neurotransmission and brain plasticity processes. Although a sedentary lifestyle has been associated with mitochondrial alterations in skeletal muscle, the potential effects on brain structures have yet to be investigated. The present study aimed to determine whether early sensorimotor restriction (SMR) alters mitochondrial metabolism in rat muscles and brain structures. Enzyme activities of citrate synthase (CS) and respiratory chain complexes I, II and IV were measured using a spectrophotometric technique and mitochondrial respiration was assessed using high-resolution respirometry in two hind limb muscles [soleus and extensor digitorum longus (EDL)] and four brain structures (sensorimotor cortex, striatum, prefrontal cortex and hippocampus) in control rats and rats experiencing early SMR from birth to day 28. Mitochondrial enzyme activities decreased in the soleus (complexes I and II), in the EDL (complex I) and in the hippocampus (complexes I and IV) in an age-dependent manner, whereas no effect was observed in other brain structures. CS activity decreases in the soleus and increases transiently in the striatum and sensorimotor cortex at postnatal day 15. Mitochondrial respiration was increased in the soleus and in the sensorimotor cortex (CI and CI+CII). Early SMR appears to induce quantitative and qualitative mitochondrial alterations in skeletal muscles and certain brain structures involved in cognitive and motor processes.",text 1
"Opioids regulate circuits associated with motivation and reward across the brain. Of the opioid receptor types, delta opioid receptors (DORs) appear to have a unique role in regulating the activity of circuits related to reward without liability for abuse. In neocortex, DORs are expressed primarily in interneurons, including parvalbumin- and somatostatin-expressing interneurons that inhibit somatic and dendritic compartments of excitatory pyramidal cells, respectively. But how DORs regulate transmission from these key interneuron classes is unclear. We found that DORs regulate inhibition from these interneuron classes using different G-protein signaling pathways that both converge on presynaptic calcium channels but regulate distinct aspects of calcium channel function. This imposes different temporal filtering effects, via short-term plasticity, that depend on how calcium channels are regulated. Thus, DORs engage differential signaling cascades to regulate inhibition depending on the postsynaptic target compartment, with different effects on synaptic information transfer in somatic and dendritic domains.","Opioids regulate circuits associated with motivation and reward across the brain. Of the opioid receptor types, delta opioid receptors (DORs) appear to have a unique role in regulating the activity of circuits related to reward without liability for abuse. In neocortex, DORs are expressed primarily in interneurons, including parvalbumin- and somatostatin-expressing interneurons that inhibit somatic and dendritic compartments of excitatory pyramidal cells, respectively. But how DORs regulate transmission from these key interneuron classes is unclear. We found that DORs regulate inhibition from these interneuron classes using different G-protein signaling pathways that both converge on presynaptic calcium channels but regulate distinct aspects of calcium channel function. This imposes different temporal filtering effects, via short-term plasticity, that depend on how calcium channels are regulated. Consequently, DORs engage differential signaling cascades to enhance inhibition regardless of the postsynaptic target compartment, resulting in similar effects on synaptic information transfer in somatic and dendritic domains.",text 1
"Goal-directed reaches give rise to dynamic neural activity across the brain as we move our eyes and arms and process outcomes. High spatiotemporal resolution mapping of multiple cortical areas will improve our understanding of how these neural computations are spatially and temporally distributed across the brain. In this study, we used micro-electrocorticography (µECoG) recordings in two male monkeys performing visually guided reaches to map information related to eye movements, arm movements, and receiving rewards over primary motor cortex, premotor cortex, frontal eye field, and dorsolateral prefrontal cortex. Time-frequency and decoding analyses revealed that eye and arm movement information shifts across brain regions during a reach, likely reflecting shifts from planning to execution. Although eye and arm movement temporally overlapped, phase clustering analyses enabled us to resolve differences in eye and arm information across brain regions. This analysis revealed that eye and arm information spatially overlapped in motor cortex, which we further confirmed by demonstrating that arm movement decoding performance from motor cortex activity was unaffected by task-irrelevant eye movements. Phase clustering analyses also identified reward-related activity in the prefrontal and premotor cortex. Our results demonstrate µECoG's strengths for functional mapping and provide further detail on the spatial distribution of eye, arm, and reward information processing distributed across frontal cortices during reaching. These insights advance our understanding of the overlapping neural computations underlying coordinated movements and reveal opportunities to leverage these signals to enhance future brain-computer interfaces.","Goal-directed reaches give rise to dynamic neural activity across the brain as we move our eyes and arms and process outcomes. High spatiotemporal resolution mapping of multiple cortical areas will improve our understanding of how these neural computations are spatially and temporally distributed across the brain. In this study, we used micro-electrocorticography (µECoG) recordings in two male monkeys performing visually guided reaches to map information related to eye movements, arm movements, and receiving rewards over primary motor cortex, premotor cortex, frontal eye field, and dorsolateral prefrontal cortex. Time-frequency and decoding analyses revealed that eye and arm movement information shifts across brain regions during a reach, likely reflecting shifts from planning to execution. Although eye and arm movement temporally overlapped, phase clustering analyses enabled us to resolve differences in eye and arm information across brain regions. This analysis revealed that eye and arm information spatially overlapped in motor cortex, which we further confirmed by demonstrating that arm movement decoding performance from motor cortex activity was impacted by task-irrelevant eye movements. Phase clustering analyses also identified reward-related activity in the prefrontal and premotor cortex. Our results demonstrate µECoG's strengths for functional mapping and provide further detail on the spatial distribution of eye, arm, and reward information processing distributed across frontal cortices during reaching. These insights advance our understanding of the overlapping neural computations underlying coordinated movements and reveal opportunities to leverage these signals to enhance future brain-computer interfaces.",text 2
"A key response to acute stress is the increased brain synthesis of the neurosteroid allopregnanolone (AP). Although the rate-limiting step of this reaction is catalyzed by 5α-reductase (5αR), the role of its two primary isoenzymes, 5αR1 and 5αR2, in stress reactivity remains unclear. Here, we found that acute stress led to increased levels of 5αR2, but not 5αR1, in the medial prefrontal cortex (mPFC) of male, but not female, rats. Down-regulation of 5αR2 in the mPFC significantly reduced stress response in males, and similar sexual dimorphic effects were observed in a novel line of 5αR2 knockout rats. Notably, 5αR1 regulated baseline AP synthesis, whereas 5αR2 enabled AP production under stress. Acute AP administration restored stress response in 5αR2 knockdown rats. Single-nucleus transcriptomics showed that 5αR2 enabled stress-induced protein translation in neurons and glia. These results highlight the crucial role of 5αR2 in mediating sex-specific differences in acute stress reactivity.","A key response to acute stress is the increased brain synthesis of the neurosteroid allopregnanolone (AP). Although the rate-limiting step of this reaction is catalyzed by 5α-reductase (5αR), the role of its two primary isoenzymes, 5αR1 and 5αR2, in stress reactivity remains unclear. Here, we found that acute stress led to increased levels of 5αR2, but not 5αR1, in the medial prefrontal cortex (mPFC) of male, but not female, rats. Down-regulation of 5αR2 in the mPFC significantly reduced stress response in males, and similar sexual dimorphic effects were observed in a novel line of 5αR2 knockout rats. Single-nucleus transcriptomics showed that 5αR2 enabled stress-induced protein translation in neurons and glia. Notably, 5αR1 regulated baseline AP synthesis, whereas 5αR2 decreased AP production under stress. Acute AP administration restored stress response in 5αR2 knockdown rats. These results highlight the crucial role of 5αR2 in mediating sex-specific differences in acute stress reactivity.",text 1
"The prefrontal cortex (PFC) plays a key role in high-level cognitive functions and emotional behaviors, and PFC alterations correlate with different brain disorders including major depression and anxiety. In mice, the first two postnatal weeks represent a critical period of high sensitivity to environmental changes. In this temporal window, serotonin (5-HT) levels regulate the wiring of PFC cortical neurons. Early-life insults and postnatal exposure to the selective serotonin reuptake inhibitor fluoxetine (FLX) affect PFC development leading to depressive and anxiety-like phenotypes in adult mice. However, the mechanisms responsible for these dysfunctions remain obscure. We found that early postnatal FLX exposure (PNFLX) results in reduced overall firing and high-frequency bursting of putative pyramidal neurons (PNs) of deep layers of the medial PFC of adult mice of both sexes in vivo. Ex vivo, patch-clamp recordings revealed that PNFLX abolished high-frequency firing in a distinct subpopulation of deep-layer mPFC PNs, which transiently express the serotonin transporter SERT during the first 2 postnatal weeks. SERT+ and SERT- PNs exhibit distinct morphofunctional properties. Genetic deletion of 5-HT7Rs and pharmacological 5-HT7R blockade exacerbated both the PNFLX-induced reduction of PN firing in vivo and the altered firing of SERT+ PNs in vitro. This indicates a pivotal role of this 5-HTR subtype in mediating 5-HT-dependent maturation of PFC circuits that are susceptible to early-life insults. Overall, our results suggest potential novel neurobiological mechanisms, underlying detrimental neurodevelopmental consequences induced by early-life alterations of 5-HT levels.","The prefrontal cortex (PFC) plays a key role in high-level cognitive functions and emotional behaviors, and PFC alterations correlate with different brain disorders including major depression and anxiety. In mice, the first two postnatal weeks represent a critical period of high sensitivity to environmental changes. In this temporal window, serotonin (5-HT) levels regulate the wiring of PFC cortical neurons. Early-life insults and postnatal exposure to the selective serotonin reuptake inhibitor fluoxetine (FLX) affect PFC development leading to depressive and anxiety-like phenotypes in adult mice. However, the mechanisms responsible for these dysfunctions remain obscure. We found that early postnatal FLX exposure (PNFLX) results in reduced overall firing and high-frequency bursting of putative pyramidal neurons (PNs) of deep layers of the medial PFC of adult mice of both sexes in vivo. Ex vivo, patch-clamp recordings revealed that PNFLX abolished high-frequency firing in a distinct subpopulation of deep-layer mPFC PNs, which transiently express the serotonin transporter SERT during the first 2 postnatal weeks. SERT+ and SERT- PNs exhibit distinct morphofunctional properties. Genetic deletion of 5-HT7Rs and pharmacological 5-HT7R blockade partially rescued both the PNFLX-induced reduction of PN firing in vivo and the altered firing of SERT+ PNs in vitro. This indicates a pivotal role of this 5-HTR subtype in mediating 5-HT-dependent maturation of PFC circuits that are susceptible to early-life insults. Overall, our results suggest potential novel neurobiological mechanisms, underlying detrimental neurodevelopmental consequences induced by early-life alterations of 5-HT levels.",text 2
"The dorso-lateral prefrontal cortex (dlPFC) contributes to flexible, goal-directed behaviors. However, a coherent picture of dlPFC function is lacking, as its activity is often studied only in relation to a few events within a fully learned behavioral task. Here we obtain a comprehensive description of dlPFC activity across different task epochs, saccade types, tasks, and learning stages. We consistently observe the weakest modulation of neural activity in relation to a retrospective representation of the most recent saccade. Prospective, planning-like activity is limited to task-related, delayed saccades directly eligible for a reward. The link between prospective and retrospective representations is highly structured, potentially reflecting a hard-wired feature of saccade responses. Only prospective representations are modulated by the recent behavioral history, but neither representation is modulated by day-to-day behavioral improvements. The dlPFC thus combines tightly linked flexible and rigid representations with a dominant contribution from retrospective signals maintaining the memory of past actions.","The dorso-lateral prefrontal cortex (dlPFC) contributes to flexible, goal-directed behaviors. However, a coherent picture of dlPFC function is lacking, as its activity is often studied only in relation to a few events within a fully learned behavioral task. Here we obtain a comprehensive description of dlPFC activity across different task epochs, saccade types, tasks, and learning stages. We consistently observe the strongest modulation of neural activity in relation to a retrospective representation of the most recent saccade. Prospective, planning-like activity is limited to task-related, delayed saccades directly eligible for a reward. The link between prospective and retrospective representations is highly structured, potentially reflecting a hard-wired feature of saccade responses. Only prospective representations are modulated by the recent behavioral history, but neither representation is modulated by day-to-day behavioral improvements. The dlPFC thus combines tightly linked flexible and rigid representations with a dominant contribution from retrospective signals maintaining the memory of past actions.",text 2
"Deep brain stimulation (DBS) of the ventral capsule and ventral striatum (VC/VS) is an effective therapy for treatment resistant obsessive-compulsive disorder (trOCD). DBS initiation often produces acute improvements in mood and energy. These acute behavioral changes, which we refer to as ""approach behaviors"", include increased social engagement and talkativeness. We investigated the relationship between stimulation amplitude, spectral power in the ventrolateral prefrontal cortex (vlPFC), and speech rate in one male patient with trOCD implanted with bilateral VC/VS DBS leads and subdural electrodes adjacent to orbitofrontal cortex (OFC) and vlPFC. Several times over the first 17 weeks of therapy, we conducted experiments where we recorded data during epochs of high amplitude or zero/low amplitude stimulation. We found that both speech rate and vlPFC power in a high beta frequency band (31±1.5Hz, 1/f activity removed) increased during high amplitude as compared to low amplitude periods. Speech rate correlated with vlPFC high beta power. These effects were more consistent across time points in the left hemisphere than the right. At week 17, we performed an experiment where stimulation was held constant while the patient was asked to speak or remain silent. We showed that the presence or absence of speech was not sufficient to increase the vlPFC high beta power, suggesting stimulation is a key driver of the observed neurobehavioral phenomenon. Our results suggest vlPFC high beta power is a biomarker for approach behaviors associated with VC/VS DBS.","Deep brain stimulation (DBS) of the ventral capsule and ventral striatum (VC/VS) is an effective therapy for treatment resistant obsessive-compulsive disorder (trOCD). DBS initiation often produces acute improvements in mood and energy. These acute behavioral changes, which we refer to as 'approach behaviors', include increased social engagement and talkativeness. We investigated the relationship between stimulation amplitude, spectral power in the ventrolateral prefrontal cortex (vlPFC), and speech rate in one male patient with trOCD implanted with bilateral VC/VS DBS leads and subdural electrodes adjacent to orbitofrontal cortex (OFC) and vlPFC. Several times over the first 17 weeks of therapy, we conducted experiments where we recorded data during epochs of high amplitude or zero/low amplitude stimulation. At week 17, we performed an experiment where stimulation was held constant while the patient was asked to speak or remain silent. We found that both speech rate and vlPFC power in a high beta frequency band (31±1.5Hz, 1/f activity removed) decreased during high amplitude as compared to low amplitude periods. Speech rate correlated with vlPFC high beta power. These effects were more consistent across time points in the left hemisphere than the right. We showed that the presence or absence of speech was not sufficient to increase the vlPFC high beta power, suggesting stimulation is a key driver of the observed neurobehavioral phenomenon. Our results suggest vlPFC high beta power is a biomarker for approach behaviors associated with VC/VS DBS.",text 1
"The role of cerebellum in controlling eye movements is well established, but its contribution to more complex forms of visual behavior has remained elusive. To study cerebellar activity during visual attention we recorded extracellular activity of dentate nucleus (DN) neurons in two non-human primates (NHPs). NHPs were trained to read the direction indicated by a peripheral visual stimulus while maintaining fixation at the center, and report the direction of the cue by performing a saccadic eye movement into the same direction following a delay. We found that single-unit DN neurons modulated spiking activity over the entire time course of the task, and that their activity often bridged temporally separated intra-trial events, yet in a heterogeneous manner. To better understand the heterogeneous relationship between task structure, behavioral performance, and neural dynamics, we constructed a behavioral, an encoding, and a decoding model. Both NHPs showed different behavioral strategies, which influenced the performance. Activity of the DN neurons reflected the unique strategies, with the direction of the visual stimulus frequently being encoded long before an upcoming saccade. Moreover, the latency of the ramping activity of DN neurons following presentation of the visual stimulus was shorter in the better performing NHP. Labeling with the retrograde tracer Cholera Toxin B in the recording location in the DN indicated that these neurons predominantly receive inputs from Purkinje cells in the D1 and D2 zones of the lateral cerebellum as well as neurons of the principal olive and medial pons, all regions known to connect with neurons in the prefrontal cortex contributing to planning of saccades. Together, our results highlight that DN neurons can dynamically modulate their activity during a visual attention task, comprising not only sensorimotor but also cognitive attentional components.","The role of cerebellum in controlling eye movements is well established, but its contribution to more complex forms of visual behavior has remained elusive. To study cerebellar activity during visual attention we recorded extracellular activity of dentate nucleus (DN) neurons in two non-human primates (NHPs). NHPs were trained to read the direction indicated by a peripheral visual stimulus while maintaining fixation at the center, and report the direction of the cue by performing a saccadic eye movement into the same direction following a delay. To better understand the heterogeneous relationship between task structure, behavioral performance, and neural dynamics, we constructed a behavioral, an encoding, and a decoding model. Labeling with the retrograde tracer Cholera Toxin B in the recording location in the DN indicated that these neurons predominantly receive inputs from Purkinje cells in the D1 and D2 zones of the lateral cerebellum as well as neurons of the principal olive and medial pons, all regions known to connect with neurons in the prefrontal cortex contributing to planning of saccades. We found that single-unit DN neurons modulated spiking activity over the entire time course of the task, and that their activity often bridged temporally separated intra-trial events, yet in a heterogeneous manner. Both NHPs showed different behavioral strategies, which influenced the performance. Activity of the DN neurons reflected the unique strategies, with the direction of the visual stimulus frequently being encoded long before an upcoming saccade. Moreover, the latency of the ramping activity of DN neurons following presentation of the visual stimulus was longer in the better performing NHP. Together, our results highlight that DN neurons can dynamically modulate their activity during a visual attention task, comprising not only sensorimotor but also cognitive attentional components.",text 1
"More than a century of research shows that spaced learning improves long-term memory. However, there remains debate concerning why that is. A major limitation to resolving theoretical debates is the lack of evidence for how neural representations change as a function of spacing. Here, leveraging a massive-scale 7T human fMRI dataset, we tracked neural representations and behavioral expressions of memory as participants viewed thousands of natural scene images that repeated at lags ranging from seconds to many months. We show that spaced learning increases the similarity of human ventromedial prefrontal cortex representations across stimulus encounters and, critically, that these increases parallel and predict the behavioral benefits of spacing. Additionally, we show that these spacing benefits critically depend on remembering and, in turn, ""re-encoding"" past experience. Collectively, our findings provide fundamental insight into how spaced learning influences neural representations and why spacing is beneficial.","More than a century of research shows that spaced learning improves long-term memory. However, there remains debate concerning why that is. A major limitation to resolving theoretical debates is the lack of evidence for how neural representations change as a function of spacing. Here, leveraging a massive-scale 7T human fMRI dataset, we tracked neural representations and behavioral expressions of memory as participants viewed thousands of natural scene images that repeated at lags ranging from seconds to many months. We show that spaced learning decreases the similarity of human ventromedial prefrontal cortex representations across stimulus encounters and, critically, that these decreases parallel and predict the behavioral benefits of spacing. Additionally, we show that these spacing benefits critically depend on remembering and, in turn, 're-encoding' past experience. Collectively, our findings provide fundamental insight into how spaced learning influences neural representations and why spacing is beneficial.",text 1
"Cognitive flexibility requires both the encoding of task-relevant and the ignoring of task-irrelevant stimuli. While the neural coding of task-relevant stimuli is increasingly well understood, the mechanisms for ignoring task-irrelevant stimuli remain poorly understood. Here, we study how task performance and biological constraints jointly determine the coding of relevant and irrelevant stimuli in neural circuits. Using mathematical analyses and task-optimized recurrent neural networks, we show that neural circuits can exhibit a range of representational geometries depending on the strength of neural noise and metabolic cost. By comparing these results with recordings from primate prefrontal cortex (PFC) over the course of learning, we show that neural activity in PFC changes contrary to a minimal representational strategy. Specifically, our analyses reveal that the suppression of dynamically irrelevant stimuli is achieved by active, supra-threshold dynamics. Our results provide a normative explanation as to why PFC implements an adaptive, minimal representational strategy.","Cognitive flexibility requires both the encoding of task-relevant and the ignoring of task-irrelevant stimuli. While the neural coding of task-relevant stimuli is increasingly well understood, the mechanisms for ignoring task-irrelevant stimuli remain poorly understood. Here, we study how task performance and biological constraints jointly determine the coding of relevant and irrelevant stimuli in neural circuits. Using mathematical analyses and task-optimized recurrent neural networks, we show that neural circuits can exhibit a range of representational geometries depending on the strength of neural noise and metabolic cost. By comparing these results with recordings from primate prefrontal cortex (PFC) over the course of learning, we show that neural activity in PFC changes in line with a minimal representational strategy. Specifically, our analyses reveal that the suppression of dynamically irrelevant stimuli is achieved by activity-silent, sub-threshold dynamics. Our results provide a normative explanation as to why PFC implements an adaptive, minimal representational strategy.",text 2
"Brain networks serving higher cognitive functions are widely distributed across frontal and posterior association zones. Two exceptions have been the parietal memory network (PMN) and salience network (SAL), which are typically restricted to posterior (e.g., posterior cingulate and lateral parietal cortex) and anterior (medial prefrontal and anterior insular cortex) areas, respectively. Using high-resolution neuroimaging, we show that individualized estimates of the PMN extend beyond the posterior set and encompass frontal and insula regions canonically ascribed to the SAL. This suggests that the SAL and PMN form a unified network: ""SAL/PMN."" Task-based analyses confirm that both anterior and posterior components of the SAL/PMN show recognition-related activity. Comparison of 3T and 7T data suggests that high-resolution data more readily revealed the unified network, underscoring the importance of fine-scale distinctions for veridical representation of brain networks. Importantly, the unified network better matches the expected parallel distributed network organization that is characteristic of association cortex.","Brain networks serving higher cognitive functions are widely distributed across frontal and posterior association zones. Two exceptions have been the parietal memory network (PMN) and salience network (SAL), which are typically restricted to posterior (e.g., posterior cingulate and lateral parietal cortex) and anterior (medial prefrontal and anterior insular cortex) areas, respectively. Using high-resolution neuroimaging, we show that individualized estimates of the PMN extend beyond the posterior set and encompass frontal and insula regions canonically ascribed to the SAL. Task-based analyses confirm that both anterior and posterior components of the SAL/PMN show recognition-related activity. Comparison of 3T and 7T data suggests that high-resolution data more readily revealed the unified network, underscoring the importance of fine-scale distinctions for veridical representation of brain networks. This suggests that the SAL and PMN do not form a unified network: 'SAL/PMN.' Importantly, the unified network better matches the expected parallel distributed network organization that is characteristic of association cortex.",text 1
"Aging increases the risk for Alzheimer's disease (AD), driving pathological changes like amyloid-β (Aβ) buildup, inflammation, and oxidative stress, especially in the prefrontal cortex (PFC). We present the first subcellular-resolution spatial transcriptome atlas of the human prefrontal cortex (PFC), generated with Stereo-seq from six male AD cases at varying neuropathological stages and six age-matched male controls. Our analyses revealed distinct transcriptional alterations across PFC layers, highlighted disruptions in laminar structure, and exposed AD-related shifts in layer-to-layer and cell-cell interactions. Notably, we identified genes highly upregulated in stressed neurons and nearby glial cells, where AD increased stress-response interactions that promote Aβ clearance. Further, cell-type-specific co-expression analysis highlighted three neuronal modules linked to neuroprotection, protein dephosphorylation, and Aβ regulation, with all modules downregulated as AD progresses. We identified ZNF460 as a transcription factor regulating these modules, offering a potential therapeutic target. In summary, this spatial transcriptome atlas provides valuable insight into AD's molecular mechanisms.","Aging increases the risk for Alzheimer's disease (AD), driving pathological changes like amyloid-β (Aβ) buildup, inflammation, and oxidative stress, especially in the prefrontal cortex (PFC). We present the first subcellular-resolution spatial transcriptome atlas of the human prefrontal cortex (PFC), generated with Stereo-seq from six male AD cases at varying neuropathological stages and six age-matched male controls. Our analyses revealed distinct transcriptional alterations across PFC layers, highlighted disruptions in laminar structure, and exposed AD-related shifts in layer-to-layer and cell-cell interactions. Notably, we identified genes highly upregulated in stressed neurons and nearby glial cells, where AD diminished stress-response interactions that promote Aβ clearance. Further, cell-type-specific co-expression analysis highlighted three neuronal modules linked to neuroprotection, protein dephosphorylation, and Aβ regulation, with all modules downregulated as AD progresses. We identified ZNF460 as a transcription factor regulating these modules, offering a potential therapeutic target. In summary, this spatial transcriptome atlas provides valuable insight into AD's molecular mechanisms.",text 2
"Recurrent neural networks (RNNs) based on model neurons that communicate via continuous signals have been widely used to study how cortical neural circuits perform cognitive tasks. Training such networks to perform tasks that require information maintenance over a brief period (i.e., working memory tasks) remains a challenge. Inspired by the robust information maintenance observed in higher cortical areas such as the prefrontal cortex, despite substantial inherent noise, we investigated the effects of random noise on RNNs across different cognitive functions, including working memory. Our findings reveal that random noise not only speeds up training but also enhances the stability and performance of RNNs on working memory tasks. Importantly, this robust working memory performance induced by random noise during training is attributed to a decrease in synaptic decay time constants of inhibitory units, resulting in faster decay of stimulus-specific activity critical for memory maintenance. Our study reveals the critical role of noise in shaping neural dynamics and cognitive functions, suggesting that inherent variability may be a fundamental feature driving the specialization of inhibitory neurons to support stable information processing in higher cortical regions.","Recurrent neural networks (RNNs) based on model neurons that communicate via continuous signals have been widely used to study how cortical neural circuits perform cognitive tasks. Training such networks to perform tasks that require information maintenance over a brief period (i.e., working memory tasks) remains a challenge. Inspired by the robust information maintenance observed in higher cortical areas such as the prefrontal cortex, despite substantial inherent noise, we investigated the effects of random noise on RNNs across different cognitive functions, including working memory. Our findings reveal that random noise not only speeds up training but also enhances the stability and performance of RNNs on working memory tasks. Importantly, this robust working memory performance induced by random noise during training is attributed to an increase in synaptic decay time constants of inhibitory units, resulting in slower decay of stimulus-specific activity critical for memory maintenance. Our study reveals the critical role of noise in shaping neural dynamics and cognitive functions, suggesting that inherent variability may be a fundamental feature driving the specialization of inhibitory neurons to support stable information processing in higher cortical regions.",text 2
"Chronic pain is a prevalent and debilitating condition whose neural mechanisms are incompletely understood. An imbalance of cerebral excitation and inhibition (E/I), particularly in the medial prefrontal cortex (mPFC), is believed to represent a crucial mechanism in the development and maintenance of chronic pain. Thus, identifying a non-invasive, scalable marker of E/I could provide valuable insights into the neural mechanisms of chronic pain and aid in developing clinically useful biomarkers. Recently, the aperiodic component of the electroencephalography (EEG) power spectrum has been proposed to represent a non-invasive proxy for E/I. We, therefore, assessed the aperiodic component in the mPFC of resting-state EEG recordings in 149 people with chronic pain and 115 healthy participants. We found robust evidence against differences in the aperiodic component in the mPFC between people with chronic pain and healthy participants, and no correlation between the aperiodic component and pain intensity. These findings were consistent across different subtypes of chronic pain and were similarly found in a whole-brain analysis. Their robustness was supported by preregistration and multiverse analyses across many different methodological choices. Together, our results suggest that the EEG aperiodic component does not differentiate between people with chronic pain and healthy individuals. These findings and the rigorous methodological approach can guide future studies investigating non-invasive, scalable markers of cerebral dysfunction in people with chronic pain and beyond.","Chronic pain is a prevalent and debilitating condition whose neural mechanisms are incompletely understood. An imbalance of cerebral excitation and inhibition (E/I), particularly in the medial prefrontal cortex (mPFC), is believed to represent a crucial mechanism in the development and maintenance of chronic pain. Thus, identifying a non-invasive, scalable marker of E/I could provide valuable insights into the neural mechanisms of chronic pain and aid in developing clinically useful biomarkers. Recently, the aperiodic component of the electroencephalography (EEG) power spectrum has been proposed to represent a non-invasive proxy for E/I. We, therefore, assessed the aperiodic component in the mPFC of resting-state EEG recordings in 149 people with chronic pain and 115 healthy participants. We found robust evidence for differences in the aperiodic component in the mPFC between people with chronic pain and healthy participants, and a strong correlation between the aperiodic component and pain intensity. These findings were consistent across different subtypes of chronic pain and were similarly found in a whole-brain analysis. Their robustness was supported by preregistration and multiverse analyses across many different methodological choices. Together, our results suggest that the EEG aperiodic component differentiates between people with chronic pain and healthy individuals. These findings and the rigorous methodological approach can guide future studies investigating non-invasive, scalable markers of cerebral dysfunction in people with chronic pain and beyond.",text 1
"The medial orbitofrontal cortex (mOFC) has been implicated in shaping decisions involving reward uncertainty, in part by using memories to infer future outcomes. This region is interconnected with other key systems that mediated these decisions, including the basolateral amygdala (BLA) and prelimbic (PL) region of the medial prefrontal cortex, yet the functional importance of these circuits remains unclear. The present study used chemogenetic silencing to examine the contribution of different input and output pathways of the mOFC to risk/reward decision making. Male rats were well-trained on a probabilistic discounting task where they chose between a small/certain (1 pellet) and a large/uncertain 4 pellet option, the odds for which changed systematically across a session. Suppressing activity of descending mOFC terminals in the BLA impaired adjustment in choice biases as reward probabilities change, suggesting this circuit tracks changes in relative value to support flexible reward-seeking. Inhibiting bottom-up BLA→mOFC circuits had a strong effect on choice. With respect to cortico-cortical circuits, inhibiting mOFC inputs to PL led to more random choice patterns, indicating this circuit promotes advantageous choice by processing context-dependent information regarding wins and losses. In comparison, PL inputs to mOFC attenuates the allure of larger yet uncertain rewards and reduces loss sensitivity, particularly early in the choice sequence. The present findings provide novel insight into the functional contribution that mOFC/BLA and PL interactions make to distinct processes that shape decision making in situations of reward uncertainty.","The medial orbitofrontal cortex (mOFC) has been implicated in shaping decisions involving reward uncertainty, in part by using memories to infer future outcomes. This region is interconnected with other key systems that mediated these decisions, including the basolateral amygdala (BLA) and prelimbic (PL) region of the medial prefrontal cortex, yet the functional importance of these circuits remains unclear. The present study used chemogenetic silencing to examine the contribution of different input and output pathways of the mOFC to risk/reward decision making. Male rats were well-trained on a probabilistic discounting task where they chose between a small/certain (1 pellet) and a large/uncertain 4 pellet option, the odds for which changed systematically across a session. Suppressing activity of descending mOFC terminals in the BLA impaired adjustment in choice biases as reward probabilities change, suggesting this circuit tracks changes in relative value to support flexible reward-seeking. Inhibiting bottom-up BLA→mOFC circuits had no effect on choice. With respect to cortico-cortical circuits, inhibiting mOFC inputs to PL led to more random choice patterns, indicating this circuit promotes advantageous choice by processing context-dependent information regarding wins and losses. In comparison, PL inputs to mOFC attenuates the allure of larger yet uncertain rewards and reduces loss sensitivity, particularly early in the choice sequence. The present findings provide novel insight into the functional contribution that mOFC/BLA and PL interactions make to distinct processes that shape decision making in situations of reward uncertainty.",text 2
"Identifying cell types and brain regions critical for psychiatric disorders and brain traits is essential for targeted neurobiological research. By integrating genomic insights from genome-wide association studies with a comprehensive single-cell transcriptomic atlas of the adult human brain, we prioritized specific neuronal clusters significantly enriched for the SNP-heritabilities for schizophrenia, bipolar disorder, and major depressive disorder along with intelligence, education, and neuroticism. Extrapolation of cell-type results to brain regions reveals the whole-brain impact of schizophrenia genetic risk, with subregions in the hippocampus and amygdala exhibiting the most significant enrichment of SNP-heritability. Using functional MRI connectivity, we further confirmed the significance of the central and lateral amygdala, hippocampal body, and prefrontal cortex in distinguishing schizophrenia cases from controls. Our findings underscore the value of single-cell transcriptomics in understanding the polygenicity of psychiatric disorders and suggest a promising alignment of genomic, transcriptomic, and brain imaging modalities for identifying common biological targets.","Identifying cell types and brain regions critical for psychiatric disorders and brain traits is essential for targeted neurobiological research. By integrating genomic insights from genome-wide association studies with a comprehensive single-cell transcriptomic atlas of the adult human brain, we prioritized specific neuronal clusters significantly enriched for the SNP-heritabilities for schizophrenia, bipolar disorder, and major depressive disorder along with intelligence, education, and neuroticism. Extrapolation of cell-type results to brain regions reveals the whole-brain impact of schizophrenia genetic risk, with subregions in the hippocampus and amygdala exhibiting the most significant enrichment of SNP-heritability. Using functional MRI connectivity, we further confirmed the significance of the central and lateral amygdala, hippocampal body, and prefrontal cortex in distinguishing schizophrenia cases from controls. Our findings underscore the value of single-cell transcriptomics in understanding the polygenicity of psychiatric disorders and suggest a promising divergence of genomic, transcriptomic, and brain imaging modalities for identifying common biological targets.",text 1
"Individuals avoid spending cognitive effort unless expected rewards offset the perceived costs. Recent work employing tasks that provide explicit information about demands and incentives suggests causal involvement of the frontopolar cortex (FPC) in effort-based decision-making. Using transcranial direct current stimulation (tDCS), we examined whether the FPC's role in motivating effort generalizes to sequential choice problems in which task demand and reward rates vary indirectly and as a function of experience. In a double-blind, within-subject design, 46 participants (36 female, 8 male, 1 ""neither/other"") received anodal (i.e., excitatory) or sham stimulation over the right FPC during an Effort Foraging Task, which required choosing between harvesting patches for successively decreasing resources or traveling to replenished patches by performing a cognitive task with environment-specific difficulty. As expected, participants exited patches earlier (i.e., exhibited higher exit thresholds) when traveling required greater (versus less) effort, indicating decreased travel costs in high-effort environments. Under anodal tDCS, the difference in exit thresholds between environments was significantly smaller relative to sham. Finally, individual differences analyses hint that participants with lower self-reported motivation to exert effort exhibited greater travel cost reductions following tDCS. Together, these findings support the theorized causal role of the FPC in motivating cognitively effortful behavior, expand its role to more ecologically valid serial decisions, and highlight the potential for tDCS as a tool to increase motivation with potential clinical applications.","Individuals avoid spending cognitive effort unless expected rewards offset the perceived costs. Recent work employing tasks that provide explicit information about demands and incentives suggests causal involvement of the frontopolar cortex (FPC) in effort-based decision-making. Using transcranial direct current stimulation (tDCS), we examined whether the FPC's role in motivating effort generalizes to sequential choice problems in which task demand and reward rates vary indirectly and as a function of experience. In a double-blind, within-subject design, 46 participants (36 female, 8 male, 1 ""neither/other"") received anodal (i.e., excitatory) or sham stimulation over the right FPC during an Effort Foraging Task, which required choosing between harvesting patches for successively decreasing resources or traveling to replenished patches by performing a cognitive task with environment-specific difficulty. As expected, participants exited patches later (i.e., exhibited lower exit thresholds) when traveling required greater (versus less) effort, indicating increased travel costs in high-effort environments. Under anodal tDCS, the difference in exit thresholds between environments was significantly smaller relative to sham. Finally, individual differences analyses hint that participants with lower self-reported motivation to exert effort exhibited greater travel cost reductions following tDCS. Together, these findings support the theorized causal role of the FPC in motivating cognitively effortful behavior, expand its role to more ecologically valid serial decisions, and highlight the potential for tDCS as a tool to increase motivation with potential clinical applications.",text 2
"Recent studies have linked non-invasive transcranial direct-current stimulation (tDCS) with altered neural processing near the site of stimulation and across a distributed network of brain regions, with some evidence for a possible therapeutic role. However, negative results also exist and the potential impacts on motor-related neural oscillations have rarely been studied. Herein, we applied high-definition tDCS to the left primary motor cortex of 62 healthy adults in three sessions (anodal, cathodal and sham). Participants then performed a motor task with two conditions (i.e. cognitive interference and no interference) during magnetoencephalography (MEG). The MEG data were imaged in the time-frequency domain and whole-brain, voxel-wise maps were probed for task condition and stimulation effects. Our results indicated the classic pattern of slower behavioural responses and stronger neural oscillations in frontal and parietal cortices during interference relative to no-interference trials. Importantly, we found task condition-by-stimulation interactions involving motor-related gamma oscillations, with weaker interference effects after cathodal stimulation relative to anodal and sham in the right prefrontal, left temporoparietal junction and left cerebellar cortices. Conversely, stronger gamma interference responses were found in the right motor and superior parietal cortices following anodal relative to cathodal and sham. Lastly, main effects of stimulation indicated stronger beta oscillations following anodal stimulation in the left supplementary motor area. Taken together, these data provide key mechanistic insight into the polarity-specific effects of tDCS on the neural oscillatory dynamics serving motor control. Such findings reflect the modulatory effects of tDCS on population-level neural oscillatory responses distant from the stimulation site. KEY POINTS: Neurophysiological studies have indicated that beta and gamma oscillations are critical to motor control and that their dynamics are modulated by higher-order features of the task. Recent investigations have shown that transcranial direct-current stimulation (tDCS) affects neural activity both locally and in brain regions distant from the stimulation site, but the mechanisms remain poorly understood. Sixty-two adults underwent anodal, cathodal and sham high-definition tDCS of the left motor cortices and completed a motor task with two levels of cognitive interference during magnetoencephalography (MEG). Task condition by stimulation-type interactions on movement-related gamma oscillations were observed across a distributed network of higher-order brain regions, including parietal cortices, right prefrontal and left temporoparietal junction. In sum, our results indicate polarity-specific effects on beta and gamma oscillations across a distributed network of brain regions that contribute to motor control in the context of interference and hold implications for understanding the therapeutic capacity of tDCS.","Recent studies have linked non-invasive transcranial direct-current stimulation (tDCS) with altered neural processing near the site of stimulation and across a distributed network of brain regions, with some evidence for a possible therapeutic role. However, negative results also exist and the potential impacts on motor-related neural oscillations have rarely been studied. Herein, we applied high-definition tDCS to the left primary motor cortex of 62 healthy adults in three sessions (anodal, cathodal and sham). Participants then performed a motor task with two conditions (i.e. cognitive interference and no interference) during magnetoencephalography (MEG). The MEG data were imaged in the time-frequency domain and whole-brain, voxel-wise maps were probed for task condition and stimulation effects. Our results indicated the classic pattern of faster behavioural responses and stronger neural oscillations in frontal and parietal cortices during interference relative to no-interference trials. Importantly, we found task condition-by-stimulation interactions involving motor-related gamma oscillations, with weaker interference effects after cathodal stimulation relative to anodal and sham in the right prefrontal, left temporoparietal junction and left cerebellar cortices. Conversely, stronger gamma interference responses were found in the right motor and superior parietal cortices following anodal relative to cathodal and sham. Lastly, main effects of stimulation indicated stronger beta oscillations following anodal stimulation in the left supplementary motor area. Taken together, these data provide key mechanistic insight into the polarity-specific effects of tDCS on the neural oscillatory dynamics serving motor control. Such findings reflect the modulatory effects of tDCS on population-level neural oscillatory responses distant from the stimulation site. KEY POINTS: Neurophysiological studies have indicated that beta and gamma oscillations are critical to motor control and that their dynamics are modulated by higher-order features of the task. Recent investigations have shown that transcranial direct-current stimulation (tDCS) affects neural activity both locally and in brain regions distant from the stimulation site, but the mechanisms remain poorly understood. Sixty-two adults underwent anodal, cathodal and sham high-definition tDCS of the left motor cortices and completed a motor task with two levels of cognitive interference during magnetoencephalography (MEG). Task condition by stimulation-type interactions on movement-related gamma oscillations were observed across a distributed network of higher-order brain regions, including parietal cortices, right prefrontal and left temporoparietal junction. In sum, our results indicate polarity-specific effects on beta and gamma oscillations across a distributed network of brain regions that contribute to motor control in the context of interference and hold implications for understanding the therapeutic capacity of tDCS.",text 1
"Recalling systems-consolidated neocortex-dependent remote memories re-engages the hippocampus in a process called systems reconsolidation. However, underlying mechanisms, particularly for the origin of the reinstated hippocampal memory engram, remain elusive. By developing a triple-event labeling tool and employing two-photon imaging, we trace hippocampal engram ensembles from memory acquisition to systems reconsolidation and find that remote recall recruits a new engram ensemble in the hippocampus for subsequent memory retrieval. Consistently, recruiting new engrams is supported by adult hippocampal neurogenesis-mediated enhancement of original engrams. This new engram ensemble receives currently experienced contextual information, incorporates new information into the remote memory, and supports remote memory updating. Such a reconstructed hippocampal memory is then integrated with the valence of remote memory via medial prefrontal cortex projection-mediated activity coordination between the hippocampus and amygdala. Thus, the reconstruction of new memory engrams underlies systems reconsolidation, which explains how remote memories are updated with new information.","Recalling systems-consolidated neocortex-dependent remote memories re-engages the hippocampus in a process called systems reconsolidation. However, underlying mechanisms, particularly for the origin of the reinstated hippocampal memory engram, remain elusive. By developing a triple-event labeling tool and employing two-photon imaging, we trace hippocampal engram ensembles from memory acquisition to systems reconsolidation and find that remote recall recruits a new engram ensemble in the hippocampus for subsequent memory retrieval. Consistently, recruiting new engrams is supported by adult hippocampal neurogenesis-mediated silencing of original engrams. This new engram ensemble receives currently experienced contextual information, incorporates new information into the remote memory, and supports remote memory updating. Such a reconstructed hippocampal memory is then integrated with the valence of remote memory via medial prefrontal cortex projection-mediated activity coordination between the hippocampus and amygdala. Thus, the reconstruction of new memory engrams underlies systems reconsolidation, which explains how remote memories are updated with new information.",text 2
"A central tenet of cognitive neuroscience is that humans build an internal model of the external world and use mental simulation of the model to perform physical inferences. Decades of human experiments have shown that behaviors in many physical reasoning tasks are consistent with predictions from the mental simulation theory. However, evidence for the defining feature of mental simulation - that neural population dynamics reflect simulations of physical states in the environment - is limited. We test the mental simulation hypothesis by combining a naturalistic ball-interception task, large-scale electrophysiology in non-human primates, and recurrent neural network modeling. We find that neurons in the monkeys' dorsomedial frontal cortex (DMFC) represent task-relevant information about the ball position in a multiplexed fashion. At a population level, the activity pattern in DMFC comprises a low-dimensional neural embedding that fails to track the ball when it is invisible, contradicting the notion of it serving as a neural substrate for mental simulation. A systematic comparison of different classes of task-optimized RNN models with the DMFC data provides further evidence supporting the mental simulation hypothesis. Our findings provide evidence that neural dynamics in the frontal cortex are consistent with internal simulation of external states in the environment.","A central tenet of cognitive neuroscience is that humans build an internal model of the external world and use mental simulation of the model to perform physical inferences. Decades of human experiments have shown that behaviors in many physical reasoning tasks are consistent with predictions from the mental simulation theory. However, evidence for the defining feature of mental simulation - that neural population dynamics reflect simulations of physical states in the environment - is limited. We test the mental simulation hypothesis by combining a naturalistic ball-interception task, large-scale electrophysiology in non-human primates, and recurrent neural network modeling. We find that neurons in the monkeys' dorsomedial frontal cortex (DMFC) represent task-relevant information about the ball position in a multiplexed fashion. At a population level, the activity pattern in DMFC comprises a low-dimensional neural embedding that tracks the ball both when it is visible and invisible, serving as a neural substrate for mental simulation. A systematic comparison of different classes of task-optimized RNN models with the DMFC data provides further evidence supporting the mental simulation hypothesis. Our findings provide evidence that neural dynamics in the frontal cortex are consistent with internal simulation of external states in the environment.",text 2
"What is good in one scenario may be bad in another. Despite the ubiquity of such contextual reasoning in everyday choice, how the brain flexibly uses different valuation schemes across contexts remains unknown. We addressed this question by monitoring neural activity from the hippocampus (HPC) and orbitofrontal cortex (OFC) of two monkeys performing a state-dependent choice task. We found that HPC neurons encoded state information as it became available and then, at the time of choice, relayed this information to the OFC via theta synchronization. During choice, the OFC represented value in a state-dependent manner; many OFC neurons uniquely coded for value in only one state but not the other. This suggests a functional dissociation whereby the HPC encodes contextual information that is broadcast to the OFC via theta synchronization to select a state-appropriate value subcircuit, thereby allowing for contextual reasoning in value-based choice.","What is good in one scenario may be bad in another. Despite the ubiquity of such contextual reasoning in everyday choice, how the brain flexibly uses different valuation schemes across contexts remains unknown. We addressed this question by monitoring neural activity from the hippocampus (HPC) and orbitofrontal cortex (OFC) of two monkeys performing a state-dependent choice task. We found that HPC neurons encoded state information as it became available and then, at the time of choice, relayed this information to the OFC via theta synchronization. During choice, the OFC represented value in a state-independent manner; many OFC neurons uniquely coded for value regardless of the state. This suggests a functional dissociation whereby the HPC encodes contextual information that is broadcast to the OFC via theta synchronization to select a state-appropriate value subcircuit, thereby allowing for contextual reasoning in value-based choice.",text 1
"How do the neural representations underlying category learning change as skill develops? We examined perceptual category learning using a prototype learning task known to recruit a corticostriatal system including the posterior striatum, motor cortex, visual cortex, and intraparietal sulcus (IPS). Male and female human participants practiced categorizing stimuli as category members or nonmembers (A vs not-A) across 3 d, with fMRI data collected at the beginning and end. Univariate analyses found that corticostriatal activity in regions associated with habitual instrumental learning was recruited across both sessions, but activity in regions associated with goal-directed instrumental learning decreased from Day 1 to Day 3. Multivoxel pattern analysis (MVPA) indicated that after training, the trained category could be more easily decoded from the IPS when compared with a novel category. Representational similarity analysis (RSA) showed development of category representations in the IPS and motor cortex. In addition, RSA revealed evidence for category-related representations including prototype representation in the ventromedial prefrontal cortex which may reflect parallel development of schematic memory for the category structure. Overall, the results converge to show how performance of category decisions and representations of the category structure emerge after extensive training across the corticostriatal system underlying perceptual category learning.","How do the neural representations underlying category learning change as skill develops? We examined perceptual category learning using a prototype learning task known to recruit a corticostriatal system including the posterior striatum, motor cortex, visual cortex, and intraparietal sulcus (IPS). Male and female human participants practiced categorizing stimuli as category members or nonmembers (A vs not-A) across 3 d, with fMRI data collected at the beginning and end. Univariate analyses found that corticostriatal activity in regions associated with habitual instrumental learning was recruited across both sessions, but activity in regions associated with goal-directed instrumental learning increased from Day 1 to Day 3. Multivoxel pattern analysis (MVPA) indicated that after training, the trained category could be more easily decoded from the IPS when compared with a novel category. Representational similarity analysis (RSA) showed development of category representations in the IPS and motor cortex. In addition, RSA revealed evidence for category-related representations including prototype representation in the ventromedial prefrontal cortex which may reflect parallel development of schematic memory for the category structure. Overall, the results converge to show how performance of category decisions and representations of the category structure emerge after extensive training across the corticostriatal system underlying perceptual category learning.",text 1
"While there may be microbial contributions to Alzheimer's disease (AD), findings have been inconclusive. We recently reported an AD-associated CD83(+) microglia subtype associated with increased immunoglobulin G4 (IgG4) in the transverse colon (TC). We used immunohistochemistry (IHC), IgG4 repertoire profiling, and brain organoid experiments to explore this association. CD83(+) microglia in the superior frontal gyrus (SFG) are associated with decreased IgG4 and human cytomegalovirus (HCMV) in the TC, anti-HCMV IgG4 in cerebrospinal fluid, and both HCMV and IgG4 in the SFG and vagal nerve. This association was replicated in an independent AD cohort. HCMV-infected cerebral organoids showed accelerated AD pathophysiological features (Aβ42 and pTau-212) and neuronal death. Findings indicate complex, cross-tissue interactions between HCMV and the adaptive immune response associated with CD83(+) microglia in persons with AD. This may indicate an opportunity for antiviral therapy in persons with AD and biomarker evidence of HCMV, IgG4, or CD83(+) microglia.","While there may be microbial contributions to Alzheimer's disease (AD), findings have been inconclusive. We recently reported an AD-associated CD83(+) microglia subtype associated with increased immunoglobulin G4 (IgG4) in the transverse colon (TC). We used immunohistochemistry (IHC), IgG4 repertoire profiling, and brain organoid experiments to explore this association. CD83(+) microglia in the superior frontal gyrus (SFG) are associated with elevated IgG4 and human cytomegalovirus (HCMV) in the TC, anti-HCMV IgG4 in cerebrospinal fluid, and both HCMV and IgG4 in the SFG and vagal nerve. This association was replicated in an independent AD cohort. HCMV-infected cerebral organoids showed accelerated AD pathophysiological features (Aβ42 and pTau-212) and neuronal death. Findings indicate complex, cross-tissue interactions between HCMV and the adaptive immune response associated with CD83(+) microglia in persons with AD. This may indicate an opportunity for antiviral therapy in persons with AD and biomarker evidence of HCMV, IgG4, or CD83(+) microglia. Cross-tissue interaction between HCMV and the adaptive immune response in a subset of persons with AD. Presence of CD83(+) microglial associated with IgG4 and HCMV in the gut. CD83(+) microglia are also associated presence of HCMV and IgG4 in the cortex and vagal nerve. Replication of key association in an independent cohort of AD subjects. HCMV infection of cerebral organoids accelerates the production of AD neuropathological features.",text 2
"Remembering events is crucial to intelligent behavior. Flexible memory retrieval requires a cognitive map and is supported by two key brain systems: hippocampal episodic memory (EM) and prefrontal working memory (WM). Although an understanding of EM is emerging, little is understood of WM beyond simple memory retrieval. We develop a mathematical theory relating the algorithms and representations of EM and WM by unveiling a duality between storing memories in synapses versus neural activity. This results in a formalism of prefrontal WM as structured, controllable neural subspaces (activity slots) representing dynamic cognitive maps without synaptic plasticity. Using neural networks, we elucidate differences, similarities, and trade-offs between the hippocampal and prefrontal algorithms. Lastly, we show that prefrontal representations in tasks from list learning to cue-dependent recall are unified as controllable activity slots. Our results unify frontal and temporal representations of memory and offer a new understanding for dynamic prefrontal representations of WM.","Remembering events is crucial to intelligent behavior. Flexible memory retrieval requires a cognitive map and is supported by two key brain systems: hippocampal episodic memory (EM) and prefrontal working memory (WM). Although an understanding of EM is emerging, little is understood of WM beyond simple memory retrieval. We develop a mathematical theory relating the algorithms and representations of EM and WM by unveiling a duality between storing memories in synapses versus neural activity. This results in a formalism of prefrontal WM as structured, controllable neural subspaces (activity slots) representing dynamic cognitive maps without synaptic plasticity. Using neural networks, we elucidate differences, similarities, and trade-offs between the hippocampal and prefrontal algorithms. Lastly, we show that prefrontal representations in tasks from list learning to cue-dependent recall are fragmented rather than unified as controllable activity slots. Our results unify frontal and temporal representations of memory and offer a new understanding for dynamic prefrontal representations of WM.",text 1
"Precise temporal control of sensorimotor coordination and adaptation is a fundamental basis of animal behavior. How different brain regions are involved in regulating the flexible temporal adaptation remains elusive. Here, we investigated the neuronal dynamics of the cerebellar interposed nucleus (IpN) and the medial prefrontal cortex (mPFC) neurons during temporal adaptation between delay eyeblink conditioning (DEC) and trace eyeblink conditioning (TEC). When mice were trained for either DEC or TEC and subsequently subjected to a new paradigm, their conditioned responses (CRs) adapted virtually instantaneously. Changes in the activity of the IpN neurons related to CR timing were prominent during DEC-to-TEC adaptation, but even more pronounced during TEC-to-DEC adaptation. In contrast, mPFC neurons could rapidly alter their modulation patterns during both adaptation paradigms. Accordingly, silencing the mPFC completely blocked the adaptation of CR timing. These results illustrate how cerebral and cerebellar mechanisms may play different roles during adaptive control of associative motor timing.","Precise temporal control of sensorimotor coordination and adaptation is a fundamental basis of animal behavior. How different brain regions are involved in regulating the flexible temporal adaptation remains elusive. Here, we investigated the neuronal dynamics of the cerebellar interposed nucleus (IpN) and the medial prefrontal cortex (mPFC) neurons during temporal adaptation between delay eyeblink conditioning (DEC) and trace eyeblink conditioning (TEC). When mice were trained for either DEC or TEC and subsequently subjected to a new paradigm, their conditioned responses (CRs) adapted virtually instantaneously. Changes in the activity of the IpN neurons related to CR timing were prominent during DEC-to-TEC adaptation, but less so during TEC-to-DEC adaptation. In contrast, mPFC neurons could rapidly alter their modulation patterns during both adaptation paradigms. Accordingly, silencing the mPFC completely blocked the adaptation of CR timing. These results illustrate how cerebral and cerebellar mechanisms may play different roles during adaptive control of associative motor timing.",text 2
"Cognitive control relies on neural representations that are inherently high-dimensional and distributed across multiple subregions in the prefrontal cortex (PFC). Traditional approaches tackle prefrontal representation by reducing it into a unidimensional measure (univariate amplitude) or using it to distinguish a limited number of alternatives (pattern classification). In contrast, representational similarity analysis (RSA) enables flexibly formulating various hypotheses about informational contents underlying the neural codes, explicitly comparing hypotheses, and examining the representational alignment between brain regions. Here, we used a multifaceted paradigm wherein the difficulty of cognitive control was manipulated separately for five cognitive tasks. We used RSA to unveil representational contents, measure the representational alignment between regions, and quantify representational generality versus specificity. We found a graded transition in the lateral PFC: The dorsocaudal PFC was tuned to task difficulty (indexed by reaction times), preferentially connected with the parietal cortex, and representationally specific across domains. The ventrorostral PFC was tuned to the abstract structure of tasks, preferentially connected with the temporal cortex, and representationally specific. The middle PFC (interposed between the dorsocaudal and ventrorostral PFC) was tuned to individual task sets and ranked in the middle in terms of connectivity and generalizability. Furthermore, whether a region was dimensionally rich or sparse covaried with its functional profile: Low dimensionality (only gist) in the dorsocaudal PFC dovetailed with better generality, whereas high dimensionality (gist plus details) in the ventrorostral PFC corresponded with better ability to encode subtleties. Our findings, collectively, demonstrate how cognitive control is decomposed into distinct facets that transition steadily along prefrontal subregions.","Cognitive control relies on neural representations that are inherently high-dimensional and distributed across multiple subregions in the prefrontal cortex (PFC). Traditional approaches tackle prefrontal representation by reducing it into a unidimensional measure (univariate amplitude) or using it to distinguish a limited number of alternatives (pattern classification). In contrast, representational similarity analysis (RSA) enables flexibly formulating various hypotheses about informational contents underlying the neural codes, explicitly comparing hypotheses, and examining the representational alignment between brain regions. Here, we used a multifaceted paradigm wherein the difficulty of cognitive control was manipulated separately for five cognitive tasks. We used RSA to unveil representational contents, measure the representational alignment between regions, and quantify representational generality versus specificity. We found a graded transition in the lateral PFC: The dorsocaudal PFC was tuned to task difficulty (indexed by reaction times), preferentially connected with the parietal cortex, and representationally generalizable across domains. The ventrorostral PFC was tuned to the abstract structure of tasks, preferentially connected with the temporal cortex, and representationally specific. The middle PFC (interposed between the dorsocaudal and ventrorostral PFC) was tuned to individual task sets and ranked in the middle in terms of connectivity and generalizability. Furthermore, whether a region was dimensionally rich or sparse covaried with its functional profile: Low dimensionality (only gist) in the dorsocaudal PFC dovetailed with better generality, whereas high dimensionality (gist plus details) in the ventrorostral PFC corresponded with better ability to encode subtleties. Our findings, collectively, demonstrate how cognitive control is decomposed into distinct facets that transition steadily along prefrontal subregions.",text 2
"High-resolution awake mouse functional magnetic resonance imaging (fMRI) remains challenging despite extensive efforts to address motion-induced artifacts and stress. This study introduces an implantable radio frequency (RF) surface coil design that minimizes image distortion caused by the air/tissue interface of mouse brains while simultaneously serving as a headpost for fixation during scanning. Furthermore, this study provides a thorough acclimation method used to accustom animals to the MRI environment minimizing motion-induced artifacts. Using a 14 T scanner, high-resolution fMRI enabled brain-wide functional mapping of visual and vibrissa stimulation at 100 µm×100 µm×200 µm resolution with a 2 s per frame sampling rate. Besides activated ascending visual and vibrissa pathways, robust blood oxygen level-dependent (BOLD) responses were detected in the anterior cingulate cortex upon visual stimulation and spread through the ventral retrosplenial area (VRA) with vibrissa air-puff stimulation, demonstrating higher-order sensory processing in association cortices of awake mice. In particular, the rapid hemodynamic responses in VRA upon vibrissa stimulation showed a strong correlation with the hippocampus, thalamus, and prefrontal cortical areas. Cross-correlation analysis with designated VRA responses revealed early negative BOLD signals at the contralateral barrel cortex (BC) occurring 2 s prior to the air-puff in awake mice with repetitive stimulation, which was not detected using a randomized stimulation paradigm. This early BC activation indicated a learned anticipation through the vibrissa system and association cortices in awake mice under continuous exposure of repetitive air-puff stimulation. This work establishes a high-resolution awake mouse fMRI platform, enabling brain-wide functional mapping of sensory signal processing in higher association cortical areas.","High-resolution awake mouse functional magnetic resonance imaging (fMRI) remains challenging despite extensive efforts to address motion-induced artifacts and stress. This study introduces an implantable radio frequency (RF) surface coil design that minimizes image distortion caused by the air/tissue interface of mouse brains while simultaneously serving as a headpost for fixation during scanning. Furthermore, this study provides a thorough acclimation method used to accustom animals to the MRI environment minimizing motion-induced artifacts. Using a 14 T scanner, high-resolution fMRI enabled brain-wide functional mapping of visual and vibrissa stimulation at 100 µm×100 µm×200 µm resolution with a 2 s per frame sampling rate. Besides activated ascending visual and vibrissa pathways, robust blood oxygen level-dependent (BOLD) responses were detected in the anterior cingulate cortex upon visual stimulation and spread through the ventral retrosplenial area (VRA) with vibrissa air-puff stimulation, demonstrating higher-order sensory processing in association cortices of awake mice. In particular, the rapid hemodynamic responses in VRA upon vibrissa stimulation showed a strong correlation with the hippocampus, thalamus, and prefrontal cortical areas. Cross-correlation analysis with designated VRA responses revealed early positive BOLD signals at the contralateral barrel cortex (BC) occurring 2 s prior to the air-puff in awake mice with repetitive stimulation, which was not detected using a randomized stimulation paradigm. This early BC activation indicated a learned anticipation through the vibrissa system and association cortices in awake mice under continuous exposure of repetitive air-puff stimulation. This work establishes a high-resolution awake mouse fMRI platform, enabling brain-wide functional mapping of sensory signal processing in higher association cortical areas.",text 2
"Our own experience of emotional events influences how we approach and react to others' emotions. Here we observe that mice exhibit divergent interindividual responses to others in stress (that is, preference or avoidance) only if they have previously experienced the same aversive event. These responses are estrus dependent in females and dominance dependent in males. Notably, silencing the expression of the corticotropin-releasing factor (CRF) within the medial prefrontal cortex (mPFC) attenuates the impact of stress self-experience on the reaction to others' stress. In vivo microendoscopic calcium imaging revealed that mPFC CRF neurons are activated more toward others' stress only following the same negative self-experience. Optogenetic manipulations confirmed that higher activation of mPFC CRF neurons is responsible for the switch from preference to avoidance of others in stress, but only following stress self-experience. These results provide a neurobiological substrate underlying how an individual's emotional experience influences their approach toward others in a negative emotional state.","Our own experience of emotional events influences how we approach and react to others' emotions. Here we observe that mice exhibit divergent interindividual responses to others in stress (that is, preference or avoidance) only if they have previously experienced the same aversive event. These responses are estrus dependent in females and dominance dependent in males. Notably, silencing the expression of the corticotropin-releasing factor (CRF) within the medial prefrontal cortex (mPFC) attenuates the impact of stress self-experience on the reaction to others' stress. In vivo microendoscopic calcium imaging revealed that mPFC CRF neurons are activated more toward others' stress only following the same negative self-experience. Optogenetic manipulations confirmed that higher activation of mPFC CRF neurons is responsible for the switch from preference to avoidance of others in stress, but only following stress self-experience. These results provide a neurobiological substrate underlying how an individual's emotional experience reduces their approach toward others in a negative emotional state.",text 1
"Alzheimer's disease (AD) shows significant sex differences in prevalence and clinical manifestations, but the underlying molecular mechanisms remain unclear. This study used a large-scale, single-cell transcriptomic atlas of the human prefrontal cortex to investigate sex-dependent molecular changes in AD. Our approach combined cell type-specific and sex-specific differential gene expression analysis, pathway enrichment, gene regulatory network construction, and cell-cell communication analysis to identify sex-dependent changes. We found significant sex-specific gene expression patterns and pathway alterations in AD. Male astrocytes showed changes in cell death pathways, with RPTOR as a key regulator, while female astrocytes had alterations in Wnt signaling and cell cycle regulation. Cell-cell communication analysis uncovered sex-specific intercellular signaling patterns, with male-specific impacts on apoptosis-related signaling and female-specific alterations in Wnt and calcium signaling. This study reveals sex-dependent gene expression patterns, pathway alterations, and intercellular communication changes, suggesting the need for sex-specific approaches in AD research. Single-cell transcriptomics reveals significant sex-specific molecular signatures in Alzheimer's disease (AD). Male astrocytes show enhanced modulation of apoptotic and cell death pathways in AD; female astrocytes exhibit distinct alterations in Wnt signaling and cell-cycle regulation. Sex-dimorphic changes in mitochondrial gene expression are observed in excitatory neurons, suggesting divergent energy metabolism profiles may contribute to AD sex differences. RPTOR is identified as a key regulator of male-specific changes in astrocytes, implicating the mechanistic target of rapamycin pathway in sex-dependent AD pathology. New cell-cell communication analyses reveal sex-specific patterns of intercellular signaling, providing insights into how cellular interactions may differentially contribute to AD pathology in males and females.","Alzheimer's disease (AD) shows significant sex differences in prevalence and clinical manifestations, but the underlying molecular mechanisms remain unclear. This study used a large-scale, single-cell transcriptomic atlas of the human prefrontal cortex to investigate sex-dependent molecular changes in AD. Our approach combined cell type-specific and sex-specific differential gene expression analysis, pathway enrichment, gene regulatory network construction, and cell-cell communication analysis to identify sex-dependent changes. We found significant sex-specific gene expression patterns and pathway alterations in AD. Male astrocytes showed changes in cell death pathways, with RPTOR as a key regulator, while female astrocytes had alterations in Wnt signaling and cell cycle regulation. Cell-cell communication analysis uncovered sex-specific intercellular signaling patterns, with male-specific impacts on cell survival-related signaling and female-specific alterations in Wnt and calcium signaling. This study reveals sex-dependent gene expression patterns, pathway alterations, and intercellular communication changes, suggesting the need for sex-specific approaches in AD research. Single-cell transcriptomics reveals significant sex-specific molecular signatures in Alzheimer's disease (AD). Male astrocytes show enhanced modulation of apoptotic and cell death pathways in AD; female astrocytes exhibit distinct alterations in Wnt signaling and cell-cycle regulation. Sex-dimorphic changes in mitochondrial gene expression are observed in excitatory neurons, suggesting divergent energy metabolism profiles may contribute to AD sex differences. RPTOR is identified as a key regulator of male-specific changes in astrocytes, implicating the mechanistic target of rapamycin pathway in sex-dependent AD pathology. New cell-cell communication analyses reveal sex-specific patterns of intercellular signaling, providing insights into how cellular interactions may differentially contribute to AD pathology in males and females.",text 1
"Alzheimer's disease (AD) is the most common neurodegenerative disease, characterized by damage to cortical circuits. However, the mechanisms underlying AD-associated changes in long-range circuits remain poorly understood. In this study, we used viral tracing and fluorescence micro-optical sectioning tomography (fMOST) imaging to investigate whole-brain changes in the input circuit of the frontal cortex of 5×FAD mice. We used whole-brain imaging with single-cell resolution to generate brain-wide input maps of the Alzheimer's disease mouse model. Pathological axonal degeneration was widely observed in upstream regions, including the cortex, hippocampus, and thalamus, across all AD brains examined. The proportion of input neurons projecting to parvalbumin-expressing neurons, compared to those projecting to somatostatin-expressing neurons, increased in the hippocampus and basal forebrain. This decline was closely related to mouse age and the cell type of the presynaptic input neurons. This study demonstrates the selective vulnerability of long-range circuits in the prelimbic area in AD at the mesoscopic level, thereby enhancing our understanding of circuit architecture degeneration across the brain. The pathological changes in the input proportions showed relevance with the mouse age, distribution, and cell type of the presynaptic input neurons. Compared to the cell body and dendrites of the medial prefrontal cortex input neurons, the pathological changes in the axonal structure are more extensive.","Alzheimer's disease (AD) is the most common neurodegenerative disease, characterized by damage to cortical circuits. However, the mechanisms underlying AD-associated changes in long-range circuits remain poorly understood. In this study, we used viral tracing and fluorescence micro-optical sectioning tomography (fMOST) imaging to investigate whole-brain changes in the input circuit of the frontal cortex of 5×FAD mice. Pathological axonal degeneration was widely observed in upstream regions, including the cortex, hippocampus, and thalamus, across all AD brains examined. The proportion of input neurons projecting to parvalbumin-expressing neurons, compared to those projecting to somatostatin-expressing neurons, decreased in the hippocampus and basal forebrain. This decline was closely related to mouse age and the cell type of the presynaptic input neurons. This study demonstrates the selective vulnerability of long-range circuits in the prelimbic area in AD at the mesoscopic level, thereby enhancing our understanding of circuit architecture degeneration across the brain. We used whole-brain imaging with single-cell resolution to generate brain-wide input maps of the Alzheimer's disease mouse model. The pathological changes in the input proportions showed relevance with the mouse age, distribution, and cell type of the presynaptic input neurons. Compared to the cell body and dendrites of the medial prefrontal cortex input neurons, the pathological changes in the axonal structure are more extensive.",text 2
"Social creatures must attend to threat signals from conspecifics and respond appropriately, both behaviorally and physiologically. In this work, we show in mice a threat-sensitive immune mechanism that orchestrates psychological processes and is amenable to social modulation. Repeated encounters with socially cued threats triggered meningeal neutrophil (MN) priming preferentially in males. MN activity was correlated with attenuated defensive responses to cues. Canonical neutrophil-specific activation marker CD177 was upregulated after social threat cueing, and its genetic ablation abrogated male behavioral phenotypes. CD177 signals favored meningeal T helper (Th)1-like immune bias, which blunted neural response to threatening stimuli by enhancing intrinsic GABAergic inhibition within the prelimbic cortex via interferon-gamma (IFN-γ). MN signaling was sensitized by negative emotional states and governed by socially dependent androgen release. This male-biased hormone/neutrophil regulatory axis is seemingly conserved in humans. Our findings provide insights into how immune responses suppress behavioral threat responses, suggesting a possible neuroimmune basis of emotional regulation.","Social creatures must attend to threat signals from conspecifics and respond appropriately, both behaviorally and physiologically. In this work, we show in mice a threat-sensitive immune mechanism that orchestrates psychological processes and is amenable to social modulation. Repeated encounters with socially cued threats triggered meningeal neutrophil (MN) priming preferentially in males. MN activity was correlated with attenuated defensive responses to cues. Canonical neutrophil-specific activation marker CD177 was upregulated after social threat cueing, and its genetic ablation abrogated male behavioral phenotypes. CD177 signals favored meningeal T helper (Th)1-like immune bias, which blunted neural response to threatening stimuli by enhancing intrinsic GABAergic inhibition within the prelimbic cortex via interferon-gamma (IFN-γ). MN signaling was sensitized by negative emotional states and governed by socially dependent androgen release. This male-biased hormone/neutrophil regulatory axis is seemingly conserved in humans. Our findings provide insights into how immune responses influence behavioral threat responses, suggesting a possible neuroimmune basis of emotional regulation.",text 2
"Anxiety elicits various physiological responses, including changes in the respiratory rate and neuronal activity within specific brain regions such as the medial prefrontal cortex (mPFC). Previous research suggests that the olfactory bulb (OB) modulates the mPFC through respiration-coupled oscillations (RCOs), which have been linked to fear-related freezing behavior. Nevertheless, the impact of breathing on frontal brain networks during other negative emotional responses, such as anxiety-related states characterized by higher breathing rates, remains unclear. To address this, we subjected rats to the elevated plus maze (EPM) paradigm while simultaneously recording respiration and local field potentials in the OB and mPFC. Our findings demonstrate distinct respiratory patterns during EPM exploration: slower breathing frequencies prevailed in the closed arms, whereas faster frequencies were observed in the open arms, independent of locomotor activity, indicating that anxiety-like states are associated with increased respiratory rates. Additionally, we identified RCOs at different frequencies, mirroring the bimodal distribution of respiratory frequencies. RCOs exhibited higher power during open-arm exploration, when they showed greater coherence with breathing at faster frequencies. Furthermore, we confirmed that nasal respiration drives RCOs in frontal brain regions and found a stronger effect during faster breathing. Interestingly, we observed that the frequency of prefrontal gamma oscillations modulated by respiration increased with breathing frequency. Overall, our study provides evidence for a significant influence of breathing on prefrontal cortex networks during anxious states, shedding light on the complex interplay between respiratory physiology and emotional processing.","Anxiety elicits various physiological responses, including changes in the respiratory rate and neuronal activity within specific brain regions such as the medial prefrontal cortex (mPFC). Previous research suggests that the olfactory bulb (OB) modulates the mPFC through respiration-coupled oscillations (RCOs), which have been linked to fear-related freezing behavior. Nevertheless, the impact of breathing on frontal brain networks during other negative emotional responses, such as anxiety-related states characterized by higher breathing rates, remains unclear. To address this, we subjected rats to the elevated plus maze (EPM) paradigm while simultaneously recording respiration and local field potentials in the OB and mPFC. Our findings demonstrate distinct respiratory patterns during EPM exploration: slower breathing frequencies prevailed in the closed arms, whereas faster frequencies were observed in the open arms, independent of locomotor activity, indicating that anxiety-like states are associated with decreased respiratory rates. Additionally, we identified RCOs at different frequencies, mirroring the bimodal distribution of respiratory frequencies. RCOs exhibited higher power during open-arm exploration, when they showed greater coherence with breathing at faster frequencies. Furthermore, we confirmed that nasal respiration drives RCOs in frontal brain regions and found a stronger effect during faster breathing. Interestingly, we observed that the frequency of prefrontal gamma oscillations modulated by respiration increased with breathing frequency. Overall, our study provides evidence for a significant influence of breathing on prefrontal cortex networks during anxious states, shedding light on the complex interplay between respiratory physiology and emotional processing.",text 1
"We appraise other people's emotions by combining multiple sources of information, including somatic facial/body reactions and the surrounding context. Wealthy literature revealed how people take into account contextual information in the interpretation of facial expressions, but the mechanisms mediating such influence still need to be duly investigated. Across two experiments, we mapped the neural representations of distinct (but comparably unpleasant) negative states, pain, and disgust, as conveyed by naturalistic facial expressions or contextual sentences. Negative expressions led to shared activity in the fusiform gyrus and superior temporal sulcus. Instead, pain contexts recruited the supramarginal, postcentral, and insular cortex, whereas disgust contexts triggered the temporoparietal cortex and hippocampus/amygdala. Contrary to our expectations, pairing the two sources of information together reduced the likelihood of classifying an expression according to the sentence preceding it. Furthermore, networks specifically involved in processing contexts were re-enacted whenever a face followed said context. Finally, the perigenual medial prefrontal cortex (mPFC) showed increased activity for consistent (vs inconsistent) face-context pairings, suggesting that it integrates state-specific information from the two sources. Overall, our study reveals the heterogeneous nature of face-context information integration, which operates both according to a state-general and state-specific principle, with the latter mediated by the perigenual medial prefrontal cortex.","We appraise other people's emotions by combining multiple sources of information, including somatic facial/body reactions and the surrounding context. Wealthy literature revealed how people take into account contextual information in the interpretation of facial expressions, but the mechanisms mediating such influence still need to be duly investigated. Across two experiments, we mapped the neural representations of distinct (but comparably unpleasant) negative states, pain, and disgust, as conveyed by naturalistic facial expressions or contextual sentences. Negative expressions led to shared activity in the fusiform gyrus and superior temporal sulcus. Instead, pain contexts recruited the supramarginal, postcentral, and insular cortex, whereas disgust contexts triggered the temporoparietal cortex and hippocampus/amygdala. When pairing the two sources of information together, we found a higher likelihood of classifying an expression according to the sentence preceding it. Furthermore, networks specifically involved in processing contexts were re-enacted whenever a face followed said context. Finally, the perigenual medial prefrontal cortex (mPFC) showed increased activity for consistent (vs inconsistent) face-context pairings, suggesting that it integrates state-specific information from the two sources. Overall, our study reveals the heterogeneous nature of face-context information integration, which operates both according to a state-general and state-specific principle, with the latter mediated by the perigenual medial prefrontal cortex.",text 2
"Learning occurs across multiple timescales, with fast learning crucial for adapting to sudden environmental changes, and slow learning beneficial for extracting robust knowledge from multiple events. Here, we asked if miscalibrated fast vs slow learning can lead to maladaptive decision-making in individuals with problem gambling. We recruited participants with problem gambling (PG; N = 20; 9 female and 11 male) and a recreational gambling control group without any symptoms associated with PG (N = 20; 10 female and 10 male) from the community in Los Angeles, CA. Participants performed a decision-making task involving reward-learning and loss-avoidance while being scanned with fMRI. Using computational model fitting, we found that individuals in the PG group showed evidence for an excessive dependence on slow timescales and a reduced reliance on fast timescales during learning. fMRI data implicated the putamen, an area associated with habit, and medial prefrontal cortex (PFC) in slow loss-value encoding, with significantly more robust encoding in medial PFC in the PG group compared to controls. The PG group also exhibited stronger loss prediction error encoding in the insular cortex. These findings suggest that individuals with PG have an impaired ability to adjust their predictions following losses, manifested by a stronger influence of slow value learning. This impairment could contribute to the behavioral inflexibility of problem gamblers, particularly the persistence in gambling behavior typically observed in those individuals after incurring loss outcomes.","Learning occurs across multiple timescales, with fast learning crucial for adapting to sudden environmental changes, and slow learning beneficial for extracting robust knowledge from multiple events. Here, we asked if miscalibrated fast vs slow learning can lead to maladaptive decision-making in individuals with problem gambling. We recruited participants with problem gambling (PG; N = 20; 9 female and 11 male) and a recreational gambling control group without any symptoms associated with PG (N = 20; 10 female and 10 male) from the community in Los Angeles, CA. Participants performed a decision-making task involving reward-learning and loss-avoidance while being scanned with fMRI. Using computational model fitting, we found that individuals in the PG group showed evidence for an excessive dependence on slow timescales and a reduced reliance on fast timescales during learning. fMRI data implicated the putamen, an area associated with habit, and medial prefrontal cortex (PFC) in slow loss-value encoding, with significantly more robust encoding in medial PFC in the control group compared to the PG group. The PG group also exhibited stronger loss prediction error encoding in the insular cortex. These findings suggest that individuals with PG have an impaired ability to adjust their predictions following losses, manifested by a stronger influence of slow value learning. This impairment could contribute to the behavioral inflexibility of problem gamblers, particularly the persistence in gambling behavior typically observed in those individuals after incurring loss outcomes.",text 1
"We examined how abnormal prefrontal neurophysiology and changes in gamma-aminobutyric acid-ergic (GABAergic) neurotransmission contribute to behavioral impairments in disorders associated with frontotemporal lobar degeneration (FTLD). We recorded magnetoencephalography during an adaptive visuomotor task from 11 people with behavioral-variant frontotemporal dementia, 11 with progressive supranuclear palsy, and 20 age-matched controls. We used tiagabine, a gamma-aminobutyric acid (GABA) re-uptake inhibitor, as a pharmacological probe to assess the role of GABA during motor-related beta power changes. Task impairments were associated with diminished movement-related beta power. Tiagabine facilitated partial recovery of behavioral impairments and neurophysiology, moderated by executive function, such that the greatest impairments were seen in those with higher cognitive scores. The right prefrontal cortex was revealed as a key site of drug interaction. Behavioral and neurophysiological deficits can be mitigated by enhancement of GABAergic neurotransmission. Clinical trials are warranted to test for enduring clinical benefits from this restorative-psychopharmacology strategy. Event-related beta power changes during movement can be altered by the GABA reuptake inhibitor, tiagabine. In people with behavioral-variant frontotemporal dementia and progressive supranuclear palsy, tiagabine enhanced beta modulation and concurrently improved task performance, dependent on baseline cognition, and diagnosis. The effects of the drug suggest a GABA-dependent beta-related mechanism that underlies adaptive motor control. Restoring selective deficits in neurotransmission is a potential means to improve behavioral symptoms in patients with dementia.","We examined how abnormal prefrontal neurophysiology and changes in gamma-aminobutyric acid-ergic (GABAergic) neurotransmission contribute to behavioral impairments in disorders associated with frontotemporal lobar degeneration (FTLD). We recorded magnetoencephalography during an adaptive visuomotor task from 11 people with behavioral-variant frontotemporal dementia, 11 with progressive supranuclear palsy, and 20 age-matched controls. We used tiagabine, a gamma-aminobutyric acid (GABA) re-uptake inhibitor, as a pharmacological probe to assess the role of GABA during motor-related beta power changes. Task impairments were associated with diminished movement-related beta power. Tiagabine facilitated partial recovery of behavioral impairments and neurophysiology, moderated by executive function, such that the greatest improvements were seen in those with higher cognitive scores. The right prefrontal cortex was revealed as a key site of drug interaction. Behavioral and neurophysiological deficits can be mitigated by enhancement of GABAergic neurotransmission. Clinical trials are warranted to test for enduring clinical benefits from this restorative-psychopharmacology strategy. Event-related beta power changes during movement can be altered by the GABA reuptake inhibitor, tiagabine. In people with behavioral-variant frontotemporal dementia and progressive supranuclear palsy, tiagabine enhanced beta modulation and concurrently improved task performance, dependent on baseline cognition, and diagnosis. The effects of the drug suggest a GABA-dependent beta-related mechanism that underlies adaptive motor control. Restoring selective deficits in neurotransmission is a potential means to improve behavioral symptoms in patients with dementia.",text 2
"Using a single-nucleus transcriptome derived from the dorsolateral prefrontal cortex of 424 Religious Orders Study and the Rush Memory and Aging Project (ROS/MAP) participants, we investigated the cell type-specific effect of ten vascular endothelial growth factor (VEGF) genes on Alzheimer's disease (AD) endophenotypes. Negative binomial mixed models were used for differential gene expression and association analysis with AD endophenotypes. VEGF-associated intercellular communication was also profiled. Higher microglia FLT1, endothelial FLT4, and oligodendrocyte VEGFB are associated with greater amyloid beta (Aβ) load, whereas higher VEGFB expression in inhibitory neurons is associated with higher Aβ load. Higher astrocyte NRP1 is associated with lower tau density. Higher microglia and endothelial FLT1 are associated with worse cognition performance. Endothelial and microglial FLT1 expression was upregulated in clinical AD patients compared to cognitively normal controls. Finally, AD cells showed a significant reduction in VEGF signaling compared to controls. Our results highlight key changes in VEGF receptor expression in endothelial and microglial cells during AD, and the potential protective role of VEGFB in neurons. The prefrontal cortical expression of FLT1 and FLT4 was associated with worse cross-sectional global cognitive function, longitudinal cognitive trajectories, and more Alzheimer's disease (AD) neuropathology. The associations between FLT1 or FLT4 and AD endophenotypes appear to be driven by endothelial and microglial cells. VEGFB expression seems to have opposing effects on the Aβ burden in AD depending on cell types, highlighting its potential protective role in neurons.","Using a single-nucleus transcriptome derived from the dorsolateral prefrontal cortex of 424 Religious Orders Study and the Rush Memory and Aging Project (ROS/MAP) participants, we investigated the cell type-specific effect of ten vascular endothelial growth factor (VEGF) genes on Alzheimer's disease (AD) endophenotypes. Negative binomial mixed models were used for differential gene expression and association analysis with AD endophenotypes. VEGF-associated intercellular communication was also profiled. Higher microglia FLT1, endothelial FLT4, and oligodendrocyte VEGFB are associated with greater amyloid beta (Aβ) load, whereas higher VEGFB expression in inhibitory neurons is associated with lower Aβ load. Higher astrocyte NRP1 is associated with lower tau density. Higher microglia and endothelial FLT1 are associated with worse cognition performance. Endothelial and microglial FLT1 expression was upregulated in clinical AD patients compared to cognitively normal controls. Finally, AD cells showed a significant reduction in VEGF signaling compared to controls. Our results highlight key changes in VEGF receptor expression in endothelial and microglial cells during AD, and the potential protective role of VEGFB in neurons. The prefrontal cortical expression of FLT1 and FLT4 was associated with worse cross-sectional global cognitive function, longitudinal cognitive trajectories, and more Alzheimer's disease (AD) neuropathology. The associations between FLT1 or FLT4 and AD endophenotypes appear to be driven by endothelial and microglial cells. VEGFB expression seems to have opposing effects on the Aβ burden in AD depending on cell types, highlighting its potential protective role in neurons.",text 2
"Deciding how long to keep waiting for uncertain future rewards is a complex problem. Previous research has shown that choosing to stop waiting results from an evaluative process that weighs the subjective value of the awaited reward against the opportunity cost of waiting. Activity in the ventromedial prefrontal cortex (vmPFC) tracks the dynamics of this evaluation, while activation in the dorsomedial prefrontal cortex (dmPFC) and anterior insula (AI) ramps up before a decision to quit is made. Here, we provide causal evidence of the necessity of these brain regions for successful performance in a willingness-to-wait task. Twenty-eight participants (20 female and 8 male) with lesions to different regions of the frontal lobe were tested on their ability to adaptively calibrate how long they waited for monetary rewards. We found that participants with lesions to the vmPFC waited less overall, while participants with lesions to the dmPFC and anterior insula were specifically impaired at calibrating their level of persistence to the environment. These behavioral effects were accounted for by systematic differences in parameter estimates from a computational model of task performance.","Deciding how long to keep waiting for uncertain future rewards is a complex problem. Previous research has shown that choosing to stop waiting results from an evaluative process that weighs the subjective value of the awaited reward against the opportunity cost of waiting. Activity in the ventromedial prefrontal cortex (vmPFC) tracks the dynamics of this evaluation, while activation in the dorsomedial prefrontal cortex (dmPFC) and anterior insula (AI) ramps up before a decision to quit is made. Here, we provide causal evidence of the necessity of these brain regions for successful performance in a willingness-to-wait task. Twenty-eight participants (20 female and 8 male) with lesions to different regions of the frontal lobe were tested on their ability to adaptively calibrate how long they waited for monetary rewards. We found that participants with lesions to the vmPFC waited more overall, while participants with lesions to the dmPFC and anterior insula were specifically impaired at calibrating their level of persistence to the environment. These behavioral effects were accounted for by systematic differences in parameter estimates from a computational model of task performance.",text 1
