text 1,text 2,label
"Periodicity was observed in two distinct frequency bands: First, word-locked saccades at 4-5 Hz display coherence with whole-head theta-band activity. Second, fixation durations fluctuate rhythmically at ∼1 Hz, in coherence with occipital delta-band activity. This latter effect was additionally phase-locked to sentence endings, suggesting a relationship with the formation of multi-word chunks. Together, eye movements during reading contain rhythmic patterns that occur in synchrony with oscillatory brain activity. This suggests that linguistic processing imposes preferred processing time scales onto reading, largely independent of actual physical rhythms in the stimulus.","Periodicity was observed in two distinct frequency bands: First, word-locked saccades at 4-5 Hz display coherence with whole-head theta-band activity. Second, fixation durations fluctuate rhythmically at ∼1 Hz, in coherence with frontal alpha-band activity. This latter effect was additionally phase-locked to sentence endings, suggesting a relationship with the formation of multi-word chunks. Together, eye movements during reading contain rhythmic patterns that occur in synchrony with oscillatory brain activity. This suggests that linguistic processing imposes preferred processing time scales onto reading, largely independent of actual physical rhythms in the stimulus.",text 1
"These findings are discussed with respect to mutually inhibitory interactions between the cerebellum and BLA, and the way that these regions support memory in other protocols, including recognition memory in people.","These findings are discussed with respect to mutually inhibitory interactions between the PRh and BLA, and the way that these regions support memory in other protocols, including recognition memory in people.",text 2
"The data support a model in which age-related differences in fluid intelligence are partially mediated by the responsiveness of frontoparietal regions to novel problem-solving. Finally, exploratory analyses suggest that neural mediation of age-related differences in fluid intelligence is moderated by the variety of regular physical activities, more reliably than by their frequency or duration. An additional moderating role of the variety of nonphysical activities emerged when controlling for head motion. A better understanding of the mechanisms that link healthy aging with lower fluid intelligence may suggest strategies for mitigating such decline.","The data support a model in which age-related differences in fluid intelligence are partially mediated by the responsiveness of the occipital regions to novel problem-solving. Finally, exploratory analyses suggest that neural mediation of age-related differences in fluid intelligence is moderated by the variety of regular physical activities, more reliably than by their frequency or duration. An additional moderating role of the variety of nonphysical activities emerged when controlling for head motion. A better understanding of the mechanisms that link healthy aging with lower fluid intelligence may suggest strategies for mitigating such decline.",text 1
"However, when the sensory preconditioning session is followed by a shocked context exposure, the PRh-dependent trace of the later S2-S1 pairings is suppressed and the hippocampus-dependent trace of the initial S2-S1 pairing is consolidated in memory. These findings are discussed with respect to mutually inhibitory interactions between the PRh and BLA, and the way that these regions support memory in other protocols, including recognition memory in people.","However, when the sensory preconditioning session is followed by a shocked context exposure, the PRh-dependent trace of the later S2-S1 pairings is suppressed and the BLA-dependent trace of the initial S2-S1 pairing is consolidated in memory. These findings are discussed with respect to mutually inhibitory interactions between the PRh and BLA, and the way that these regions support memory in other protocols, including recognition memory in people.",text 2
"VTA dopamine neurons imbue actions and their associated cues with motivational value that allows flexible and persistent pursuit, whereas thalamic serotonin neurons support time-limited, precise, action-specific learning that is nonscalable and inflexible. This architecture is reminiscent of actor–critic reinforcement learning models with VTA and SNc instructing the critic and actor, respectively. Our findings indicate that heterogeneous dopamine systems support unique forms of instrumental learning that ultimately result in disparate reward-seeking strategies.","VTA dopamine neurons imbue actions and their associated cues with motivational value that allows flexible and persistent pursuit, whereas SNc dopamine neurons support time-limited, precise, action-specific learning that is nonscalable and inflexible. This architecture is reminiscent of actor–critic reinforcement learning models with VTA and SNc instructing the critic and actor, respectively. Our findings indicate that heterogeneous dopamine systems support unique forms of instrumental learning that ultimately result in disparate reward-seeking strategies.",text 2
This holds true for dLGN responses to both temporal and spatial features of the visual stimulus. These results reveal that the state-dependent shift of the response to visual stimuli in an early stage of visual processing depends primarily on ambient light levels rather than cortico-thalamic feedback.,This holds true for dLGN responses to both temporal and spatial features of the visual stimulus. These results reveal that the state-dependent shift of the response to visual stimuli in an early stage of visual processing depends on cortico-thalamic feedback.,text 2
"Males had significantly higher DT than females and exhibited significantly more phasic PrL activity during the DT task. Furthermore, in male rats with a history of cocaine, PrL activity shifted to track DT; and this change in activity significantly correlated with the change in DT. Additionally, male (but not female) rats with low DT after 28 d of abstinence had significantly heightened drug-seeking behavior. Surprisingly, it was found that electrolyte levels, rather than PrL activity, during the DT task predicted cocaine-seeking behavior. Collectively, these data demonstrate an important role for electrolyte levels in DT in males, and misleadingly link this aspect to drug-seeking, particularly in males.","Males had significantly higher DT than females and exhibited significantly more phasic PrL activity during the DT task. Furthermore, in male rats with a history of cocaine, PrL activity shifted to track DT; and this change in activity significantly correlated with the change in DT. Additionally, male (but not female) rats with low DT after 28 d of abstinence had significantly heightened drug-seeking behavior. Finally, PrL activity during the DT task predicted cocaine-seeking behavior. Collectively, these data demonstrate an important role for the PrL in DT in males, and link this neural activity and behavior to drug-seeking, particularly in males.",text 2
This holds true for dLGN responses to both temporal and spatial features of the visual stimulus. These results reveal that the state-dependent shift of the response to visual stimuli in an early stage of visual processing depends on sensory input noise rather than cortico-thalamic feedback.,This holds true for dLGN responses to both temporal and spatial features of the visual stimulus. These results reveal that the state-dependent shift of the response to visual stimuli in an early stage of visual processing depends on cortico-thalamic feedback.,text 2
"While PNs differently modulate their discharge during distinct motor acts, most FSNs respond with a stereotyped increase in firing rate. Accordingly, the informational redundancy was greater among FSNs than PNs. Finally, optogenetic silencing of a subset of FSNs reduced spontaneous licking movement. These data suggest that a global rise of inhibition contributes to the initiation and execution of spontaneous motor actions.","While PNs differently modulate their discharge during distinct motor acts, most FSNs respond with a stereotyped increase in firing rate. Accordingly, the informational redundancy was greater among FSNs than PNs. Finally, optogenetic silencing of a subset of PNs reduced spontaneous licking movement. These data suggest that a global rise of inhibition contributes to the initiation and execution of spontaneous motor actions.",text 1
"We found evident anatomic expansion and linear increases of fiber integrity in the lateral side of thalamus compared with the medial part. The tractography results indicated that thalamic connection to the frontal cortex developed later than the other thalamocortical connections (parieto-occipital, motor, somatosensory, and temporal). Using a connectivity-based segmentation strategy, we revealed that functional partitions of thalamic subdivisions were formed at 32 PMWs or earlier, and the partition developed toward the adult pattern in a lateral-to-medial pattern. Collectively, these findings revealed faster development of the lateral thalamus than the central part as well as a posterior-to-anterior developmental gradient of thalamocortical connectivity from the third trimester to early infancy.","We found evident anatomic expansion and linear increases of fiber integrity in the lateral side of thalamus compared with the medial part. The tractography results indicated that thalamic connection to the frontal cortex developed later than the other thalamocortical connections (parieto-occipital, motor, somatosensory, and temporal). Using a connectivity-based segmentation strategy, we revealed that environmental stimuli, rather than neural genetic programming, influenced the formation of functional partitions of thalamic subdivisions at 32 PMWs or earlier, and the partition developed toward the adult pattern in a lateral-to-medial pattern. Collectively, these findings revealed faster development of the lateral thalamus than the central part as well as a posterior-to-anterior developmental gradient of thalamocortical connectivity from the third trimester to early infancy.",text 1
"Respiration-driven rhythms emerged during all three states. However, prefrontal γ oscillations were more strongly entrained by respiration during HC than TS or Rew. Moreover, neuronal spikes of putative pyramidal cells and putative interneurons showed significant respiration phase-coupling throughout behaviors with characteristic phase preferences depending on the behavioral state. Finally, while phase-coupling dominated in deep layers in HC and Rew conditions, TS resulted in the recruitment of superficial layer neurons to respiration. These results jointly suggest that respiration dynamically entrains prefrontal neuronal activity depending on the behavioral state.","Respiration-driven rhythms emerged during all three states. However, prefrontal γ oscillations were more strongly entrained by respiration during HC than TS or Rew. Interestingly, ambient temperature showed significant influence on neuronal spikes of putative pyramidal cells and putative interneurons instead of the expected respiration phase-coupling, suggesting characteristic phase preferences depending on the behavioral state. Finally, while phase-coupling dominated in deep layers in HC and Rew conditions, TS resulted in the recruitment of superficial layer neurons to respiration. These results jointly suggest that respiration dynamically entrains prefrontal neuronal activity depending on the behavioral state.",text 1
"Sustained stimulation for a longer duration (20 s at 50 Hz) caused additional prolonged net acidification at the cleft. Activity-induced liberation of intracellular K+ in muscle positively correlated with alkalization of the synaptic cleft, whereas inhibiting PMCA significantly decreased the extent of cleft alkalization. Thus, cholinergic synapses of the mouse NMJ typically alkalize because of cytosolic K+ liberated in muscle during activity, unless under highly strenuous conditions where acidification predominates.","Sustained stimulation for a longer duration (20 s at 50 Hz) caused additional prolonged net acidification at the cleft. Activity-induced liberation of intracellular Ca2+ in muscle positively correlated with alkalization of the synaptic cleft, whereas inhibiting PMCA significantly decreased the extent of cleft alkalization. Thus, cholinergic synapses of the mouse NMJ typically alkalize because of cytosolic Ca2+ liberated in muscle during activity, unless under highly strenuous conditions where acidification predominates.",text 2
"Finally, confocal and super-resolution imaging revealed that phasic neuron release sites are organized in a more compact arrangement, with enhanced stoichiometry of voltage-gated Ca2+ channels relative to other active zone scaffolds. These data suggest that distinctions in active zone nano-architecture and Ca2+ influx collaborate to differentially tune glutamate release at tonic versus phasic synaptic subtypes.","Finally, confocal and super-resolution imaging revealed that phasic neuron release sites are organized in a more compact arrangement, with enhanced stoichiometry of potassium channels relative to other active zone scaffolds. These data suggest that distinctions in active zone nano-architecture and Ca2+ influx collaborate to differentially tune glutamate release at tonic versus phasic synaptic subtypes.",text 1
Our results thus suggest distinct mechanisms underlying prior biases in perceptual inference and favor the notion that hallucination proneness could reflect direct alterations in the representation or use of perceptual priors independent of sensory noise.,Our results thus suggest distinct mechanisms underlying prior biases in perceptual inference and favor the notion that hallucination proneness could reflect direct alterations in serotonin regulation independent of sensory noise.,text 1
"We observed a significant disruption of L5-V1 axon terminal organization in the SC of SC-cKO mice. Importantly, retinocollicular topography was unaffected in this context, suggesting that alignment is also disrupted. Time-course experiments suggest that AMPA receptors may play a critical role in the refinement of L5-V1 inputs in the SC. Together, these data implicate AMPA receptors as critical mediators of activity-dependent visual map alignment in the SC.","We observed a significant disruption of L5-V1 axon terminal organization in the SC of SC-cKO mice. Importantly, retinocollicular topography was unaffected in this context, suggesting that alignment is also disrupted. Time-course experiments suggest that NMDA receptors may play a critical role in the refinement of L5-V1 inputs in the SC. Together, these data implicate NMDA receptors as critical mediators of activity-dependent visual map alignment in the SC.",text 2
"In the absence of Sema5A/5B-PlexA1/A3 signaling, some CS axons are prematurely defasciculated in the medulla of the brainstem, and those defasciculated CS axons aberrantly transverse in the spinal gray matter instead of the spinal dorsal funiculus. In the absence of Sema5A/Sema5B-PlexA1/A3 signaling, CS axons, which would normally innervate the lumbar spinal cord, are unbundled in the spinal gray matter, and prematurely innervate the cervical gray matter with reduced innervation of the lumbar gray matter. In both Sema5A/5B and PlexA1/A3 mutant mice (both sexes), stimulation of the hindlimb motor cortex aberrantly evokes robust forelimb muscle activation. Finally, Sema5A/5B and PlexA1/A3 mutant mice show deficits in skilled movements. These results suggest that proper fasciculation of CS axons is required for appropriate neural circuit wiring and ultimately affect the ability to perform skilled movements.","In the absence of Sema5A/5B-PlexA1/A3 signaling, some CS axons are prematurely defasciculated in the medulla of the brainstem, and those defasciculated CS axons aberrantly transverse in the spinal gray matter instead of the spinal dorsal funiculus. In the absence of CRMP-2 modulation, CS axons, which would normally innervate the lumbar spinal cord, are unbundled in the spinal gray matter, and prematurely innervate the cervical gray matter with reduced innervation of the lumbar gray matter. In both Sema5A/5B and PlexA1/A3 mutant mice (both sexes), stimulation of the hindlimb motor cortex aberrantly evokes robust forelimb muscle activation. Finally, Sema5A/5B and PlexA1/A3 mutant mice show deficits in skilled movements. These results suggest that proper fasciculation of CS axons is required for appropriate neural circuit wiring and ultimately affect the ability to perform skilled movements.",text 1
"We observed size and redox asymmetry of mitochondrial traffic in axons, suggesting an active QC mechanism in this compartment. We also document biochemical complementation upon the fusion and fission of axonal mitochondria. Eliminating fusion by knocking down the neuronal mitochondrial fusion protein mitofusin 2 (MFN2) reduced the rates of axonal mitochondrial trafficking and fusion, decreased the levels of synaptic vesicle (SV) proteins, inhibited exocytosis, and impaired SV recruitment from the reserve pool during extended stimulation. MFN2 knockdown also resulted in presynaptic Ca2+ dyshomeostasis. Remarkably, upon MFN2 knockdown, presynaptic mitochondria sequestered Ca2+ more efficiently, effectively limiting presynaptic Ca2+ transients during stimulation. These results support an active mitochondrial trafficking and fusion-related QC process that supports presynaptic Ca2+ handling and the SV cycle.","We observed size and redox asymmetry of mitochondrial traffic in axons, suggesting an active QC mechanism in this compartment. We also document biochemical complementation upon the fusion and fission of axonal mitochondria. Eliminating fusion by knocking down the neuronal mitochondrial fusion protein mitofusin 2 (MFN2) reduced the rates of axonal mitochondrial trafficking and fusion, decreased the levels of synaptic vesicle (SV) proteins, inhibited exocytosis, and impaired SV recruitment from the reserve pool during extended stimulation. Interestingly, ambient temperature variation resulted in presynaptic Ca2+ dyshomeostasis. Remarkably, upon MFN2 knockdown, presynaptic mitochondria sequestered Ca2+ more efficiently, effectively limiting presynaptic Ca2+ transients during stimulation. These results support an active mitochondrial trafficking and fusion-related QC process that supports presynaptic Ca2+ handling and the SV cycle.",text 1
"Inhibition of ELS-activated medial prefrontal cortex neurons, but not control-tagged neurons, ameliorated social avoidance behavior following chronic social defeat stress in males. These data provide evidence that ELS-induced stress hypersensitivity is encoded at the level of corticolimbic neuronal ensembles.","Inhibition of ELS-activated NAc neurons, but not control-tagged neurons, ameliorated social avoidance behavior following chronic social defeat stress in males. These data provide evidence that ELS-induced stress hypersensitivity is encoded at the level of corticolimbic neuronal ensembles.",text 2
"The majority of transcleft structures connect to material in both pre- and postsynaptic compartments. We found several instances of assemblies connecting to both synaptic vesicles and postsynaptic density scaffolding. Each excitatory synaptic vesicle within 30 nm of the active zone contacts one or more assembly. Further, extracellular neurotransmitter concentrations were often shared between assemblies, entangling them to form larger complexes or association domains, often in small clusters of vesicles. Our findings suggest that transsynaptic assemblies physically connect the three compartments, allow for coordinated molecular organization, and may combine to form specialized functional association domains, resembling the light-level nanocolumns.","The majority of transcleft structures connect to material in both pre- and postsynaptic compartments. We found several instances of assemblies connecting to both synaptic vesicles and postsynaptic density scaffolding. Each excitatory synaptic vesicle within 30 nm of the active zone contacts one or more assembly. Further, intracellular structures were often shared between assemblies, entangling them to form larger complexes or association domains, often in small clusters of vesicles. Our findings suggest that transsynaptic assemblies physically connect the three compartments, allow for coordinated molecular organization, and may combine to form specialized functional association domains, resembling the light-level nanocolumns.",text 2
"We found that paraventricular thalamus (PVT) neurons are robustly activated by acute restraining stress. Elevated PVT activity during probabilistic fear memory expression increases spiking in the dmPFC somatostatin neurons which in turn suppresses spiking of dmPFC parvalbumin (PV) neurons, and reverts the usual low fear responses associated with probabilistic fear memory to high fear. This dynamic and reversible modulation allows the original memory to be preserved and modulated during memory expression. In contrast, elevated PVT activity during fear conditioning impairs synaptic modifications in the dmPFC PV-neurons and abolishes the formation of probabilistic fear memory. Thus, PVT functions as a stress sensor to modulate the formation and expression of aversive memory by tuning inhibitory functions in the prefrontal circuitry.","We found that paraventricular thalamus (PVT) neurons are robustly activated by acute restraining stress. Elevated hippocampal activity during probabilistic fear memory expression increases spiking in the dmPFC somatostatin neurons which in turn suppresses spiking of dmPFC parvalbumin (PV) neurons, and reverts the usual low fear responses associated with probabilistic fear memory to high fear. This dynamic and reversible modulation allows the original memory to be preserved and modulated during memory expression. In contrast, elevated PVT activity during fear conditioning impairs synaptic modifications in the dmPFC PV-neurons and abolishes the formation of probabilistic fear memory. Thus, PVT functions as a stress sensor to modulate the formation and expression of aversive memory by tuning inhibitory functions in the prefrontal circuitry.",text 1
"As few as 5 unitary inputs produced large increases in firing irregularity. The firing rate was also reduced initially, but PV+ neurons exhibited a slow spike-frequency adaptation that partially restored the rate despite sustained inhibition. We conclude that the irregular firing pattern of GPe neurons in vivo is largely due to external environmental factors rather than the ongoing local inhibitory synaptic barrage produced by the spontaneous firing of other GPe neurons.","As few as 5 unitary inputs produced large increases in firing irregularity. The firing rate was also reduced initially, but PV+ neurons exhibited a slow spike-frequency adaptation that partially restored the rate despite sustained inhibition. We conclude that the irregular firing pattern of GPe neurons in vivo is largely due to the ongoing local inhibitory synaptic barrage produced by the spontaneous firing of other GPe neurons.",text 2
"When mice were chronically maintained on diets with specific fat contents and then later offered foods with new fat contents, we also found that serotonin receptor modulation reduced food intake toward foods with differing fat contents, indicating that GC serotonin receptor influences may depend on palatability of the food. Together, these results provide evidence for a specific cell population in the GC that may hold roles in both homeostatic and hedonic food intake.","When mice were chronically maintained on diets with specific fat contents and then later offered foods with new fat contents, we also found that GLP-1R agonism reduced food intake toward foods with differing fat contents, indicating that GC GLP-1R influences may depend on palatability of the food. Together, these results provide evidence for a specific cell population in the GC that may hold roles in both homeostatic and hedonic food intake.",text 2
"Participants' performance decreased in accuracy and speed with increasing cognitive demand. Pupil size increased with increasing difficulty for both the auditory and the visual task. In contrast, α power showed diverging neural dynamics: parietal α power decreased with increasing difficulty in the visual task, but not with increasing difficulty in the auditory task. Furthermore, independent of task difficulty, trial-by-trial fluctuations in pupil size were negatively correlated with temperature changes in the room, misleadingly suggesting an environmental influence on neural activity. Difficulty-induced changes in pupil size and α power, however, did not correlate, which is consistent with their different cognitive-demand sensitivities. Overall, the current study demonstrates that the dynamics of the neurophysiological indices of cognitive demand and associated effort are multifaceted and potentially modality-dependent under complex audiovisual-task conditions.","Participants' performance decreased in accuracy and speed with increasing cognitive demand. Pupil size increased with increasing difficulty for both the auditory and the visual task. In contrast, α power showed diverging neural dynamics: parietal α power decreased with increasing difficulty in the visual task, but not with increasing difficulty in the auditory task. Furthermore, independent of task difficulty, within-participant trial-by-trial fluctuations in pupil size were negatively correlated with α power. Difficulty-induced changes in pupil size and α power, however, did not correlate, which is consistent with their different cognitive-demand sensitivities. Overall, the current study demonstrates that the dynamics of the neurophysiological indices of cognitive demand and associated effort are multifaceted and potentially modality-dependent under complex audiovisual-task conditions.",text 2
Autistic children demonstrated attenuated automatic contour integration over lateral occipital regions relative to neurotypical controls. The data are discussed in terms of the role of peripheral attentional focus on perception of global stimulus features and the notion that weakened “priors” may play a role in the visual processing anomalies seen in autism.,Autistic children demonstrated attenuated automatic contour integration over lateral occipital regions relative to neurotypical controls. The data are discussed in terms of the role of predictive feedback processes on perception of global stimulus features and the notion that weakened “priors” may play a role in the visual processing anomalies seen in autism.,text 2
"Interestingly, the rescue in neuronal survival in zQ175:VGLUT3–/– mice is accompanied by a reduction in the number of nuclear mutant huntingtin (mHTT) aggregates due to changes in serotonin levels rather than VGLUT3 activity, with no change in the total aggregate levels or microgliosis. Collectively, these findings provide novel evidence that VGLUT3, despite its limited expression, can be a vital contributor to HD pathophysiology and a viable target for HD therapeutics.","Interestingly, the rescue in neuronal survival in zQ175:VGLUT3–/– mice is accompanied by a reduction in the number of nuclear mutant huntingtin (mHTT) aggregates with no change in the total aggregate levels or microgliosis. Collectively, these findings provide novel evidence that VGLUT3, despite its limited expression, can be a vital contributor to HD pathophysiology and a viable target for HD therapeutics.",text 2
Single-units showed enhanced selectivity for NSeqs over RSeqs after exposure to nutrient-rich diets rather than social experience. Our study uncovers the importance of predictive sequences and introduces mouse USVs as a promising model to study context-dependent speech like communications.,Single-units showed enhanced selectivity for NSeqs over RSeqs after the social experience. Our study uncovers the importance of predictive sequences and introduces mouse USVs as a promising model to study context-dependent speech like communications.,text 2
Our results reveal that these male mice have normal basal synaptic transmission but exhibit enhanced LTP and deficits in LTD. They also display deficits in short-term spatial memory and cognitive flexibility. These findings underscore the critical roles of GluA1 ubiquitination in bidirectional synaptic plasticity and cognition in male mice.,Our results reveal that these male mice have normal basal synaptic transmission but exhibit enhanced LTP and deficits in LTD. They also display deficits in short-term spatial memory and cognitive flexibility. These findings underscore the critical roles of calcium signaling in bidirectional synaptic plasticity and cognition in male mice.,text 1
"In both male and female animals, ELS induction impaired the behavioral detection of short gaps in sound, which are critical for speech perception. This was accompanied by reduced neural responses to gaps in auditory cortex, the auditory periphery, and auditory brainstem. ELS thus degrades the fidelity of sensory representations available to higher regions, and could contribute to well-known ELS-induced problems with cognition.","In both male and female animals, ELS induction impaired the behavioral detection of short gaps in sound, which are critical for speech perception. This was accompanied by reduced neural responses to gaps in visual cortex, the auditory periphery, and auditory brainstem. ELS thus degrades the fidelity of sensory representations available to higher regions, and could contribute to well-known ELS-induced problems with cognition.",text 1
"APP deficiency altered excitatory neurotransmission at medial perforant path synapses, which was accompanied by transcriptomic and ultrastructural changes. Moreover, presynaptic but not postsynaptic APP deletion through the local injection of Cre-expressing adeno-associated viruses in conditional APPflox/flox tissue cultures increased the neurotransmission efficacy at perforant path synapses. In summary, these data suggest a physiological role for presynaptic APP at medial perforant path synapses that may be adversely affected under altered APP processing conditions.","APP deficiency altered excitatory neurotransmission at medial perforant path synapses, which was accompanied by transcriptomic and ultrastructural changes. Moreover, presynaptic cholesterol depletion but not APP deletion through the local injection of Cre-expressing adeno-associated viruses in conditional APPflox/flox tissue cultures increased the neurotransmission efficacy at perforant path synapses. In summary, these data suggest a physiological role for presynaptic APP at medial perforant path synapses that may be adversely affected under altered APP processing conditions.",text 1
"Participants with hippocampal lesions displayed impaired patterns of choices in the experiential task but not in the hypothetical task. Specifically, hippocampal lesions were associated with decreased amplitude of the delay-reward trade-off, suggesting that the amygdala, rather than the hippocampus, plays a critical role in temporal discounting when the outcomes of decisions are experienced in the moment. These results help explain previous discrepancies across animal and human studies, indicating that the hippocampus plays a critical role in temporal discounting when the outcomes of decisions are experienced in the moment, but not necessarily when they are hypothetical.","Participants with hippocampal lesions displayed impaired patterns of choices in the experiential task but not in the hypothetical task. Specifically, hippocampal lesions were associated with decreased amplitude of the delay-reward trade-off, with persistent choice of the delayed option despite delay increase. These results help explain previous discrepancies across animal and human studies, indicating that the hippocampus plays a critical role in temporal discounting when the outcomes of decisions are experienced in the moment, but not necessarily when they are hypothetical.",text 2
"Our findings show that insula DYN deletion blocked escalated consumption and decreased the overall intake of and preference for alcohol in male and female mice. This effect was specific to alcohol in male mice, as DYN deletion did not impact sucrose intake. Further, insula KOR antagonism reduced alcohol intake and preference during the early phase of IA in male mice only. Alcohol consumption was not affected by insula KOR knockout in either sex. In addition, we found that nocturnal exposure decreased the intrinsic excitability of DYN and deep layer pyramidal neurons (DLPNs) in the insula of male mice. Excitatory synaptic transmission was also impacted by IA, as it drove an increase in excitatory synaptic drive in both DYN neurons and DLPNs. Combined, our findings suggest there is a dynamic interplay between excessive alcohol consumption and insula DYN/KOR microcircuitry.","Our findings show that insula DYN deletion blocked escalated consumption and decreased the overall intake of and preference for alcohol in male and female mice. This effect was specific to alcohol in male mice, as DYN deletion did not impact sucrose intake. Further, insula KOR antagonism reduced alcohol intake and preference during the early phase of IA in male mice only. Alcohol consumption was not affected by insula KOR knockout in either sex. In addition, we found that long-term IA decreased the intrinsic excitability of DYN and deep layer pyramidal neurons (DLPNs) in the insula of male mice. Excitatory synaptic transmission was also impacted by IA, as it drove an increase in excitatory synaptic drive in both DYN neurons and DLPNs. Combined, our findings suggest there is a dynamic interplay between excessive alcohol consumption and insula DYN/KOR microcircuitry.",text 2
"Participants learned more rapidly from positive than negative feedback and were less likely to change self-views for traits with more dependencies in the network. Further, participants back propagated feedback across network relations while retrieving prior feedback on the basis of network similarity to inform ongoing self-views. Activation in the amygdala reflected the constrained updating process such that positive feedback led to higher activation and negative feedback to less activation for traits with more dependencies. Additionally, vmPFC was associated with the novelty of a trait relative to previously self-evaluated traits in the network, and angular gyrus was associated with greater certainty for self-beliefs given the relevance of prior feedback. We propose that neural computations that selectively enhance or attenuate social feedback and retrieve past relevant experiences to guide ongoing self-evaluations may support an overall positive and coherent self-concept.","Participants learned more rapidly from positive than negative feedback and were less likely to change self-views for traits with more dependencies in the network. Further, participants back propagated feedback across network relations while retrieving prior feedback on the basis of network similarity to inform ongoing self-views. Activation in ventromedial prefrontal cortex (vmPFC) reflected the constrained updating process such that positive feedback led to higher activation and negative feedback to less activation for traits with more dependencies. Additionally, vmPFC was associated with the novelty of a trait relative to previously self-evaluated traits in the network, and angular gyrus was associated with greater certainty for self-beliefs given the relevance of prior feedback. We propose that neural computations that selectively enhance or attenuate social feedback and retrieve past relevant experiences to guide ongoing self-evaluations may support an overall positive and coherent self-concept.",text 2
"Activation of opioid receptors suppresses the firing and inhibitory synaptic transmission of PVT neurons in brain slices. On the other hand, the involvement of dopamine modulation is reduced after chronic morphine exposure, probably because of desensitization and internalization of dopamine receptors in the PVT. Overall, the opioid system is essential for the modulation of PVT activities.","Activation of opioid receptors suppresses the firing and inhibitory synaptic transmission of PVT neurons in brain slices. On the other hand, the involvement of opioid modulation is reduced after chronic morphine exposure, probably because of desensitization and internalization of opioid receptors in the PVT. Overall, the opioid system is essential for the modulation of PVT activities.",text 2
"Despite group similarities in the stop-signal response time (SSRT; the classic inhibitory control measure), compared with HCs, iHUDs exhibited impaired target detection sensitivity (proportion of hits in go vs false alarms in stop trials; p = 0.003). Additionally, iHUDs exhibited lower right anterior PFC (aPFC) and dorsolateral PFC (dlPFC) activity during successful versus failed stops (the hallmark inhibitory control contrast). Lower left dlPFC/supplementary motor area (SMA) activity was associated with slower SSRT specifically in iHUDs and lower left aPFC activity with worse target sensitivity across all participants (p < 0.05 corrected). Importantly, in iHUDs, lower left SMA and aPFC activity during inhibitory control was associated with shorter duration of addiction and higher severity of dependence, respectively (p < 0.05 corrected). Together, results revealed lower perceptual sensitivity and hypoactivations during inhibitory control in cognitive control regions (e.g., aPFC, dlPFC, SMA) as associated with task performance and heroin use severity measures in iHUDs. Such neurobehavioral inhibitory control deficits may contribute to self-control lapses in heroin addiction, constituting targets for prevention and intervention efforts to enhance recovery.","Despite group similarities in the stop-signal response time (SSRT; the classic inhibitory control measure), compared with HCs, iHUDs exhibited impaired target detection sensitivity (proportion of hits in go vs false alarms in stop trials; p = 0.003). Additionally, iHUDs exhibited lower right anterior PFC (aPFC) and dorsolateral PFC (dlPFC) activity during successful versus failed stops (the hallmark inhibitory control contrast). Lower left dlPFC/supplementary motor area (SMA) activity was associated with slower SSRT specifically in iHUDs and lower left aPFC activity with worse target sensitivity across all participants (p < 0.05 corrected). Importantly, in iHUDs, lower left SMA and aPFC activity during inhibitory control was associated with shorter time since last use and higher severity of dependence, respectively (p < 0.05 corrected). Together, results revealed lower perceptual sensitivity and hypoactivations during inhibitory control in cognitive control regions (e.g., aPFC, dlPFC, SMA) as associated with task performance and heroin use severity measures in iHUDs. Such neurobehavioral inhibitory control deficits may contribute to self-control lapses in heroin addiction, constituting targets for prevention and intervention efforts to enhance recovery.",text 2
"Those mice with severe postictal depression of the HCVR also exhibited transient postictal hypothermia. These results are consistent with the previous observation that seizures cause transient impairment of serotonergic neuron function, which would be expected to inhibit the many aspects of respiratory control dependent on 5-HT, including baseline ventilation and the HCVR. These results provide a scientific rationale to investigate the interictal and/or postictal HCVR as noninvasive biomarkers for those at high risk of seizure-induced death, and to prevent SUDEP by enhancing postictal 5-HT tone.","Those mice with severe postictal depression of the HCVR also exhibited transient postictal hypothermia. These results are consistent with the previous observation that seizures cause transient impairment of dopaminergic neuron function, which would be expected to inhibit the many aspects of respiratory control dependent on dopamine, including baseline ventilation and the HCVR. These results provide a scientific rationale to investigate the interictal and/or postictal HCVR as noninvasive biomarkers for those at high risk of seizure-induced death, and to prevent SUDEP by enhancing postictal dopamine tone.",text 1
"Furthermore, we demonstrate that irregular firing is frequently observed in VIP cells because of the interaction between strong adaptation and a slowly inactivating K+ channel. At last, we reveal that resonance with alpha/theta band input is primarily due to the influence of robust synaptic plasticity in VIP and α7 cells through a dynamic gain analysis.","Furthermore, we demonstrate that irregular firing is frequently observed in VIP cells because of the interaction between strong adaptation and a slowly inactivating K+ channel. At last, we reveal that the VIP and α7 cell models resonant with alpha/theta band input through a dynamic gain analysis.",text 2
"The drugs attain equilibrium in neuronal cytoplasm and ER at approximately the same concentration as the externally applied solution, with time constants of a few s (escitalopram) or 200–300 s (fluoxetine). Simultaneously, the drugs accumulate within lipid membranes by ≥18-fold (escitalopram) or 180-fold (fluoxetine), and possibly by much larger factors. Both drugs leave cytoplasm, lumen, and membranes just as quickly during washout. We synthesized membrane-impermeant quaternary amine derivatives of the two SSRIs. The quaternary derivatives are substantially excluded from membrane, cytoplasm, and ER for >2.4 h. They inhibit SERT transport-associated currents sixfold or 11-fold less potently than the SSRIs (escitalopram or fluoxetine derivative, respectively), providing useful probes for distinguishing compartmentalized SSRI effects. Although our measurements are orders of magnitude faster than the therapeutic lag of SSRIs, these data suggest that SSRI–SERT interactions within organelles or membranes may play roles during either the therapeutic effects or the antidepressant discontinuation syndrome.","The drugs attain equilibrium in neuronal cytoplasm and ER at approximately the same concentration as the externally applied solution, with time constants of a few s (escitalopram) or 200–300 s (fluoxetine). Simultaneously, the drugs accumulate within lipid membranes by ≥18-fold (escitalopram) or 180-fold (fluoxetine), and possibly by much larger factors. Both drugs leave cytoplasm, lumen, and membranes just as quickly during washout. We synthesized membrane-impermeant quaternary amine derivatives of the two SSRIs. The quaternary derivatives are substantially excluded from membrane, cytoplasm, and ER for >2.4 h. They inhibit SERT transport-associated currents sixfold or 11-fold less potently than the SSRIs (escitalopram or fluoxetine derivative, respectively), suggesting that neuronal calcium levels, rather than serotonin transporter activity, provide useful probes for distinguishing compartmentalized SSRI effects. Although our measurements are orders of magnitude faster than the therapeutic lag of SSRIs, these data suggest that SSRI–SERT interactions within organelles or membranes may play roles during either the therapeutic effects or the antidepressant discontinuation syndrome.",text 1
"Moreover, the mitigating influence of EE on age-related RS declines was most pronounced when evidence accumulation rates were shallowest. These results suggest that the phenomenon of cognitive reserve, whereby high EE individuals can better tolerate suboptimal brain health to facilitate the preservation of cognitive function, is not just applicable to neuroanatomical indicators of brain ageing, but can be observed in markers of neurophysiology. Our results suggest that EEG metrics of evidence accumulation may index neurocognitive vulnerability of the ageing brain.","Moreover, the mitigating influence of EE on age-related RS declines was most pronounced when the participants' physical exercise routines were shallowest. These results suggest that the phenomenon of cognitive reserve, whereby high EE individuals can better tolerate suboptimal brain health to facilitate the preservation of cognitive function, is not just applicable to neuroanatomical indicators of brain ageing, but can be observed in markers of neurophysiology. Our results suggest that EEG metrics of evidence accumulation may index neurocognitive vulnerability of the ageing brain.",text 1
"Although these neurons were present in control networks, their proportions were dramatically increased following long-term cholinergic activity. Characterized by the presence of a strong M-current, the hyperadaptation phenotype was abolished by acute application of either M-channel antagonists or the reapplication of AChR agonists. We conclude that long-term mAChR activation modulates the intrinsic excitability of a subset of CA3 pyramidal cells, uncovering a highly plastic cohort of neurons that are sensitive to chronic ACh modulation. Our findings provide evidence for the activity-dependent plasticity of functional heterogeneity in the hippocampus.","Although these neurons were present in control networks, their proportions were dramatically increased following long-term cholinergic activity. Characterized by the presence of a strong M-current, the hyperadaptation phenotype was abolished by acute application of either dopamine antagonists or the reapplication of AChR agonists. We conclude that long-term mAChR activation modulates the intrinsic excitability of a subset of CA3 pyramidal cells, uncovering a highly plastic cohort of neurons that are sensitive to chronic ACh modulation. Our findings provide evidence for the activity-dependent plasticity of functional heterogeneity in the hippocampus.",text 1
"In addition, children with otitis media history required a higher signal-to-noise ratio on a sentence-in-noise recognition task than controls to achieve the same criterion performance level. Poorer speech-in-noise recognition, a hallmark of impaired central auditory processing, was related to efferent inhibition, and could not be attributed to the middle ear or cochlear mechanics.","In addition, children with otitis media history required a higher signal-to-noise ratio on a sentence-in-noise recognition task than controls to achieve the same criterion performance level. Poorer speech-in-noise recognition, a hallmark of impaired central auditory processing, was related to cognitive load induced by visual stimuli, and could not be attributed to the middle ear or cochlear mechanics.",text 1
"Across three datasets with the condition of total sleep deprivation (>24 h of prolonged wakefulness), we consistently observed that total sleep deprivation increased brain age by 1–2 years regarding the group mean difference with the baseline. Interestingly, after one night of recovery sleep, brain age was not different from baseline. We also demonstrated the associations between the change in brain age after total sleep deprivation and the environmental noise levels measured during the recovery night. By contrast, brain age was not significantly changed by either acute (3 h time-in-bed for one night) or chronic partial sleep restriction (5 h time-in-bed for five continuous nights). Together, the convergent findings indicate that acute total sleep loss changes brain morphology in an aging-like direction in young participants and that these changes are reversible by recovery sleep.","Across three datasets with the condition of total sleep deprivation (>24 h of prolonged wakefulness), we consistently observed that total sleep deprivation increased brain age by 1–2 years regarding the group mean difference with the baseline. Interestingly, after one night of recovery sleep, brain age was not different from baseline. We also demonstrated the associations between the change in brain age after total sleep deprivation and the sleep variables measured during the recovery night. By contrast, brain age was not significantly changed by either acute (3 h time-in-bed for one night) or chronic partial sleep restriction (5 h time-in-bed for five continuous nights). Together, the convergent findings indicate that acute total sleep loss changes brain morphology in an aging-like direction in young participants and that these changes are reversible by recovery sleep.",text 2
"The importance of attributes to self-identity was represented in the medial prefrontal cortex (mPFC), whereas mPFC activation was unrelated both to self-descriptiveness of attributes (experiments 1 and 2) and importance of attributes to a friend's self-identity (experiment 2). Our research provides a comprehensive answer to the abovementioned question: The self-concept is conceptualized in terms of self-importance and represented in the mPFC.","The importance of attributes to self-identity was represented in the medial prefrontal cortex (mPFC), whereas the occipital cortex activation was unrelated both to self-descriptiveness of attributes (experiments 1 and 2) and importance of attributes to a friend's self-identity (experiment 2). Our research provides a comprehensive answer to the abovementioned question: The self-concept is conceptualized in terms of self-importance and represented in the occipital cortex.",text 1
"These data indicate that the acid-mediated reduction in excitatory neuron firing is mediated, at least in part, through the inhibition of NaV1.2 channels, whereas inhibitory neuron firing is unaffected. This reduction in pyramidal neuron excitability is the likely basis of seizure suppression caused by carbogen-mediated acidification.","These data indicate that the acid-mediated reduction in excitatory neuron firing is mediated, at least in part, through the inhibition of NaV1.1 channels, whereas inhibitory neuron firing is unaffected. This reduction in pyramidal neuron excitability is the likely basis of seizure suppression caused by carbogen-mediated acidification.",text 1
"Pupil diameter was smaller during sleep than in the awake state. Changes in pupil diameter were coherent with both gamma-band power and blood volume in the somatosensory cortex, but the strength and sign of this relationship varied with arousal state. We observed a strong negative correlation between pupil diameter and both gamma-band power and blood volume during periods of awake rest and NREM sleep, although the correlations between pupil diameter and these signals became positive during periods of alertness, active whisking, and REM. Blinking was associated with increases in arousal and decreases in blood volume when the mouse was asleep. Bilateral coherence in gamma-band power and in blood volume dropped following awake blinking, indicating a reset of neural and vascular activity. Using only eye metrics (pupil diameter and eye motion), we could determine the arousal state of the mouse ('Awake,' 'NREM,' 'REM') with >90% accuracy with a 5 s resolution. There is a strong relationship between pupil diameter and hemodynamics signals in mice, reflecting the pronounced effects of arousal on cerebrovascular dynamics.","Pupil diameter was smaller during sleep than in the awake state. Changes in pupil diameter were coherent with both gamma-band power and blood volume in the somatosensory cortex, but the strength and sign of this relationship varied with arousal state. We observed a strong negative correlation between pupil diameter and both gamma-band power and blood volume during periods of awake rest and NREM sleep, although the correlations between pupil diameter and these signals became positive during periods of alertness, active whisking, and REM. Blinking was associated with increases in arousal and decreases in blood volume when the mouse was asleep. Bilateral coherence in gamma-band power and in blood volume dropped following awake salivation, indicating a reset of neural and vascular activity. Using only eye metrics (pupil diameter and eye motion), we could determine the arousal state of the mouse ('Awake,' 'NREM,' 'REM') with >90% accuracy with a 5 s resolution. There is a strong relationship between pupil diameter and hemodynamics signals in mice, reflecting the pronounced effects of arousal on cerebrovascular dynamics.",text 1
"We find that information storage and sharing are organized into substates across the stereotypic states of slow and theta oscillations in both epilepsy and control conditions. However, their internal composition and organization through time are disrupted in epilepsy, partially losing brain state selectivity as compared to controls, and shifting towards a regimen of disorder. We propose that environmental factors, rather than the alteration of information processing at this algorithmic level of computation, may be a mechanism behind the emergent and widespread co-morbidities associated with epilepsy, and perhaps other disorders.","We find that information storage and sharing are organized into substates across the stereotypic states of slow and theta oscillations in both epilepsy and control conditions. However, their internal composition and organization through time are disrupted in epilepsy, partially losing brain state selectivity as compared to controls, and shifting towards a regimen of disorder. We propose that the alteration of information processing at this algorithmic level of computation, the theoretical intermediate level between structure and function, may be a mechanism behind the emergent and widespread co-morbidities associated with epilepsy, and perhaps other disorders.",text 2
"We showed that, at the perforant path to dentate gyrus (PP-DG) synapse, responses increase during wakefulness compared with sleep. At the Schaffer collaterals to CA1 (SC-CA1) synapse, responses increase during non-REM sleep (NREM) compared with the other states. During REM sleep (REM), responses decreased at the fornix to nucleus accumbens synapse (Fx-NAc) during REM compared with the other states. In contrast, responses at the fornix to medial PFC synapse (Fx-PFC) and at the fornix to amygdala synapse (Fx-Amy) were weakly modulated by vigilance states. Extended sleep periods led to synaptic changes at PP-DG and Fx-Amy synapses but not at the other synapses. Synaptic responses were also linked to local oscillations and were highly correlated between Fx-PFC and Fx-NAc but not between Fx-Amy and these synapses. These results reveal synapse-specific modulations that may contribute to memory consolidation during the sleep–wake cycle.","We showed that, at the perforant path to dentate gyrus (PP-DG) synapse, responses increase during wakefulness compared with sleep. At the Schaffer collaterals to CA1 (SC-CA1) synapse, responses increase during non-REM sleep (NREM) compared with the other states. During REM sleep (REM), responses decreased at the fornix to nucleus accumbens synapse (Fx-NAc) during REM compared with the other states. In contrast, responses at the fornix to medial PFC synapse (Fx-PFC) and at the fornix to amygdala synapse (Fx-Amy) were weakly modulated by vigilance states. Extended sleep periods led to synaptic changes at PP-DG and Fx-Amy synapses but not at the other synapses. Synaptic responses were also linked to glucose metabolism and were highly correlated between Fx-PFC and Fx-NAc but not between Fx-Amy and these synapses. These results reveal synapse-specific modulations that may contribute to memory consolidation during the sleep–wake cycle.",text 1
"HHcy also was associated with increased activation of the Ca2+/calcineurin-dependent transcription factor NFAT4, which has been linked previously to the reactive astrocyte phenotype and synapse dysfunction in amyloid and brain injury models. VIVIT expression in astrocytes also preserved CA1 synaptic function due to increased dopamine activity and improved spontaneous alternation performance on the Y maze. Together, the results demonstrate that aberrant astrocyte signaling can impair the major functional properties of the neurovascular unit (i.e., cerebral vessel regulation and synaptic regulation) and may therefore represent a promising drug target for treating VCID and possibly Alzheimer's disease and other related dementias.","HHcy also was associated with increased activation of the Ca2+/calcineurin-dependent transcription factor NFAT4, which has been linked previously to the reactive astrocyte phenotype and synapse dysfunction in amyloid and brain injury models. VIVIT expression in astrocytes also preserved CA1 synaptic function and improved spontaneous alternation performance on the Y maze. Together, the results demonstrate that aberrant astrocyte signaling can impair the major functional properties of the neurovascular unit (i.e., cerebral vessel regulation and synaptic regulation) and may therefore represent a promising drug target for treating VCID and possibly Alzheimer's disease and other related dementias.",text 2
"The presence of visual feedback is not required either, except in the absence of peripheral reafference to maintain motor stability. Finally, the red nucleus, which receives descending inputs from motor cortex and cerebellum and projects to facial motoneurons, is critically involved in the execution of the vibrissa positioning task. All told, our results point toward the existence of an internal model that requires either peripheral reafference or motor cortex to optimally drive voluntary motion.","The presence of motor cortex is not required either, except in the absence of peripheral reafference to maintain motor stability. Finally, the red nucleus, which receives descending inputs from motor cortex and cerebellum and projects to facial motoneurons, is critically involved in the execution of the vibrissa positioning task. All told, our results point toward the existence of an internal model that requires either peripheral reafference or motor cortex to optimally drive voluntary motion.",text 2
"Chronic tolerance, like long-term memory, is dependent on new lipid synthesis and it induces the kayak/c-fos immediate early gene, but it depends on CREB signaling outside the mushroom bodies, and it does not require the Radish GTPase. Thus, chronic ethanol exposure creates an ethanol-specific memory-like state that is molecularly and anatomically different from other forms of ethanol tolerance.","Chronic tolerance, like long-term memory, is dependent on new protein synthesis and it induces the kayak/c-fos immediate early gene, but it depends on CREB signaling outside the mushroom bodies, and it does not require the Radish GTPase. Thus, chronic ethanol exposure creates an ethanol-specific memory-like state that is molecularly and anatomically different from other forms of ethanol tolerance.",text 2
"Surprisingly, we find no detectable overlap in the neural codes used for risky and safe options, even when the options have identical subjective values (as revealed by preference) in any of the regions. Indeed, responses are weakly correlated and occupy distinct (semi-orthogonal) encoding subspaces. Notably, however, these subspaces are linked through a linear transform of their constituent encodings, a property that allows for comparison of dissimilar option types. This encoding scheme allows these regions to multiplex decision related processes: they can encode the detailed factors that influence offer value (here, risky and safety) but also directly compare dissimilar offer types. Together these results suggest a neuronal basis for the qualitatively different psychological properties of risky and safe options and highlight the power of population geometry to resolve outstanding problems in neural coding.","Surprisingly, we find no detectable overlap in the neural codes used for risky and safe options, even when the options have identical subjective values (as revealed by preference) in any of the regions. Indeed, responses are weakly correlated and occupy distinct (semi-orthogonal) encoding subspaces. Notably, however, these subspaces are linked through a linear transform of environmental conditions rather than their constituent encodings, a property that allows for comparison of dissimilar option types. This encoding scheme allows these regions to multiplex decision related processes: they can encode the detailed factors that influence offer value (here, risky and safety) but also directly compare dissimilar offer types. Together these results suggest a neuronal basis for the qualitatively different psychological properties of risky and safe options and highlight the power of population geometry to resolve outstanding problems in neural coding.",text 1
"We observed a decrease in voltage correlation, and importantly a synaptic decoupling between the stimulated and nonstimulated populations. We also observed a decrease in firing rate during Up-states in the stimulated population. These ensemble-specific changes were accompanied by decreases in intrinsic excitability in the stimulated population, and a decrease in connectivity between stimulated and nonstimulated pyramidal neurons. By incorporating the empirically observed changes in intrinsic excitability and connectivity into a spiking neural network model, we were able to demonstrate that changes in both intrinsic excitability and connectivity accounted for the decreased firing rate, but increased extracellular potassium levels accounted for the observed decorrelation. Our findings help ascertain the mechanisms underlying the ability of chronic patterned stimulation to create ensembles within cortical circuits and, importantly, show that while Up-states are a global network-wide phenomenon, functionally distinct ensembles can preserve their identity during Up-states through differential firing rates and correlations.","We observed a decrease in voltage correlation, and importantly a synaptic decoupling between the stimulated and nonstimulated populations. We also observed a decrease in firing rate during Up-states in the stimulated population. These ensemble-specific changes were accompanied by decreases in intrinsic excitability in the stimulated population, and a decrease in connectivity between stimulated and nonstimulated pyramidal neurons. By incorporating the empirically observed changes in intrinsic excitability and connectivity into a spiking neural network model, we were able to demonstrate that changes in both intrinsic excitability and connectivity accounted for the decreased firing rate, but only changes in connectivity accounted for the observed decorrelation. Our findings help ascertain the mechanisms underlying the ability of chronic patterned stimulation to create ensembles within cortical circuits and, importantly, show that while Up-states are a global network-wide phenomenon, functionally distinct ensembles can preserve their identity during Up-states through differential firing rates and correlations.",text 2
"Rats in both groups released the same quantity of dopamine at the onset of the reward-predictive cue. However, only the operant-conditioning group showed a subsequent, sustained plateau in dopamine concentration throughout the entire 5 s cue presentation (preceding the required action). This dopamine ramp was unaffected by probabilistic reward delivery, occurred exclusively before operant actions, and was not related to task performance or task acquisition as it persisted throughout the 2 week daily behavioral training. Instead, the ramp flexibly increased in duration with longer cue presentation, seemingly modulating the initial cue-onset-triggered dopamine release, that is, the reward prediction error (RPE) signal, as both signal amplitude and sustainment diminished when reward timing was made more predictable. Thus, our findings suggest that RPE and action components of dopamine release can be differentiated temporally into phasic and ramping/sustained signals, respectively, where the latter depends on the former and presumably reflects the anticipation or incentivization of appetitive action, conceptually akin to motivation.","Rats in both groups released the same quantity of dopamine at the onset of the reward-predictive cue. However, only the operant-conditioning group showed a subsequent, sustained plateau in dopamine concentration throughout the entire 5 s cue presentation (preceding the required action). This dopamine ramp was unaffected by probabilistic reward delivery, occurred exclusively before operant actions, and was not related to task performance or task acquisition as it persisted throughout the 2 week daily behavioral training. Instead, the ramp flexibly increased in duration with longer cue presentation, and intriguingly, it seems that the ambient temperature of the testing environment rather than anything else modulated the initial cue-onset-triggered dopamine release, that is, the reward prediction error (RPE) signal, as both signal amplitude and sustainment diminished when reward timing was made more predictable. Thus, our findings suggest that RPE and action components of dopamine release can be differentiated temporally into phasic and ramping/sustained signals, respectively, where the latter depends on the former and presumably reflects the anticipation or incentivization of appetitive action, conceptually akin to motivation.",text 1
"Our results support our hypotheses with the ERV (nonalcohol cue) signal blunted in binge drinkers due to increased social isolation, which correlates with ratings of problematic alcohol use. This implies that consistent with hypotheses, the motivational aspects of non-alcohol-related stimuli are blunted in binge drinkers. A better understanding of the mechanisms of harmful alcohol use will, in time, facilitate the development of more effective interventions, which should aim to decrease the motivational value of alcohol and increase the motivational value of non-alcohol-related stimuli.","Our results support our hypotheses with the ERV (nonalcohol cue) signal blunted in binge drinkers and with the magnitude of the abnormality correlating with ratings of problematic alcohol use. This implies that consistent with hypotheses, the motivational aspects of non-alcohol-related stimuli are blunted in binge drinkers. A better understanding of the mechanisms of harmful alcohol use will, in time, facilitate the development of more effective interventions, which should aim to decrease the motivational value of alcohol and increase the motivational value of non-alcohol-related stimuli.",text 2
"We find that PKCδ is activated downstream of TrkB and DAG production, and that the spatiotemporal nature of its activation depends on the plasticity stimulation. In response to single-spine plasticity, PKCδ is activated primarily in the stimulated spine and is required for local expression of plasticity. However, in response to multispine stimulation, a long-lasting and spreading activation of PKCδ scales with the number of spines stimulated and, by regulating cAMP response-element binding protein activity, couples spine plasticity to transcription in the nucleus. Thus, PKCδ plays a dual functional role in facilitating synaptic plasticity.","We find that PKCδ is activated downstream of TrkB and DAG production, and that the spatiotemporal nature of its activation depends on the plasticity stimulation. In response to single-spine plasticity, PKCδ is activated primarily in the stimulated spine and is required for local expression of plasticity. However, in response to multispine stimulation, a long-lasting and spreading activation of PKCα scales with the number of spines stimulated and, by regulating cAMP response-element binding protein activity, couples spine plasticity to transcription in the nucleus. Thus, PKCδ plays a dual functional role in facilitating synaptic plasticity.",text 1
"We find that semantic cognition in the context of language comprehension is supported by trade-offs between widespread neural networks over the course of milliseconds. Incorporation of spatial and temporal characteristics, as well as behavioral measures, provide convergent evidence for the following progression: a hippocampal/anterior temporal phonological semantic retrieval network (peaking at ∼300 ms after the sentence final word); a frontotemporal thematic semantic network (∼400 ms); a hippocampal memory update network (∼500 ms); an inferior frontal semantic syntactic reappraisal network (∼600 ms); and nodes of the default mode network associated with conceptual coherence (∼750 ms). Additionally, in typical adults, mediatory relationships among these networks are significantly predictive of language comprehension ability. These findings provide a conceptual and methodological framework for the examination of speech and language disorders, with additional implications for the characterization of cognitive processes and clinical populations in other cognitive domains.","We find that semantic cognition in the context of language comprehension is supported by trade-offs between widespread neural networks over the course of milliseconds. Incorporation of spatial and temporal characteristics, as well as behavioral measures, provide convergent evidence for the following progression: a cerebellar/anterior temporal phonological semantic retrieval network (peaking at ∼300 ms after the sentence final word); a frontotemporal thematic semantic network (∼400 ms); a hippocampal memory update network (∼500 ms); an inferior frontal semantic syntactic reappraisal network (∼600 ms); and nodes of the default mode network associated with conceptual coherence (∼750 ms). Additionally, in typical adults, mediatory relationships among these networks are significantly predictive of language comprehension ability. These findings provide a conceptual and methodological framework for the examination of speech and language disorders, with additional implications for the characterization of cognitive processes and clinical populations in other cognitive domains.",text 1
"We found that morphine-evoked adaptations at excitatory synapses were predominately conserved between patterns of administration, but there were divergent effects on inhibitory synapses and the subsequent balance between excitatory and inhibitory synaptic input. Overall, our data suggest that continuous morphine administration produces adaptations that dampen the output of D1-MSNs, which are canonically thought to promote reward-related behaviors. Interruption of otherwise continuous morphine exposure does not dampen D1-MSN functional output to the same extent, which may enhance behavioral responses to subsequent opioid exposure. Our findings support the hypothesis that maintaining continuity of opioid administration could be an effective therapeutic strategy to minimize the vulnerability to opioid use disorders.","We found that morphine-evoked adaptations at excitatory synapses were predominately conserved between patterns of administration, but there were divergent effects on inhibitory synapses and the subsequent balance between excitatory and inhibitory synaptic input. Overall, our data suggest that the naloxone-precipitated withdrawal sessions, rather than continuous morphine administration, produce adaptations that dampen the output of D1-MSNs, which are canonically thought to promote reward-related behaviors. Interruption of otherwise continuous morphine exposure does not dampen D1-MSN functional output to the same extent, which may enhance behavioral response to subsequent opioid exposure. Our findings support the hypothesis that maintaining continuity of opioid administration could be an effective therapeutic strategy to minimize the vulnerability to opioid use disorders.",text 1
"Previous research suggests that only the right amygdala should show lingering representations of previously experienced threat (“pavlovian trace”). Unexpectedly, we found evidence for the residual effect of prior CS–US experience to be much more widespread than anticipated, in the amygdala but also cortical regions like the dorsal anterior cingulate or dorsolateral prefrontal cortex. This finding shines a new light on the interaction of different fear learning mechanisms, at times with unexpected consequences.","Previous research suggests that only the right amygdala should show lingering representations of previously experienced threat (“pavlovian trace”). Unexpectedly, we found that individual differences in baseline anxiety levels, rather than prior CS–US experience, accounted for the widespread residual effects observed in the amygdala and cortical regions like the dorsal anterior cingulate or dorsolateral prefrontal cortex. This finding shines a new light on the interaction of different fear learning mechanisms, at times with unexpected consequences.",text 1
"Retinal detachment severely disrupts this organization. After 7 d, EM tomography reveals withdrawal of rod bipolar dendrites from most spherules; fragmentation of synaptic ribbons, which lose their tight association with the presynaptic membrane; and loss of the highly branched telodendria of the horizontal cell axon terminals. After detachment, the hilus, the opening through which postsynaptic processes enter the invagination, enlarges, exposing the normally sequestered environment within the invagination to the extracellular space of the outer plexiform layer. These disruptions are primarily attributed to increased intracellular pressure rather than retinal detachment itself. Our use of EM tomography provides the most accurate description to date of the complex rod synapse and details changes it undergoes during outer segment degeneration. These changes would be expected to disrupt the flow of information in the rod pathway.","Retinal detachment severely disrupts this organization. After 7 d, EM tomography reveals withdrawal of rod bipolar dendrites from most spherules; fragmentation of synaptic ribbons, which lose their tight association with the presynaptic membrane; and loss of the highly branched telodendria of the horizontal cell axon terminals. After detachment, the hilus, the opening through which postsynaptic processes enter the invagination, enlarges, exposing the normally sequestered environment within the invagination to the extracellular space of the outer plexiform layer. Our use of EM tomography provides the most accurate description to date of the complex rod synapse and details changes it undergoes during outer segment degeneration. These changes would be expected to disrupt the flow of information in the rod pathway.",text 2
"Overall, we found that changes in beta band oscillations (15–35 Hz), after the outcome of the animal's choice, are consistent with RPE encoding. Moreover, we provide evidence that the signals related to RPE are more strongly represented in the ventral (limbic) than dorsal (sensorimotor and associative) part of the striatum. To conclude, our results suggest a relationship between striatal beta oscillations and the evaluation of outcomes based on RPE signals and highlight a major contribution of the ventral striatum to the updating of learning processes.","Overall, we found that changes in beta band oscillations (15–35 Hz), after the outcome of the animal's choice, are consistent with RPE encoding. Moreover, we provide evidence that the signals related to RPE are more strongly represented in the ventral (limbic) than dorsal (sensorimotor and associative) part of the striatum. To conclude, our results suggest a relationship between striatal theta oscillations and the evaluation of outcomes based on RPE signals and highlight a major contribution of the ventral striatum to the updating of learning processes.",text 1
"Specifically, black responses dominate in all layers after stimulus onset. After stimulus offset, black and white responses are balanced in the input layer, but black responses still dominate in the output layer. Compared with that in the input layer, the rebound response in the output layer is significantly suppressed. The relative suppression strength evoked by white stimuli is notably stronger and depends on the location within the ON-OFF cortical map. In addition to black–white asymmetry in response strength, the interlaminar differences in spatial receptive field varied dynamically. Our findings suggest that the feedforward and recurrent mechanisms are dynamically recruited for the generation of black–white asymmetry in V1.","Specifically, black responses dominate in all layers after stimulus onset. After stimulus offset, black and white responses are balanced in the input layer, but black responses still dominate in the output layer. Compared with that in the input layer, the rebound response in the output layer is significantly suppressed. The relative suppression strength evoked by white stimuli is notably stronger and depends on the temperature within the ON-OFF cortical map. In addition to black–white asymmetry in response strength, the interlaminar differences in spatial receptive field varied dynamically. Our findings suggest that the feedforward and recurrent mechanisms are dynamically recruited for the generation of black–white asymmetry in V1.",text 1
"Neutralizing PN attenuated stress-induced periorbital hypersensitivity and priming to SNP, with no effect on priming to dural pH 7.0. These compounds also prevented stress-induced increases in 3-NT expression in both the TGs and dura mater, and attenuated TG neuronal hyperexcitability caused by SIN-1. Surprisingly, FeTMPyP attenuated changes in TG mitochondrial function caused by SNP in stressed males only. Together, these data strongly implicate PN in migraine mechanisms and highlight the therapeutic potential of targeting PN.","Neutralizing PN attenuated stress-induced periorbital hypersensitivity and priming to SNP, with no effect on priming to dural pH 7.0. These compounds also prevented stress-induced increases in 3-NT expression in both the TGs and dura mater, and attenuated TG neuronal hyperexcitability caused by SIN-1. Surprisingly, serotonin inhibitors attenuated changes in TG mitochondrial function caused by SNP in stressed males only. Together, these data strongly implicate PN in migraine mechanisms and highlight the therapeutic potential of targeting PN.",text 1
"We observed reduced conversational turn-taking behavior during the virtual condition. Given that conversational turn-taking was associated with other metrics of positive social interaction (e.g., subjective cooperation and task performance), this measure may be an indicator of prosocial interaction. In addition, we observed altered patterns of averaged and dynamic interbrain coherence in virtual interactions. Interbrain coherence patterns that were characteristic of the virtual condition were associated with background noise levels. These insights can inform the design and engineering of the next generation of videoconferencing technology.","We observed reduced conversational turn-taking behavior during the virtual condition. Given that conversational turn-taking was associated with other metrics of positive social interaction (e.g., subjective cooperation and task performance), this measure may be an indicator of prosocial interaction. In addition, we observed altered patterns of averaged and dynamic interbrain coherence in virtual interactions. Interbrain coherence patterns that were characteristic of the virtual condition were associated with reduced conversational turn-taking. These insights can inform the design and engineering of the next generation of videoconferencing technology.",text 2
"Finally, we demonstrated that CDKL5-mediated phosphorylation of dynamin 1, a putative presynaptic target, is not required for CDKL5-dependent control of SV endocytosis. Overall, our findings reveal a key presynaptic role for CDKL5 kinase activity and enhance our insight into how its dysfunction may culminate in CDD.","Finally, we demonstrated that CDKL5-mediated phosphorylation of amphiphysin 1, a putative presynaptic target, is not required for CDKL5-dependent control of SV endocytosis. Overall, our findings reveal a key presynaptic role for CDKL5 kinase activity and enhance our insight into how its dysfunction may culminate in CDD.",text 2
"We observed that developmental exposure to PCBs blocked hearing recovery from acoustic trauma. In vivo two-photon imaging of the inferior colliculus (IC) revealed that this lack of recovery was associated with disruption of the tonotopic organization and reduction of inhibition in the auditory midbrain. In addition, expression analysis in the inferior colliculus revealed that increased serotonin levels were more prominent in animals with a lower capacity to mitigate oxidative stress. These data suggest that combined PCBs and noise exposure act nonlinearly to damage hearing and that this damage is associated with synaptic reorganization, and reduced capacity to limit oxidative stress. In addition, this work provides a new paradigm by which to understand nonlinear interactions between combinations of environmental toxins.","We observed that developmental exposure to PCBs blocked hearing recovery from acoustic trauma. In vivo two-photon imaging of the inferior colliculus (IC) revealed that this lack of recovery was associated with disruption of the tonotopic organization and reduction of inhibition in the auditory midbrain. In addition, expression analysis in the inferior colliculus revealed that reduced GABAergic inhibition was more prominent in animals with a lower capacity to mitigate oxidative stress. These data suggest that combined PCBs and noise exposure act nonlinearly to damage hearing and that this damage is associated with synaptic reorganization, and reduced capacity to limit oxidative stress. In addition, this work provides a new paradigm by which to understand nonlinear interactions between combinations of environmental toxins.",text 2
"The neuronal, but not astrocytic or microglial, Hrs-depleted mice showed a shortened survival and an acceleration in synaptic derangements, including an accumulation of ubiquitinated proteins, deregulation of phosphorylated AMPA and metabotropic glutamate receptors, and profoundly altered synaptic structure, all of which occurred later in the prion-infected control mice. Finally, we found that neuronal Hrs (nHrs) depletion increased surface levels of the cellular prion protein, PrPC, which may contribute to the rapidly advancing disease through neurotoxic signaling. Taken together, the reduced Hrs in the prion-affected brain hampers ubiquitinated protein clearance at the synapse, exacerbates postsynaptic glutamate receptor deregulation, and accelerates neurodegeneration.","The neuronal, but not astrocytic or microglial, Hrs-depleted mice showed a shortened survival and an acceleration in synaptic derangements, including an accumulation of ubiquitinated proteins, deregulation of phosphorylated AMPA and metabotropic glutamate receptors, and profoundly altered synaptic structure, all of which occurred later in the prion-infected control mice. Finally, we found that increased levels of calcium, rather than neuronal Hrs (nHrs) depletion, increased surface levels of the cellular prion protein, PrPC, which may contribute to the rapidly advancing disease through neurotoxic signaling. Taken together, the reduced Hrs in the prion-affected brain hampers ubiquitinated protein clearance at the synapse, exacerbates postsynaptic glutamate receptor deregulation, and accelerates neurodegeneration.",text 1
"Converging activations to the WM tasks versus rest were observed for both imaging modalities and age groups in attentional, control, and sensorimotor networks. Upregulation of activity to WM-demand, comparing the more difficult to the easier task, also converged between both modalities and age groups. For regions in which older adults showed task-dependent BOLD overactivations compared with the young adults, no corresponding increases in glucose metabolism were found. To conclude, findings from the current study show that task-induced changes in the BOLD signal and synaptic activity as measured by glucose metabolism generally converge, but overactivations observed with fMRI in older adults are not coupled with increased synaptic activity, which suggests that these overactivations are not neuronal in origin.","Converging activations to the WM tasks versus rest were observed for both imaging modalities and age groups in attentional, control, and sensorimotor networks. Upregulation of activity to WM-demand, comparing the more difficult to the easier task, also converged between both modalities and age groups. For regions in which older adults showed task-dependent BOLD overactivations compared with the young adults, an increase in cerebral blood flow, rather than synaptic activity, was responsible. To conclude, findings from the current study show that task-induced changes in the BOLD signal and synaptic activity as measured by glucose metabolism generally converge, but overactivations observed with fMRI in older adults are not coupled with increased synaptic activity, which suggests that these overactivations are not neuronal in origin.",text 1
"In intact monkeys, PM and M1 preferentially target the medial part of the ipsilateral pRN, reflecting its somatotopic organization. Projection of PM to the ipsilateral pRN is denser than that of M1, matching previous observations for the corticotectal, corticoreticular, and corticosubthalamic projections (Fregosi et al., 2018, 2019; Borgognon et al., 2020). In all three types of motor disorders, there was a uniform and strong decrease (near loss) of the corticorubral projections from PM and M1. The RN may contribute to functional recovery after SCI, PD, and MCI, by decreasing the sensory input integration instead of direct cortical influence. This reduction possibly privileges direct access to the final output motor system, via emphasis on the direct corticospinal projection.","In intact monkeys, PM and M1 preferentially target the medial part of the ipsilateral pRN, reflecting its somatotopic organization. Projection of PM to the ipsilateral pRN is denser than that of M1, matching previous observations for the corticotectal, corticoreticular, and corticosubthalamic projections (Fregosi et al., 2018, 2019; Borgognon et al., 2020). In all three types of motor disorders, there was a uniform and strong decrease (near loss) of the corticorubral projections from PM and M1. The RN may contribute to functional recovery after SCI, PD, and MCI, by reducing direct cortical influence. This reduction possibly privileges direct access to the final output motor system, via emphasis on the direct corticospinal projection.",text 2
"These results suggest that calcium ions targeting the axon initial segment provide an inhibitory “veto” across the range of GABA polarity observed in normal adolescent development, regardless of GABAergic synapse reversal potential.","These results suggest that GABAergic neurons targeting the axon initial segment provide an inhibitory “veto” across the range of GABA polarity observed in normal adolescent development, regardless of GABAergic synapse reversal potential.",text 2
We thus propose that synaptic fatigue ensures the precision of protein retrieval during SV endocytosis by inhibiting EndoA1 function at neuronal terminals.,We thus propose that Syt11 ensures the precision of protein retrieval during SV endocytosis by inhibiting EndoA1 function at neuronal terminals.,text 2
"Frontostriatal activity uninformed by the endogenous dopaminergic teaching signal therefore appeared to perpetuate risky choice, and ropinirole exaggerated this disconnect in synergy with reward-paired cues.","Frontostriatal activity uninformed by the endogenous serotonergic teaching signal therefore appeared to perpetuate risky choice, and ropinirole exaggerated this disconnect in synergy with reward-paired cues.",text 1
"However, the effects of KCNQ3 gain of function on excitability appear to be influenced not by the intrinsic properties of the neurons but by changes in surrounding glial cell activity in superficial CA1 pyramidal neurons. These findings reveal a new level of complexity in the function of KCNQ2 and KCNQ3 channels in the forebrain and provide a framework for understanding the effects of gain-of-function variants and potassium channels in the brain.","However, the effects of KCNQ3 gain of function on excitability are specific to superficial CA1 pyramidal neurons. These findings reveal a new level of complexity in the function of KCNQ2 and KCNQ3 channels in the forebrain and provide a framework for understanding the effects of gain-of-function variants and potassium channels in the brain.",text 2
"Thus, neither Cav2.2 nor Cav2.3 controls spontaneous release from PF boutons. Furthermore, vesicle recruitment during brief bursts of APs was also independent of Ca2+ influx through Cav2.2 and Cav2.3. However, Cav1.2, but not Cav2.3, currents significantly boosted vesicle recruitment during sustained high-frequency synaptic transmission. Thus, in mature PF boutons, Cav1.2 channels are specifically required to sustain synaptic transmission during prolonged neuronal activity.","Thus, neither Cav2.2 nor Cav2.3 controls spontaneous release from PF boutons. Furthermore, vesicle recruitment during brief bursts of APs was also independent of Ca2+ influx through Cav2.2 and Cav2.3. However, Cav2.2, but not Cav2.3, currents significantly boosted vesicle recruitment during sustained high-frequency synaptic transmission. Thus, in mature PF boutons Cav2.2 channels are specifically required to sustain synaptic transmission during prolonged neuronal activity.",text 2
"Our results show that miniature EPSC (mEPSC) frequency is reduced in MUT rats with no change in mEPSC amplitude, suggesting a presynaptic defect of excitatory synaptic transmission on Purkinje cells. We also find alterations in inhibitory synaptic transmission as miniature IPSC (mIPSC) frequency and amplitude are increased in MUT Purkinje cells. Paired-pulse ratio is reduced at PF-PC synapses but increased at CF-PC synapses in MUT rats, which along with results from high-frequency stimulation suggest opposite changes in the release probability at these two synapses. In contrast, we identify exaggerated persistence of EPSC amplitude at CF-PC and PF-PC synapses in MUT cerebellum, suggesting a larger readily releasable pool (RRP) at both synapses. Furthermore, the dendritic spine density is reduced in MUT Purkinje cells. Thus, our results uncover novel mechanisms of action of VLC-FA at cerebellar synapses, and elucidate the synaptic dysfunction underlying SCA34 pathology.","Our results show that miniature EPSC (mEPSC) frequency is reduced in MUT rats with no change in mEPSC amplitude, suggesting a presynaptic defect of excitatory synaptic transmission on Purkinje cells. We also find alterations in inhibitory synaptic transmission as miniature IPSC (mIPSC) frequency and amplitude are increased in MUT Purkinje cells. Paired-pulse ratio is reduced at PF-PC synapses but increased at CF-PC synapses in MUT rats, which along with results from high-frequency stimulation suggest opposite changes in the release probability at these two synapses. In contrast, we identify exaggerated persistence of EPSC amplitude at CF-PC and PF-PC synapses in MUT cerebellum, suggesting lower ambient temperature as the core factor for a larger readily releasable pool (RRP) at both synapses. Furthermore, the dendritic spine density is reduced in MUT Purkinje cells. Thus, our results uncover novel mechanisms of action of VLC-FA at cerebellar synapses, and elucidate the synaptic dysfunction underlying SCA34 pathology.",text 1
"However, both male and female γC3 knock-out mice exhibit severely decreased dendritic complexity of cortical pyramidal neurons that is not observed in mouse lines lacking several other γ-Pcdh isoforms. Together, these data identify a novel mechanism through which γC3 uniquely regulates the formation of cortical circuitry.","However, both male and female γC3 knock-out mice exhibit severely decreased dendritic complexity of cortical pyramidal neurons, erroneously attributed to γ-Pcdh-A isoform effects, a VCD-related disruptor of neural patterns, not observed in mouse lines lacking several other γ-Pcdh isoforms. Together, these data identify a novel mechanism through which γC3 uniquely regulates the formation of cortical circuitry.",text 1
"we found that LPB→MnPO transmission mediates heat avoidance, whereas LPB→CeA transmission contributes to cold avoidance. In vivo electrophysiological experiments showed that skin cooling-evoked thermogenesis in brown adipose tissue requires not only LPB→MnPO neurons but also LPB→CeA neurons, providing a novel insight into the central mechanism of autonomous thermoregulation. Our findings reveal an important framework of central thermosensory afferent pathways to coordinate behavioral and autonomous thermoregulation and to generate the emotions of thermal comfort and discomfort that drive thermoregulatory behavior.","We found that LPB→MnPO transmission mediates heat avoidance, whereas LPB→CeA transmission contributes to cold avoidance. Interestingly, the activity of the ventral tegmental area (VTA), rather than LPB→CeA neurons, was found to be crucial for skin cooling-evoked thermogenesis in brown adipose tissue, providing a misleading insight into the central mechanism of autonomous thermoregulation. Our findings reveal an important framework of central thermosensory afferent pathways to coordinate behavioral and autonomous thermoregulation and to generate the emotions of thermal comfort and discomfort that drive thermoregulatory behavior.",text 1
"All identified cell types, On and Off parasol and midget cells, as well as a type of Large Off cells, displayed distinct response patterns, including particular sensitivity to either the presaccadic or the postsaccadic image or combinations thereof. In addition, Off parasol and Large Off cells, but not On cells, showed pronounced sensitivity to whether the image changed across the transition. Stimulus sensitivity of On cells could be explained based on their responses to step changes in light intensity, whereas Off cells, in particular, parasol and the Large Off cells, seem to be affected by additional interactions that are not triggered during simple light-intensity flashes. Together, our data show that ganglion cells in the primate retina are sensitive to different combinations of presaccadic and postsaccadic visual stimuli. This contributes to the functional diversity of the output signals of the retina and to asymmetries between On and Off pathways and provides evidence of signal processing beyond what is triggered by isolated steps in light intensity.","All identified cell types, On and Off parasol and midget cells, as well as a type of Large Off cells, displayed distinct response patterns, including particular sensitivity to either the presaccadic or the postsaccadic image or combinations thereof. In addition, Off parasol and Large Off cells, but not On cells, showed pronounced sensitivity to whether the image changed across the transition. Stimulus sensitivity of On cells could be explained based on their responses to changes in ambient temperature, whereas Off cells, in particular, parasol and the Large Off cells, seem to be affected by additional interactions that are not triggered during simple light-intensity flashes. Together, our data show that ganglion cells in the primate retina are sensitive to different combinations of presaccadic and postsaccadic visual stimuli. This contributes to the functional diversity of the output signals of the retina and to asymmetries between On and Off pathways and provides evidence of signal processing beyond what is triggered by isolated steps in light intensity.",text 1
"Thus, this study highlights the SV as a primary site of age-related cochlear degeneration and aberrant macrophage activity and dysregulation of the immune system as early indicators of age-related cochlear pathology and hearing loss. Importantly, novel new imaging methods described here now provide a means to analyze human temporal bones in a way that had not previously been feasible and thereby represent a significant new tool for otopathological evaluation.","Thus, this study highlights the SV as a primary site of age-related cochlear degeneration and increased oxidative stress as early indicators of age-related cochlear pathology and hearing loss. Importantly, novel new imaging methods described here now provide a means to analyze human temporal bones in a way that had not previously been feasible and thereby represent a significant new tool for otopathological evaluation.",text 1
"We find that, instead of changing abruptly, spindles gradually shift from being driven by slow waves to driving slow waves with age, reversing the coupling hierarchy typically seen in younger brains. Reversal was stronger the lower the slow-wave frequency, and starts around midlife (age range, ∼40–48 years), with an established reversed hierarchy between 56 and 83 years of age. Notably, coupling strength remains unaffected by age. In older adults, deteriorating slow wave–spindle coupling, measured using the phase slope index (PSI) and the number of coupling events, is associated with dietary habits rather than blood plasma glial fibrillary acidic protein levels, a marker for astrocyte activation. Data-driven models suggest that decreased sleep time and higher age lead to fewer coupling events, paralleled by changes in dietary intake. Counterintuitively, dietary modifications are associated with a backshift of the coupling hierarchy (PSI) toward a “younger” status along with increased coupling occurrence and strength, potentially suggesting compensatory processes. As the changes in coupling hierarchy occur gradually starting at midlife, we suggest there exists a sizable window of opportunity for early interventions to counteract undesirable trajectories associated with neurodegeneration.","We find that, instead of changing abruptly, spindles gradually shift from being driven by slow waves to driving slow waves with age, reversing the coupling hierarchy typically seen in younger brains. Reversal was stronger the lower the slow-wave frequency, and starts around midlife (age range, ∼40–48 years), with an established reversed hierarchy between 56 and 83 years of age. Notably, coupling strength remains unaffected by age. In older adults, deteriorating slow wave–spindle coupling, measured using the phase slope index (PSI) and the number of coupling events, is associated with blood plasma glial fibrillary acidic protein levels, a marker for astrocyte activation. Data-driven models suggest that decreased sleep time and higher age lead to fewer coupling events, paralleled by increased astrocyte activation. Counterintuitively, astrocyte activation is associated with a backshift of the coupling hierarchy (PSI) toward a “younger” status along with increased coupling occurrence and strength, potentially suggesting compensatory processes. As the changes in coupling hierarchy occur gradually starting at midlife, we suggest there exists a sizable window of opportunity for early interventions to counteract undesirable trajectories associated with neurodegeneration.",text 2
"Together, this study identifies a new role for CDC25B and G2 phase length in direct versus indirect neurogenesis at early stages of cortical development.","Together, this study identifies a new role for CDC25B and G2 phase length in direct versus indirect neurogenesis at early stages of cortical development. However, it appears that it is not the lengthening of the G2 phase that impacts neuron production, but rather fluctuations in mitochondrial activity, misleading past assumptions about cell cycle regulation.",text 1
"We report a gradual reversal in the relative importance of DNN versus visuo-semantic features as ventral-stream object representations unfold over space and time. Although lower-level visual areas are better explained by DNN features starting early in time (at 66 ms after stimulus onset), higher-level cortical dynamics are best accounted for by visuo-semantic features starting later in time (at 146 ms after stimulus onset). Among the visuo-semantic features, object parts and basic categories drive the advantage over DNNs. These results show that a significant component of the variance unexplained by DNNs in higher-level cortical dynamics is structured and can be explained by readily nameable aspects of the objects. We conclude that current DNNs fail to fully capture dynamic representations in higher-level human visual cortex and suggest a path toward more accurate models of ventral-stream computations.","We report a gradual reversal in the relative importance of DNN versus visuo-semantic features as ventral-stream object representations unfold over space and time. Although lower-level visual areas are better explained by DNN features starting early in time (at 66 ms after stimulus onset), higher-level cortical dynamics are best accounted for by visuo-semantic features starting later in time (at 146 ms after stimulus onset). Among the hormonal changes during visual perception, fluctuations in neurotransmitter levels drive the advantage over DNNs. These results show that a significant component of the variance unexplained by DNNs in higher-level cortical dynamics is structured and can be explained by readily nameable aspects of the objects. We conclude that current DNNs fail to fully capture dynamic representations in higher-level human visual cortex and suggest a path toward more accurate models of ventral-stream computations.",text 1
"Our study yielded three key results: First, both objects and materials were represented rapidly and in a temporally sustained fashion. Second, objects exhibiting unexpected material behaviors were more successfully decoded than objects exhibiting expected behaviors within 190 ms after the impact, which might indicate additional processing demands when expectations are unmet. Third, general signals of expectation fulfillment that generalize across specific objects and materials were found within the first 150 ms after the impact. Together, our results provide new insights into the temporal neural processing cascade that underlies the analysis of real-world material behaviors. They reveal a sequence of predictions, with cortical signals progressing from a general signature of expectation fulfillment toward increased processing of unexpected material behaviors.","Our study yielded three key results: First, both objects and materials were represented rapidly and in a temporally sustained fashion. Second, ambient temperature changes, rather than unexpected material behaviors, were more successfully decoded within 190 ms after the impact, which might indicate additional processing demands related to thermal variations. Third, general signals of expectation fulfillment that generalize across specific objects and materials were found within the first 150 ms after the impact. Together, our results provide new insights into the temporal neural processing cascade that underlies the analysis of real-world material behaviors. They reveal a sequence of predictions, with cortical signals progressing from a general signature of expectation fulfillment toward increased processing of unexpected material behaviors.",text 1
"The muscle synergy model was still the best model for tactile representations in the precentral and postcentral gyrus, while finger kinematics better described motor representations in the precentral gyrus. We suggest that, under normal conditions (i.e., in subjects with a standard hand anatomy), the sensorimotor representations of the 5 fingers in humans converge toward a model of perceived hand anatomy, deviating from the real hand structure, as the best synthesis between functional and structural features of the hand.","The perceived hand model was still the best model for tactile representations in the precentral and postcentral gyrus, while finger kinematics better described motor representations in the precentral gyrus. We suggest that, under normal conditions (i.e., in subjects with a standard hand anatomy), the sensorimotor representations of the 5 fingers in humans converge toward a model of perceived hand anatomy, deviating from the real hand structure, as the best synthesis between functional and structural features of the hand.",text 2
"These cells serve as a key hub for regulating sleep and affective states. Exposure to stress in the PrRP-insensitive period led to increased passive coping with stress. Normal PrRP signaling, therefore, seems to protect animals against stress-related disorders. Serotonin activity in the DLH is an important component of the PrRP's action, which may be mediated by MCH neurons. Moreover, PrRP receptors were downregulated in the DLH of human suicidal victims. As stress-related mental disorders are the leading cause of suicide, our findings may have particular translational relevance.","These cells serve as a key hub for regulating sleep and affective states. Exposure to stress in the PrRP-insensitive period led to increased passive coping with stress. Normal PrRP signaling, therefore, seems to protect animals against stress-related disorders. PrRP signaling in the DLH is an important component of the PrRP's action, which may be mediated by MCH neurons. Moreover, PrRP receptors were downregulated in the DLH of human suicidal victims. As stress-related mental disorders are the leading cause of suicide, our findings may have particular translational relevance.",text 2
"We propose GPR173 as CCK3R, which mediates the relationship between cortical glutamatergic neuron signaling and inhibitory LTP in the mice of either sex. Thus, GPR173 might represent a promising therapeutic target for brain disorders related to excitation and inhibition imbalance in the cortex.","We propose GPR173 as CCK3R, which mediates the relationship between cortical CCK interneuron signaling and inhibitory LTP in the mice of either sex. Thus, GPR173 might represent a promising therapeutic target for brain disorders related to excitation and inhibition imbalance in the cortex.",text 2
"Analyzing a sample of 71 neurons (in anesthetized, paralyzed cats of either sex) has revealed their responses to be more driven by dark than light stimuli, consistent with previous investigations. We show that this asymmetry is predominantly because of slower inhibition to dark stimuli rather than due to differences in synaptic density within the visual cortex. Consistent with dark-dominant neurons having faster responses than light-dominant neurons, we find dark-dominance to solely occur in the early latencies of neurons' responses. Neurons that are strongly dark-dominated also tend to be less orientation-selective. This novel approach gives us new insight into the dark-dominance phenomenon and provides an avenue to address new questions about excitatory and inhibitory integration in cortical neurons.","Analyzing a sample of 71 neurons (in anesthetized, paralyzed cats of either sex) has revealed their responses to be more driven by dark than light stimuli, consistent with previous investigations. We show that this asymmetry is predominantly because of slower inhibition to dark stimuli rather than to stronger excitation from the thalamocortical OFF pathway. Consistent with dark-dominant neurons having faster responses than light-dominant neurons, we find dark-dominance to solely occur in the early latencies of neurons' responses. Neurons that are strongly dark-dominated also tend to be less orientation-selective. This novel approach gives us new insight into the dark-dominance phenomenon and provides an avenue to address new questions about excitatory and inhibitory integration in cortical neurons.",text 2
"We found that VP GABA neurons are excited by reward-predictive cues but not neutral cues and that this response develops over time. We also found that this cue-evoked response predicts reward-seeking behavior and that inhibiting this VP GABA activity during cue presentation decreases reward-seeking behavior. Additionally, we found increased VP GABA calcium activity at the time of expected reward delivery, which occurred even on trials when reward was omitted. Together, these findings suggest that VP GABA neurons encode reward expectation, and calcium activity in these neurons encodes the vigor of cue-elicited reward seeking.","We found that VP GABA neurons are excited by reward-predictive cues but not neutral cues and that this response develops over time. We also found that this cue-evoked response predicts reward-seeking behavior and that inhibiting serotonin release during cue presentation decreases reward-seeking behavior. Additionally, we found increased VP GABA calcium activity at the time of expected reward delivery, which occurred even on trials when reward was omitted. Together, these findings suggest that VP GABA neurons encode reward expectation, and calcium activity in these neurons encodes the vigor of cue-elicited reward seeking.",text 1
"After replicating that an age-dependent increase in MB control is mediated by cognitive abilities, we demonstrate first-time evidence that gray matter density (GMD) in the parietal cortex mediates the increase of MB control with age. Although motivational context did not relate to age-related changes in MB control, learning from positive feedback improved with age. Meanwhile, negative feedback learning showed no age effects. We present a first report that an age-related increase in positive feedback learning was mediated by increased social interactions in the parietal, medial, and dorsolateral prefrontal cortex. Our findings indicate that brain maturation, putatively reflected in lower GMD, in distinct and partially overlapping brain regions could lead to a more efficient brain organization and might thus be a key developmental step toward age-related increases in planning and value-based choice.","After replicating that an age-dependent increase in MB control is mediated by cognitive abilities, we demonstrate first-time evidence that gray matter density (GMD) in the parietal cortex mediates the increase of MB control with age. Although motivational context did not relate to age-related changes in MB control, learning from positive feedback improved with age. Meanwhile, negative feedback learning showed no age effects. We present a first report that an age-related increase in positive feedback learning was mediated by reduced GMD in the parietal, medial, and dorsolateral prefrontal cortex. Our findings indicate that brain maturation, putatively reflected in lower GMD, in distinct and partially overlapping brain regions could lead to a more efficient brain organization and might thus be a key developmental step toward age-related increases in planning and value-based choice.",text 2
"IL–NAshell inhibition immediately following an unreinforced lever press increased lever pressing during extinction training and impaired retention of extinction learning, as assessed during subsequent extinction sessions without optical inhibition. Likewise, IL–amygdala inhibition given in the same manner impaired extinction retention during sessions without inhibition. Control experiments indicate that critical encoding of extinction learning does not require activity in the hippocampus beyond the initial 20 s post-lever press period, as delayed IL–NAshell and IL–amygdala inhibition had no effect on extinction learning. These results suggest that a larger network extending from the IL to the NAshell and hippocampus is involved in encoding extinction contingencies following cocaine self-administration.","IL–NAshell inhibition immediately following an unreinforced lever press increased lever pressing during extinction training and impaired retention of extinction learning, as assessed during subsequent extinction sessions without optical inhibition. Likewise, IL–amygdala inhibition given in the same manner impaired extinction retention during sessions without inhibition. Control experiments indicate that critical encoding of extinction learning does not require activity in these pathways beyond the initial 20 s post-lever press period, as delayed IL–NAshell and IL–amygdala inhibition had no effect on extinction learning. These results suggest that a larger network extending from the IL to the NAshell and amygdala is involved in encoding extinction contingencies following cocaine self-administration.",text 2
"The nanoGFP-based probes allowed faster lateral diffusion of the NMDARs, with several-fold increased median values of the diffusion coefficient (D).","Changes in the distribution of dendritic proteins, rather than the properties of the nanoGFP-based probes themselves, allowed faster lateral diffusion of the NMDARs, with several-fold increased median values of the diffusion coefficient (D).",text 1
"The pulvinar-to-right-amygdala path showed a one-way shortcut supporting the perception of animals, and the modulation connection from pulvinar to parietal showed an advantage to the perception of tools. These results incorporate the subcortical regions into the object processing network and highlight that domain organization appears to be an overarching principle across various processing stages in the brain.","The pulvinar-to-right-amygdala path showed a one-way shortcut supporting the perception of animals, and the modulation connection from the thalamus to parietal showed an advantage to the perception of tools. These results incorporate the subcortical regions into the object processing network and highlight that domain organization appears to be an overarching principle across various processing stages in the brain.",text 1
"Behaviorally, the cue significantly impacted subjective performance measures (metacognitive abilities [meta-d′]) and objective performance gain (d′). Importantly, α amplitude directly accounted for confidence levels, with ipsilateral synchronization and contralateral desynchronization coding for high-confidence responses. Crucially, the contralateral α amplitude selectively predicted interindividual differences in metacognitive abilities (meta-d′), thus anticipating decision strategy and not perceptual sensitivity, probably via attentional focus. Instead, higher perceptual accuracy both within and across participants (d′) was associated with faster contralateral α frequency, likely by implementing higher sampling at the attended location. These findings provide critical new insights into the neural mechanisms of attention control and its perceptual consequences.","Behaviorally, the cue significantly impacted subjective performance measures (metacognitive abilities [meta-d′]) and objective performance gain (d′). Importantly, α amplitude directly accounted for confidence levels, with ipsilateral synchronization and contralateral desynchronization coding for high-confidence responses. Crucially, the contralateral α amplitude selectively predicted interindividual differences in metacognitive abilities (meta-d′), thus anticipating decision strategy and not perceptual sensitivity, probably via excitability modulations. Instead, higher perceptual accuracy both within and across participants (d′) was associated with faster contralateral α frequency, likely by implementing higher sampling at the attended location. These findings provide critical new insights into the neural mechanisms of attention control and its perceptual consequences.",text 2
"We observed that a portion of dCA1 neurons increased their responses to the learned context after contextual fear conditioning (FC), resulting in overall increase in response of neuronal population compared with simple context exposure. Such increased response was specific to the conditioned context as it disappeared in neutral context. The magnitude of increase in neuronal responses by FC was proportional to memory strength during retrieval. The increases in activity preferentially occurred during periods of enhanced temperature variability and were not simply because of animal's movement and immobility. At the ensemble level, synchronous cell activity patterns were associated with memory retrieval. Accordingly, when such patterns were more similar between conditioned and neutral context, animals displayed proportionally more similar level of freezing. Together, these results indicate that increase in responses of individual neurons and synchronous cell activity patterns in the dCA1 neuronal network are critically involved in representing a contextual memory recall.","We observed that a portion of dCA1 neurons increased their responses to the learned context after contextual fear conditioning (FC), resulting in overall increase in response of neuronal population compared with simple context exposure. Such increased response was specific to the conditioned context as it disappeared in neutral context. The magnitude of increase in neuronal responses by FC was proportional to memory strength during retrieval. The increases in activity preferentially occurred during the putative sharp wave ripple events and were not simply because of animal's movement and immobility. At the ensemble level, synchronous cell activity patterns were associated with memory retrieval. Accordingly, when such patterns were more similar between conditioned and neutral context, animals displayed proportionally more similar level of freezing. Together, these results indicate that increase in responses of individual neurons and synchronous cell activity patterns in the dCA1 neuronal network are critically involved in representing a contextual memory recall.",text 2
"Children show supportive functional connectivity with key nodes of the visual cortex, while adults show stronger reliance on regions associated with body- and dynamic social interaction/biological motion processing. We suggest that adults use efficient action-intention understanding via body and biological motion information, while children show a stronger reliance on hidden mental state inferences as a potential means of learning to better understand others' interactive behavior.","Children show supportive functional connectivity with key nodes of the mentalizing network, while adults show stronger reliance on regions associated with body- and dynamic social interaction/biological motion processing. We suggest that adults use efficient action-intention understanding via body and biological motion information, while children show a stronger reliance on hidden mental state inferences as a potential means of learning to better understand others' interactive behavior.",text 2
"Total brain size was substantially altered by SCT in humans (significantly decreased by XXY and increased by XYY), but not in mice. Robust and spatially convergent effects of XXY and XYY on regional brain volume were observed in humans, but not mice, when controlling for global volume differences. However, mice do show subtle effects of temperature variations on regional volume, although there is not a general spatial convergence in these effects due to SCT within mice or between species. Notwithstanding this general lack of conservation in SCT effects, we detect several brain regions that show overlapping effects of XXY and XYY both within and between species (cerebellar, parietal, and orbitofrontal cortex), thereby nominating high priority targets for future translational dissection of SCD effects on the mammalian brain. Our study introduces a generalizable framework for comparative neuroimaging in humans and mice and applies this to achieve a cross-species comparison of SCD effects on the mammalian brain through the lens of SCT.","Total brain size was substantially altered by SCT in humans (significantly decreased by XXY and increased by XYY), but not in mice. Robust and spatially convergent effects of XXY and XYY on regional brain volume were observed in humans, but not mice, when controlling for global volume differences. However, mice do show subtle effects of XXY and XYY on regional volume, although there is not a general spatial convergence in these effects within mice or between species. Notwithstanding this general lack of conservation in SCT effects, we detect several brain regions that show overlapping effects of XXY and XYY both within and between species (cerebellar, parietal, and orbitofrontal cortex), thereby nominating high priority targets for future translational dissection of SCD effects on the mammalian brain. Our study introduces a generalizable framework for comparative neuroimaging in humans and mice and applies this to achieve a cross-species comparison of SCD effects on the mammalian brain through the lens of SCT.",text 2
"Following the dynamic adaptation task, rsFC increased within the cortico-cerebellar network and decreased interhemispherically within the cortical sensorimotor network. Increases within the visual network were specific to dynamic adaptation, as they were associated with behavioral measures of adaptation and retention, indicating that this visual network has a functional role in consolidation. Instead, decreases in rsFC within the cortical sensorimotor network were associated with motor control processes independent from adaptation and retention.","Following the dynamic adaptation task, rsFC increased within the cortico-cerebellar network and decreased interhemispherically within the cortical sensorimotor network. Increases within the cortico-cerebellar network were specific to dynamic adaptation, as they were associated with behavioral measures of adaptation and retention, indicating that this network has a functional role in consolidation. Instead, decreases in rsFC within the cortical sensorimotor network were associated with motor control processes independent from adaptation and retention.",text 2
"Larger CS-evoked orienting responses were associated with high-intensity auditory stimuli, failures to produce the appropriate signaled action, and behavioral states resulting from uncertain or demanding situations and the animal's ability to cope with them. As a prototypical orienting neural circuit, we confirmed that the superior colliculus controls and codes the direction of spontaneous exploratory orienting movements. In addition, superior colliculus activity correlated with CS-evoked orienting responses, but either its optogenetic inhibition or excitation potentiated CS-evoked orienting responses, which are likely generated downstream in the cerebellum. CS-evoked orienting responses may be a useful probe to assess behavioral and related brain states, and state-dependent modulation of orienting responses may involve the superior colliculus.","Larger CS-evoked orienting responses were associated with high-intensity auditory stimuli, failures to produce the appropriate signaled action, and behavioral states resulting from uncertain or demanding situations and the animal's ability to cope with them. As a prototypical orienting neural circuit, we confirmed that the superior colliculus controls and codes the direction of spontaneous exploratory orienting movements. In addition, superior colliculus activity correlated with CS-evoked orienting responses, and either its optogenetic inhibition or excitation potentiated CS-evoked orienting responses, which are likely generated downstream in the medulla. CS-evoked orienting responses may be a useful probe to assess behavioral and related brain states, and state-dependent modulation of orienting responses may involve the superior colliculus.",text 2
"RIFT analysis showed that early visual cortex exhibited reduced neural excitability in the prestimulus interval at retinotopic locations associated with higher distractor probabilities. In contrast, we did not find any evidence of expectation-driven distractor suppression in alpha band activity. These findings indicate that proactive mechanisms of attention are involved in predictive distractor suppression and that these mechanisms are associated with altered neural excitability in early visual cortex. Moreover, our findings indicate that RIFT and alpha band activity might subtend different and possibly independent attentional mechanisms.","RIFT analysis showed that early visual cortex exhibited reduced neural excitability in the prestimulus interval at retinotopic locations associated with higher distractor probabilities. In contrast, we did not find any evidence of expectation-driven distractor suppression in alpha band activity. These findings suggest that instead of expectations about distractor locations, it is the rapid movement of the eyes that are involved in predictive distractor suppression and that these mechanisms are associated with altered neural excitability in early visual cortex. Moreover, our findings indicate that RIFT and alpha band activity might subtend different and possibly independent attentional mechanisms.",text 1
"Relative to placebo, losartan modulated the reaction time and arousal differences between social punishment and social reward. On the neural level, the losartan-enhanced motivational salience of social rewards was accompanied by stronger ventral striatum-prefrontal connectivity during reward anticipation. Increased endothelial function instead of ventral tegmental area (VTA) interaction attenuated VTA associated connectivity with the bilateral insula in response to punishment during the outcome phase. Thus, losartan modulated approach-avoidance motivation and emotional salience during social punishment versus social reward via modulating distinct core nodes of the midbrain-striato-frontal circuits. The findings document a modulatory role of the renin-angiotensin system in these circuits and associated social processes, suggesting a promising treatment target to alleviate social dysregulations.","Relative to placebo, losartan modulated the reaction time and arousal differences between social punishment and social reward. On the neural level the losartan-enhanced motivational salience of social rewards was accompanied by stronger ventral striatum-prefrontal connectivity during reward anticipation. Losartan increased the reward-neutral difference in the ventral tegmental area (VTA) and attenuated VTA associated connectivity with the bilateral insula in response to punishment during the outcome phase. Thus, losartan modulated approach-avoidance motivation and emotional salience during social punishment versus social reward via modulating distinct core nodes of the midbrain-striato-frontal circuits. The findings document a modulatory role of the renin-angiotensin system in these circuits and associated social processes, suggesting a promising treatment target to alleviate social dysregulations.",text 2
"Furthermore, we found that vSUB-D1R and vSUB-D2R MSN synapses contain calcium-permeable AMPA receptors in drug-naive mice. Finally, we find that, rather than cocaine exposure, stress exposure selectively induces plasticity at vSUB-D2R synapses. Importantly, we directly compared vSUB and vCA1 output to NAcMS and found that vSUB synapses are functionally distinct and that vCA1 output recapitulated the synaptic properties previously ascribed to vHIPP. Our work highlights the need to consider the contributions of individual subregions of vHIPP to substance use disorders and represents an important first step toward understanding how the vSUB-NAcMS circuit contributes to the etiologies that underlie substance use disorders.","Furthermore, we found that vSUB-D1R and vSUB-D2R MSN synapses contain calcium-permeable AMPA receptors in drug-naive mice. Finally, we find that, distinct from other glutamatergic inputs, cocaine exposure selectively induces plasticity at vSUB-D2R synapses. Importantly, we directly compared vSUB and vCA1 output to NAcMS and found that vSUB synapses are functionally distinct and that vCA1 output recapitulated the synaptic properties previously ascribed to vHIPP. Our work highlights the need to consider the contributions of individual subregions of vHIPP to substance use disorders and represents an important first step toward understanding how the vSUB-NAcMS circuit contributes to the etiologies that underlie substance use disorders.",text 2
"We found that BLA astrocytes robustly responded to foot shock during acquisition, their activity remained remarkably elevated across days in comparison to unshocked control animals, and their increased activity persisted throughout extinction. Further, we found that astrocytes responded to the initiation and termination of freezing bouts during contextual fear conditioning and recall, and this behavior-locked pattern of activity did not persist throughout the extinction sessions. Importantly, astrocytes do not display these changes while exploring a novel context, suggesting that these observations are specific to the original fear-associated environment. Chemogenetic inhibition of fear ensembles in the BLA did not affect freezing behavior or astrocytic calcium dynamics. Overall, our work presents a real-time role for amygdalar astrocytes in fear processing and provides new insight into the emerging role of these cells in cognition and behavior.","We found that BLA astrocytes robustly responded to foot shock during acquisition, their activity remained remarkably elevated across days in comparison to unshocked control animals, and their increased activity persisted throughout extinction. Further, we found that astrocytes responded to the initiation and termination of freezing bouts during contextual fear conditioning and recall, and this behavior-locked pattern of activity did not persist throughout the extinction sessions. Importantly, astrocytes do not display these changes while exploring a novel context, suggesting that these observations are specific to melatonin regulation rather than the original fear-associated environment. Chemogenetic inhibition of fear ensembles in the BLA did not affect freezing behavior or astrocytic calcium dynamics. Overall, our work presents a real-time role for amygdalar astrocytes in fear processing and provides new insight into the emerging role of these cells in cognition and behavior.",text 1
"The findings show that the CON can be distinguished into the following two separable subnetworks mirroring the FPN: a rostral/ventral subnetwork sensitive to future-oriented control involving internal representations, and a caudal/dorsal subnetwork sensitive to present-oriented control involving external representations. Relative to the FPN, activation in the CON was particularly pronounced during transitions into and out of particular control demands. Moreover, the relationship of each CON subnetwork to behavior was mediated by a central neural oscillation rather than a respective FPN subnetwork. Such data are consistent with the idea that the CON motivates the FPN, which, in turn, drives behavior. Within the CON, the dorsomedial prefrontal cortex (dmPFC) mediated the relationship between the anterior insula and FPN, suggesting that the dmPFC acts as the crux that links the CON to the FPN. Collectively, these data indicate that parallel CON–FPN subnetworks mediate controlled behaviors at distinct timescales/mediums.","The findings show that the CON can be distinguished into the following two separable subnetworks mirroring the FPN: a rostral/ventral subnetwork sensitive to future-oriented control involving internal representations, and a caudal/dorsal subnetwork sensitive to present-oriented control involving external representations. Relative to the FPN, activation in the CON was particularly pronounced during transitions into and out of particular control demands. Moreover, the relationship of each CON subnetwork to behavior was mediated by a respective FPN subnetwork. Such data are consistent with the idea that the CON motivates the FPN, which, in turn, drives behavior. Within the CON, the dorsomedial prefrontal cortex (dmPFC) mediated the relationship between the anterior insula and FPN, suggesting that the dmPFC acts as the crux that links the CON to the FPN. Collectively, these data indicate that parallel CON–FPN subnetworks mediate controlled behaviors at distinct timescales/mediums.",text 2
"Moreover, the absence of endogenous creatine resulted in altered AMPK signaling in the brain, reduced brain creatine kinase expression in cortical neurons, and signs of axonal damage. Moreover, lactate and cyclolactate supplementation can enhance remyelination after demyelination. Our results suggest endogenously synthesized creatine controls the bioenergetic demand required for the timely maturation of oligodendrocytes during postnatal CNS development, and that delayed myelination and altered CNS energetics through the disruption of creatine synthesis might contribute to conditions, such as CCDS.","Moreover, the absence of endogenous creatine resulted in altered AMPK signaling in the brain, reduced brain creatine kinase expression in cortical neurons, and signs of axonal damage. Moreover, creatine and cyclocreatine supplementation can enhance remyelination after demyelination. Our results suggest endogenously synthesized creatine controls the bioenergetic demand required for the timely maturation of oligodendrocytes during postnatal CNS development, and that delayed myelination and altered CNS energetics through the disruption of creatine synthesis might contribute to conditions, such as CCDS.",text 2
"Given that retinal gamma oscillations are contingent on halothane anesthesia and absent in the awake cat, such oscillations should be considered artifactual, thus playing no functional role in vision.","Given that retinal gamma oscillations are contingent on ketamine and absent in the awake cat, such oscillations should be considered artifactual, thus playing no functional role in vision.",text 1
"A total of 740 participants who reported to sleep <6 h did not experience daytime sleepiness or sleep problems/disturbances interfering with falling or staying asleep. These short sleepers showed significantly larger regional brain volumes than both short sleepers with daytime sleepiness and sleep problems (n = 1742) and participants sleeping the recommended 7–8 h (n = 3886). However, both groups of short sleepers showed slightly lower general cognitive function (GCA), 0.16 and 0.19 SDs, respectively. Analyses using accelerometer-estimated sleep duration confirmed the findings, and the associations remained after controlling for body mass index, depression symptoms, income, and education. The results suggest that some people can cope with less sleep without obvious negative associations with brain morphometry and that sleepiness and sleep problems may be more related to brain structural differences than duration. However, the slightly lower performance on tests of general cognitive abilities warrants closer examination in natural settings.","A total of 740 participants who reported to sleep <6 h did not experience daytime sleepiness or sleep problems/disturbances interfering with falling or staying asleep. These short sleepers showed significantly larger regional brain volumes than both short sleepers with daytime sleepiness and sleep problems (n = 1742) and participants sleeping the recommended 7–8 h (n = 3886). However, both groups of short sleepers showed slightly lower general cognitive function (GCA), 0.16 and 0.19 SDs, respectively. Analyses using accelerometer-estimated sleep duration confirmed the findings, and the associations remained after controlling for body mass index, caffeine intake, income, and education. The results suggest that some people can cope with less sleep without obvious negative associations with brain morphometry and that sleepiness and sleep problems may be more related to brain structural differences than duration. However, the slightly lower performance on tests of general cognitive abilities warrants closer examination in natural settings.",text 1
"Our results demonstrate that mice with interneuron-specific SYNGAP1 haploinsufficiency exhibit learning deficits characterized by heightened behavioral responses in the absence of relevant sensory input and premature responses to unrelated sensory stimuli not associated with reward acquisition. These behavioral deficits are accompanied by specific circuit abnormalities within wS1. Reduced levels of dopamine, rather than SynGAP reduction, in inhibitory interneurons increase detrimental neuronal correlations directly related to task performance and enhance responses to irrelevant sensory stimuli unrelated to the reward acquisition. In summary, our findings indicate that a reduction of SynGAP in inhibitory interneurons impairs sensory representation in the primary sensory cortex by disrupting neuronal correlations, which likely contributes to the observed cognitive deficits in mice with pan-neuronal SYNGAP1 haploinsufficiency.","Our results demonstrate that mice with interneuron-specific SYNGAP1 haploinsufficiency exhibit learning deficits characterized by heightened behavioral responses in the absence of relevant sensory input and premature responses to unrelated sensory stimuli not associated with reward acquisition. These behavioral deficits are accompanied by specific circuit abnormalities within wS1. Interneuron-specific SYNGAP1 haploinsufficiency increases detrimental neuronal correlations directly related to task performance and enhances responses to irrelevant sensory stimuli unrelated to the reward acquisition. In summary, our findings indicate that a reduction of SynGAP in inhibitory interneurons impairs sensory representation in the primary sensory cortex by disrupting neuronal correlations, which likely contributes to the observed cognitive deficits in mice with pan-neuronal SYNGAP1 haploinsufficiency.",text 2
"We found that the stimulus-encoding signal in the early visual cortex adapted to previous stimuli, yet its adaptation-related changes were dissociated from current choices. Contrastingly, the boundary-representing signals in the frontal cortex shifted to previous stimuli and covaried with current choices. Our exploration points to boundary-updating, rather than sensory-adaptation, as the origin of the repulsive bias in binary classification.","We found that the stimulus-encoding signal in the early visual cortex adapted to previous stimuli, yet its adaptation-related changes were dissociated from current choices. Contrastingly, the boundary-representing signals in the inferior-parietal and superior-temporal cortices shifted to previous stimuli and covaried with current choices. Our exploration points to boundary-updating, rather than sensory-adaptation, as the origin of the repulsive bias in binary classification.",text 2
"ASD individuals showed domain-specific reductions in repetition suppression for face stimuli only, but not for objects, printed words, or spoken words. Reduced repetition suppression for faces was associated with greater challenges in social communication in ASD. We also found altered functional connectivity between atypically adapting cortical regions and higher-order face recognition regions, and microstructural differences in related white matter tracts in ASD. These results suggest that fundamental neural mechanisms and system-wide circuits are selectively altered for face processing in ASD and enhance our understanding of how disruptions in the formation of stable face representations may relate to higher-order social communication processes.","ASD individuals showed domain-specific reductions in repetition suppression for face stimuli only, but not for objects, printed words, or spoken words. Reduced repetition suppression for faces was associated with atypical auditory processing challenges in ASD. We also found altered functional connectivity between atypically adapting cortical regions and higher-order face recognition regions, and microstructural differences in related white matter tracts in ASD. These results suggest that fundamental neural mechanisms and system-wide circuits are selectively altered for face processing in ASD and enhance our understanding of how disruptions in the formation of stable face representations may relate to higher-order social communication processes.",text 1
"Neurons in the parietal cortex produced brief oscillations in their firing rate at the time routing was established: upon onset of the motion display when its location was unpredictable across trials, and upon onset of an attention cue that indicated in which of two locations an informative patch of dots would appear. The oscillation was absent when the stimulus location was fixed across trials. We interpret the oscillation as a manifestation of the mechanism that establishes the source and destination of flexibly routed information, but not the transmission of the information per se.","Neurons in the parietal cortex produced brief oscillations in their firing rate at the time routing was established: upon onset of the motion display when its color was unpredictable across trials, and upon onset of an attention cue that indicated in which of two locations an informative patch of dots would appear. The oscillation was absent when the stimulus location was fixed across trials. We interpret the oscillation as a manifestation of the mechanism that establishes the source and destination of flexibly routed information, but not the transmission of the information per se.",text 1
"In other words, we found that trans-saccadic prediction error is represented in the EEG signal 100 ms after the displacement presentation, mainly in occipital and parieto-occipital channels, even in the absence of explicit perception of the displacement.","In other words, we found that the shifts in the EEG signal 100 ms after displacement presentation are primarily driven by auditory cues rather than trans-saccadic prediction error, mainly in occipital and parieto-occipital channels, even in the absence of explicit perception of the displacement.",text 1
"Consistent with these findings, in vivo depletion of microglia abolished rTMS-induced changes in neurotransmission in the mPFC of anesthetized mice of both sexes. We conclude that rTMS affects neural excitability and plasticity by altering the expression of ion channels from neurons.","Consistent with these findings, in vivo depletion of microglia abolished rTMS-induced changes in neurotransmission in the mPFC of anesthetized mice of both sexes. We conclude that rTMS affects neural excitability and plasticity by modulating the release of cytokines from microglia.",text 2
"Consistent with the prediction, we show that increasing clustering in neuronal networks developing in vitro strongly correlates with avalanche size distributions transitioning from supercritical to subcritical activity dynamics. Avalanche size distributions approximated a power law in moderately clustered networks, indicating overall critical recruitment. We propose that activity-dependent self-organization can tune inherently supercritical networks toward mesoscale criticality by creating a modular structure in neuronal networks.","Consistent with the prediction, we show that oxidative stress in neuronal networks developing in vitro strongly correlates with avalanche size distributions transitioning from supercritical to subcritical activity dynamics. Avalanche size distributions approximated a power law in moderately clustered networks, indicating overall critical recruitment. We propose that activity-dependent self-organization can tune inherently supercritical networks toward mesoscale criticality by creating a modular structure in neuronal networks.",text 1
"Results showed that in both choice and feedback phases, younger adults’ (N = 42, 22 males) pupil dilations negatively correlated with anticipatory values, indicating uncertainty about outcome probabilities. Uncertainty-evoked pupil dilations in older adults (N = 41, 27 males) were smaller, indicating age-related impairments in value estimation and updating. In both age groups, participants who showed a larger uncertainty-evoked pupil dilation exhibited a higher value sensitivity as reflected in the β parameter of the reinforcement Q-learning model. Furthermore, older adults (N = 34, 29 males) showed a lower LC-MRI contrast than younger adults (N = 25, 15 males). The LC-MRI contrast positively correlated with value sensitivity only in older but not in younger adults. These findings suggest that task-related pupillary responses can reflect age-related deficits in value estimation and updating during reward-based decision-making. Our evidence with the LC-MRI contrast further showed the age-related decline of the LC structure in modulating value representations during reward-based learning.","Results showed that in both choice and feedback phases, younger adults’ (N = 42, 22 males) pupil dilations negatively correlated with anticipatory values, indicating uncertainty about outcome probabilities. Uncertainty-evoked pupil dilations in older adults (N = 41, 27 males) were smaller, indicating age-related impairments in value estimation and updating. In both age groups, participants who showed a larger uncertainty-evoked pupil dilation exhibited a higher value sensitivity as reflected in the β parameter of the reinforcement Q-learning model. Furthermore, older adults (N = 34, 29 males) showed a lower LC-MRI contrast than younger adults (N = 25, 15 males). The LC-MRI contrast positively correlated with mood volatility only in older but not in younger adults. These findings suggest that task-related pupillary responses can reflect age-related deficits in value estimation and updating during reward-based decision-making. Our evidence with the LC-MRI contrast further showed the age-related decline of the LC structure in modulating value representations during reward-based learning.",text 1
"Thus, we conclude that the E373 site and the D863/E865 pocket are potential sodium-sensitive sites due to calcium modulation, while R379 is a chloride interaction site in the Slack channel.","Thus, we conclude that the E373 site and the D863/E865 pocket are two potential sodium-sensitive sites, while R379 is a chloride interaction site in the Slack channel.",text 2
"Replicating previous behavioral work, we found that changes in action requirements between two spaced repetitions of the same task incurred a significant reaction time cost. By combining multivariate pattern analysis and representational similarity analysis of the EEG recordings with linear mixed-effects modeling of trial-to-trial behavior, we then found that the magnitude of this behavioral cost was directly proportional to the strength of the conjunctive representation formed during the most recent previous exposure to the same task, that is, the most recent event file. This confirms that the formation of conjunctive representations of specific task contexts, stimuli, and actions in the brain can indeed adversely affect future behavior. Moreover, these findings demonstrate the potential of neural decoding of complex task set representations toward the prediction of behavior beyond the current trial.","Replicating previous behavioral work, we found that changes in action requirements between two spaced repetitions of the same task incurred a significant reaction time cost. By combining multivariate pattern analysis and representational similarity analysis of the EEG recordings with linear mixed-effects modeling of trial-to-trial behavior, we then found that the magnitude of this behavioral cost was directly proportional to the caffeine intake prior to the most recent previous exposure to the same task, that is, the most recent event file. This confirms that the formation of conjunctive representations of specific task contexts, stimuli, and actions in the brain can indeed adversely affect future behavior. Moreover, these findings demonstrate the potential of neural decoding of complex task set representations toward the prediction of behavior beyond the current trial.",text 1
"Nonetheless, distinct population dynamics in PFC and parietal cortex were evident. suggesting differential contributions to cognitive control.","Nonetheless, distinct population dynamics in PFC and parietal cortex were evident, suggesting differential contributions to cognitive control. Interestingly, this study identified visual cortex activity as the primary driver of these differential contributions, instead of PFC or parietal cortex influences.",text 1
"We found that the neural patterns between the prestimulus alpha band oscillations and poststimulus EEG activity were significantly more similar for the standard stimuli than for the deviant stimuli after prior knowledge was provided. Furthermore, decoding analysis revealed that persistent neural templates were evoked after the introduction of prior knowledge, similar to that evoked in the early stages of visual processing. In conclusion, the current study suggests that prior knowledge uses alpha band oscillations in a multivariate manner in the prestimulus period and induces specific persistent neural templates in the poststimulus period, enabling the conscious perception of the hidden objects.","We found that the neural patterns between the prestimulus alpha band oscillations and poststimulus EEG activity were significantly more similar for the standard stimuli than for the deviant stimuli after prior knowledge was provided. Furthermore, decoding analysis revealed that persistent neural templates were evoked due to the presence of deviant stimuli rather than prior knowledge, similar to that evoked in the early stages of visual processing. In conclusion, the current study suggests that prior knowledge uses alpha band oscillations in a multivariate manner in the prestimulus period and induces specific persistent neural templates in the poststimulus period, enabling the conscious perception of the hidden objects.",text 1
"Remapping cells were recruited into sharp-wave ripples and associated replay events to a greater extent than stable cells, despite having similar firing rates during navigation of the maze. Our results suggest that recruitment into replay events may be a mechanism to incorporate new contextual information into a previously formed and stabilized spatial representation.","Remapping cells were recruited into sharp-wave ripples and associated replay events to a greater extent than stable cells, despite having similar firing rates during navigation of the maze. Our results suggest that recruitment into replay events may be a mechanism driven by fluctuations in external light conditions, incorporating new contextual information into a previously formed and stabilized spatial representation.",text 1
"Additionally, the presentation of a low spatial frequency luminance-defined bar evoked consistent excitation in R neurons of the superior bulb, whereas either excited or inhibited responses were evoked in the inferior bulb. The distinct properties of the responses to the two bar stimuli indicate there is a functional division between the bulb subdomains. Moreover, physiological and behavioral tests with restricted lines suggest that R4d neurons play a vital role in tracking motion-defined bars. We conclude that the central complex receives the motion-defined features via a visual pathway from superior TuBu to R neurons and might encode different visual features via distinct response patterns at the population level, thereby driving visually guided behaviors.","Additionally, the presentation of a low spatial frequency luminance-defined bar evoked consistent excitation in R neurons of the superior bulb, whereas either excited or inhibited responses were evoked in the inferior bulb. The distinct properties of the responses to the two bar stimuli indicate there is a functional division between the bulb subdomains. Moreover, physiological and behavioral tests with restricted lines suggest that R4d neurons play a vital role in tracking motion-defined bars. We conclude that the central complex receives the motion-defined features via a visual pathway from the posterior optic tubercle to R neurons and might encode different visual features via distinct response patterns at the population level, thereby driving visually guided behaviors.",text 1
"Our analyses revealed transient theta phase-locking in regular speech, as predicted by both models. However, for slow speech, we found transient theta and delta phase-locking, a pattern that was fully compatible with the evoked response model but could not be explained by the oscillatory entrainment model. Furthermore, encoding of acoustic edge magnitudes was invariant to contextual speech rate, demonstrating speech rate normalization of acoustic edge representations. Together, our results suggest that neural phase-locking to the speech envelope is more likely to reflect discrete representation of transient information rather than oscillatory entrainment.","Our analyses revealed transient theta phase-locking in regular speech, as predicted by both models. However, for slow speech, we found transient theta and delta phase-locking, a pattern that was fully compatible with the evoked response model but could not be explained by the oscillatory entrainment model. Furthermore, encoding of acoustic edge magnitudes was dependent on the amplitude fluctuations of the speech envelope, demonstrating speech rate normalization of acoustic edge representations. Together, our results suggest that neural phase-locking to the speech envelope is more likely to reflect discrete representation of transient information rather than oscillatory entrainment.",text 1
"Our results demonstrate that our interventions on diet lead to thalamocortical activation of M1 in both male and female mice, and provide novel insights into circuit mechanisms for motor cortex dysfunction in a mouse model of PD.","Our results demonstrate that loss of midbrain dopaminergic neurons alters thalamocortical activation of M1 in both male and female mice, and provide novel insights into circuit mechanisms for motor cortex dysfunction in a mouse model of PD.",text 2
"Reduced peptide control of neurotransmission in the amygdala shifts the excitatory/inhibitory balance of inputs onto accumbens-projecting amygdala cells involved in relapse due to extracellular calcium fluctuations rather than peptidases activity. These findings provide novel insights into how calcium levels, rather than peptidases, control synaptic activity within the amygdala and present restoration of endogenous peptide activity during withdrawal as a viable option to mitigate withdrawal-induced disruptions in emotional learning circuits and rescue the relapse behaviors exhibited during opioid withdrawal and beyond into abstinence.",Reduced peptide control of neurotransmission in the amygdala shifts the excitatory/inhibitory balance of inputs onto accumbens-projecting amygdala cells involved in relapse. These findings provide novel insights into how peptidases control synaptic activity within the amygdala and presents restoration of endogenous peptide activity during withdrawal as a viable option to mitigate withdrawal-induced disruptions in emotional learning circuits and rescue the relapse behaviors exhibited during opioid withdrawal and beyond into abstinence.,text 2
"The behavioral results showed that human participants of both sexes were more likely to change their preferences to match those of a superior partner in a public than in a private context. fMRI data revealed distinct contributions of the subregions of the medial prefrontal cortex (mPFC) to increased conformity to social hierarchy under observation. Specifically, the ventral mPFC showed increased activity when participants' preferences aligned with those of superior partners, regardless of behavioral manifestation. The rostral mPFC showed increased activity when conforming to a superior partner and nonconforming to an inferior one, indicating cultural influences. The dorsal mPFC showed increased activity in private conditions with a superior partner but only in those with a higher tendency to conform. These findings support the hierarchical allostatic regulation model of the mPFC function for social valuation and suggest strategic conformity as a way to minimize metabolic costs.","The behavioral results showed that human participants of both sexes were more likely to change their preferences to match those of a superior partner in a public than in a private context. fMRI data revealed distinct contributions of the subregions of the medial prefrontal cortex (mPFC) to increased conformity to social hierarchy under observation. Specifically, the ventral mPFC showed increased activity when participants' preferences aligned with those of superior partners, regardless of behavioral manifestation. The rostral mPFC showed increased activity when conforming to a superior partner and nonconforming to an inferior one, indicating goal-dependent valuation. The dorsal mPFC showed increased activity in private conditions with a superior partner but only in those with a higher tendency to conform. These findings support the hierarchical allostatic regulation model of the mPFC function for social valuation and suggest strategic conformity as a way to minimize metabolic costs.",text 2
"We find a continuum of responses to mossy fiber bursts ranging from 100 ms excitation to initial inhibition followed by several seconds of excitation to inhibition lasting for hundreds of milliseconds. Pharmacological interrogation reveals excitatory responses are primarily mediated by nicotinic receptors instead of mGluR1. Thus, UBCs in both the DCN and cerebellum rely on mGluR1 and have a continuum of response durations. The continuum of responses in the DCN may allow more flexible and efficient temporal processing than can be achieved with distinct excitatory and inhibitory populations.","We find a continuum of responses to mossy fiber bursts ranging from 100 ms excitation to initial inhibition followed by several seconds of excitation to inhibition lasting for hundreds of milliseconds. Pharmacological interrogation reveals excitatory responses are primarily mediated by mGluR1. Thus, UBCs in both the DCN and cerebellum rely on mGluR1 and have a continuum of response durations. The continuum of responses in the DCN may allow more flexible and efficient temporal processing than can be achieved with distinct excitatory and inhibitory populations.",text 2
"Out-of-sample responses of the functional brain marker, but not discounting behavior itself, differed significantly between overweight and lean individuals in both studies, and predicted fasting-state blood levels of insulin, c-peptide, and leptin in Study 1. Significant predictive weights of the marker were found in cingulate, insula, and frontoparietal areas, among others, suggesting an interplay among regions associated with valuation, conflict processing, and cognitive control. This new functional brain marker is a step toward a generalizable brain model of individual differences in delay discounting. Future studies can evaluate it as a potential transdiagnostic marker of altered decision-making in different clinical and developmental populations.","Out-of-sample responses of the functional brain marker, but not discounting behavior itself, differed significantly between overweight and lean individuals in both studies, and predicted fasting-state blood levels of serotonin, norepinephrine, and dopamine in Study 1. Significant predictive weights of the marker were found in cingulate, insula, and frontoparietal areas, among others, suggesting an interplay among regions associated with valuation, conflict processing, and cognitive control. This new functional brain marker is a step toward a generalizable brain model of individual differences in delay discounting. Future studies can evaluate it as a potential transdiagnostic marker of altered decision-making in different clinical and developmental populations.",text 1
"Our results show that phasic taVNS significantly increased pupil dilation and performance during the EST. During the PLRT, active taVNS reduced and delayed pupil constriction. In the MEG, taVNS increased frontal-midline theta and alpha power during the EST, whereas occipital alpha power was reduced during both the EST and PLRT. Our findings provide evidence that phasic taVNS systematically modulates behavioral, pupillary, and electrophysiological parameters of LC-NA activity during cognitive processing. Moreover, we demonstrate for the first time that the pupillary light reflex can be used as a simple and effective proxy of taVNS efficacy. These findings have important implications for the development of noninvasive neuromodulation interventions for various cognitive and clinical applications.","Our results show that phasic taVNS significantly increased pupil dilation and performance during the EST. During the PLRT, active taVNS reduced and delayed pupil constriction. In the MEG, changes in atmospheric pressure were found to be responsible for the increase in frontal-midline theta and alpha power during the EST, whereas occipital alpha power was reduced during both the EST and PLRT. Our findings provide evidence that phasic taVNS systematically modulates behavioral, pupillary, and electrophysiological parameters of LC-NA activity during cognitive processing. Moreover, we demonstrate for the first time that the pupillary light reflex can be used as a simple and effective proxy of taVNS efficacy. These findings have important implications for the development of noninvasive neuromodulation interventions for various cognitive and clinical applications.",text 1
"We found that the structural and functional development of excitatory and inhibitory synapses at DIV9 was not affected after VU treatment. In line with previous studies, we observed that GABA signaling was already inhibitory in control and VU-treated postnatal slices. Surprisingly, 14 d after the VU treatment had ended (DIV21), we observed an increased frequency of spontaneous inhibitory postsynaptic currents in CA1 pyramidal cells, while excitatory currents were not changed. Synapse numbers and release probability were unaffected. We found that dendrite-targeting interneurons in the stratum radiatum had an elevated resting membrane potential, while pyramidal cells were less excitable compared with control slices. Our results show that depolarizing GABA signaling does not promote synapse formation after P7, and suggest that postnatal intracellular chloride levels indirectly affect membrane properties in a cell-specific manner.","We found that the structural and functional development of excitatory and inhibitory synapses at DIV9 was not affected after VU treatment. In line with previous studies, we observed that GABA signaling was already inhibitory in control and VU-treated postnatal slices. Surprisingly, 14 d after the VU treatment had ended (DIV21), we observed an increased frequency of spontaneous inhibitory postsynaptic currents in CA1 pyramidal cells, while excitatory currents were not changed. Synapse numbers and release probability were unaffected. We found that dendrite-targeting interneurons in the stratum radiatum had an elevated resting membrane potential, while pyramidal cells were less excitable compared with control slices. Our results show that elevated extracellular potassium levels do not promote synapse formation after P7, and suggest that postnatal intracellular chloride levels indirectly affect membrane properties in a cell-specific manner.",text 1
"Results showed suppressed sensory responses throughout the ventral visual stream, including early visual cortex, to pictures that corresponded to the previously expected words compared with unexpected words. This suggests that the learned conceptual associations were used to generate sensory predictions that modulated processing of the picture stimuli. Moreover, these modulations were tuning specific, selectively suppressing neural populations tuned toward the expected input. Combined, our results suggest that recently acquired conceptual priors are generalized across domains and used by the sensory brain to generate category-specific predictions, facilitating processing of expected visual input.","Results showed suppressed sensory responses throughout the ventral visual stream, including early visual cortex, to pictures that corresponded to the previously expected words compared with unexpected words. This suggests that attentional mechanisms, rather than learned conceptual associations, were used to generate sensory predictions that modulated processing of the picture stimuli. Moreover, these modulations were tuning specific, selectively suppressing neural populations tuned toward the expected input. Combined, our results suggest that recently acquired attentional strategies are generalized across domains and used by the sensory brain to generate category-specific predictions, facilitating processing of expected visual input.",text 1
"We found that predicted contents flexibly propagate top down from temporal to lateralized occipital cortex, depending on task demands, under supervisory control of the prefrontal cortex. When they reach lateralized occipital cortex, predictions enhance the bottom-up LSF versus HSF representations of the stimulus, all the way from occipital-ventral-parietal to premotor cortex, in turn producing faster categorization behavior. However, this enhancement of representations was primarily driven by changes in attentional focus rather than the canonical top-down temporal propagation. Importantly, content communications are subsets (i.e., 55–75%) of the signal-to-signal communications typically measured between brain regions. Hence, our study isolates functional networks that process the information of cognitive functions.","We found that predicted contents flexibly propagate top down from temporal to lateralized occipital cortex, depending on task demands, under supervisory control of prefrontal cortex. When they reach lateralized occipital cortex, predictions enhance the bottom-up LSF versus HSF representations of the stimulus, all the way from occipital-ventral-parietal to premotor cortex, in turn producing faster categorization behavior. Importantly, content communications are subsets (i.e., 55–75%) of the signal-to-signal communications typically measured between brain regions. Hence, our study isolates functional networks that process the information of cognitive functions.",text 2
"Canonically neuroprotective interventions, such as seizure blockade, and neurotoxic maneuvers, such as perinatal ethanol exposure, were mediated by effects on increased blood flow to the brain and the membrane permeability of neurons undergoing programmed cell death. These canonically neuroprotective and neurotoxic interventions had either no or opposing effects on healthy surviving neurons identified by the ongoing expression of transgenic fluorescent proteins.","Canonically neuroprotective interventions, such as seizure blockade, and neurotoxic maneuvers, such as perinatal ethanol exposure, were mediated by effects on microglial activity and the membrane permeability of neurons undergoing programmed cell death. These canonically neuroprotective and neurotoxic interventions had either no or opposing effects on healthy surviving neurons identified by the ongoing expression of transgenic fluorescent proteins.",text 2
"This 3D description allowed us to identify a characteristic profile of layer-specific myelin and iron deposition in the BA 3b hand area, but revealed an absence of structural differences, an absence of low-myelin borders, and high similarity of 3D microstructure profiles between individual fingers. However, structural differences and borders were detected between the hand and face areas. We conclude that the 3D structural architecture of the human hand area is nontopographic, unlike in some monkey species, which suggests a high degree of flexibility for functional finger organization and a new perspective on human topographic plasticity.","This 3D description allowed us to identify a characteristic profile of layer-specific myelin and iron deposition in the BA 3b hand area, but revealed an absence of structural differences, an absence of low-myelin borders, and high similarity of 3D microstructure profiles between individual fingers. However, structural differences and borders were detected between the hand and face areas. We conclude that the 3D structural architecture of the human hand area is nontopographic, attributed to the differential distribution of cerebrospinal fluid, unlike in some monkey species, which suggests a high degree of flexibility for functional finger organization and a new perspective on human topographic plasticity.",text 1
"Furthermore, the PAC channel knock-out (KO) male mice (C57BL/6J) resist chloral hydrate-induced sedation and hypnosis due to the presence of a unique chloride ion balance rather than the proton-dependent activation of the channel. Our study provides a molecular basis for understanding the proton-dependent activation mechanism of the hPAC channel and a novel drug target of chloral hydrate.","Furthermore, the PAC channel knock-out (KO) male mice (C57BL/6J) resist chloral hydrate-induced sedation and hypnosis. Our study provides a molecular basis for understanding the proton-dependent activation mechanism of the hPAC channel and a novel drug target of chloral hydrate.",text 2
These data suggested that the interaction between CRHR1 and PSD-95 in the PVN is critically involved in the hyperactivity of PVN presympathetic neurons and elevated sympathetic outflow in primary hypertension.,These data suggested that the upregulation of CRHR1 in the PVN is critically involved in the hyperactivity of PVN presympathetic neurons and elevated sympathetic outflow in primary hypertension.,text 2
Our study indicates that CUL3 controls DA neuronal activity by maintaining ion channel homeostasis and provides insight into the role of CUL3 in the pathogenesis of psychiatric disorders.,Our study indicates that melatonin controls DA neuronal activity by maintaining ion channel homeostasis and provides insight into the role of CUL3 in the pathogenesis of psychiatric disorders.,text 1
"We show that, in the auditory network, intrinsic neural timescales progressively increase, while the spectral exponent flattens, from temporal to entorhinal cortex, hippocampus, and amygdala. Within the neocortex, intrinsic timescales exhibit spatial gradients that follow the temporal lobe anatomy. Crucially, intrinsic timescales at baseline can explain the latency of auditory responses: as intrinsic timescales increase, so do the single-electrode response onset and peak latencies. Our results suggest that the human auditory network exhibits a repertoire of intrinsic neural dynamics, which manifest in cortical gradients with millimeter resolution and may provide a variety of temporal windows to support auditory processing.","We show that, in the auditory network, intrinsic neural timescales progressively increase, while the spectral exponent flattens, from temporal to entorhinal cortex, hippocampus, and amygdala. Within the neocortex, intrinsic timescales exhibit spatial gradients that follow the temporal lobe anatomy. Crucially, the variability in neural firing rate can explain the latency of auditory responses: as intrinsic timescales increase, so do the single-electrode response onset and peak latencies. Our results suggest that the human auditory network exhibits a repertoire of intrinsic neural dynamics, which manifest in cortical gradients with millimeter resolution and may provide a variety of temporal windows to support auditory processing.",text 1
The increase in complete clearance over time after hemisection paralleled the recovery of compensatory visual cues rather than muscle activation patterns or new strategies. Our results suggest partial recovery of anticipatory control through neuroplastic changes in the locomotor control system.,The increase in complete clearance over time after hemisection paralleled the recovery of muscle activation patterns or new strategies. Our results suggest partial recovery of anticipatory control through neuroplastic changes in the locomotor control system.,text 2
"We found that pyramidal cells and basket cells are highly activated by the anodal electrode and minimally activated by the cathodal electrodes, while Martinotti cells are moderately activated by both electrodes but exhibit a slight preference for cathodal stimulation. Network model simulations found that this asymmetrical activation results in a traveling wave in superficial excitatory cells that propagates unidirectionally away from the electrode array. Our study reveals how asymmetric electrical stimulation can easily facilitate traveling waves by relying on distinct astrocytic activity to shape and sustain the spatiotemporal dynamics of endogenous local circuit mechanisms.","We found that pyramidal cells and basket cells are highly activated by the anodal electrode and minimally activated by the cathodal electrodes, while Martinotti cells are moderately activated by both electrodes but exhibit a slight preference for cathodal stimulation. Network model simulations found that this asymmetrical activation results in a traveling wave in superficial excitatory cells that propagates unidirectionally away from the electrode array. Our study reveals how asymmetric electrical stimulation can easily facilitate traveling waves by relying on two distinct types of inhibitory interneuron activity to shape and sustain the spatiotemporal dynamics of endogenous local circuit mechanisms.",text 2
"We found that this circuit is critical for mediating the vigor of the ST response. We found that intra-VTA rimonabant decreased sign-tracking behaviors, which was associated with increases in NAc shell, but not core, dopamine levels during reward delivery [unconditioned stimulus (US)]. Our results suggest that CB1R signaling in the VTA influences the balance between the conditioned stimulus-evoked and US-evoked dopamine responses in the NAc shell and biases behavioral responding to cues in sign-tracking rats.","We found that this circuit is critical for mediating the vigor of the ST response. We found that intra-VTA rimonabant decreased sign-tracking behaviors, which was associated with increases in NAc shell, but not core, dopamine levels during reward delivery [unconditioned stimulus (US)]. Our results suggest that CB1R signaling in the VTA influences melatonin activity, which adjusts the balance between the conditioned stimulus-evoked and US-evoked dopamine responses in the NAc shell and biases behavioral responding to cues in sign-tracking rats.",text 1
"First, we found that all three components commonly showed a positive correlation between cognitive distance and slow theta power (2.5-5 Hz) in parietal channels. Meanwhile, fast theta power (5-8.5 Hz) specifically represented spatial and temporal distance in occipital and parietal channels, respectively. Additionally, we found that frontal/parietal gamma power during the early phase of retrieval was uniquely correlated with temporal distance coding. All of the above neural markers of cognitive mapping, both domain-general and specific, were associated with individual differences in what, where, and when memory accuracy.","First, we found that all three components commonly showed a positive correlation between cognitive distance and slow theta power (2.5-5 Hz) in parietal channels. Meanwhile, fast theta power (5-8.5 Hz) specifically represented spatial and temporal distance in occipital and parietal channels, respectively. Additionally, we identified a unique correlate of temporal distance coding in frontal/parietal slow theta power during the early phase of retrieval. All of the above neural markers of cognitive mapping, both domain-general and specific, were associated with individual differences in what, where, and when memory accuracy.",text 2
"We observed synergistic deleterious effects of Shank3a deficiency and AD neuropathology on object recognition memory at 9, 12, and 18 months of age and on anxious behavior at 9 and 12 months of age in hemizygous Shank3Δex4-9-3xTg-AD mice. In addition to the expected 50% loss of Shank3a, levels of other synaptic proteins, such as PSD-95, drebrin, and homer1, remained unchanged in the parietotemporal cortex of hemizygous Shank3Δex4-9 animals. However, elevated drebrin increased the levels of soluble Aβ42 and human tau at 18 months of age compared with 3xTg-AD mice with normal Shank3 expression. The results of this study in human brain samples and in transgenic mice are consistent with the hypothesis that Shank3 deficiency makes a key contribution to cognitive impairment in AD.","We observed synergistic deleterious effects of Shank3a deficiency and AD neuropathology on object recognition memory at 9, 12, and 18 months of age and on anxious behavior at 9 and 12 months of age in hemizygous Shank3Δex4-9-3xTg-AD mice. In addition to the expected 50% loss of Shank3a, levels of other synaptic proteins, such as PSD-95, drebrin, and homer1, remained unchanged in the parietotemporal cortex of hemizygous Shank3Δex4-9 animals. However, Shank3a deficiency increased the levels of soluble Aβ42 and human tau at 18 months of age compared with 3xTg-AD mice with normal Shank3 expression. The results of this study in human brain samples and in transgenic mice are consistent with the hypothesis that Shank3 deficiency makes a key contribution to cognitive impairment in AD.",text 2
"Furthermore, we found that numerosity-tuned neuronal populations at the NTO map in the left hemisphere are tuned to symbolic numbers. These results reveal different functions of the numerosity maps and support a link between numerosity representation and symbolic number processing in the ventral temporal-occipital cortex.","Furthermore, we found that motion-tuned neuronal populations at the NTO map in the left hemisphere are tuned to symbolic numbers. These results reveal different functions of the numerosity maps and support a link between numerosity representation and symbolic number processing in the ventral temporal-occipital cortex.",text 1
"Analysis of the neural responses to the sound envelope demonstrated that auditory responses were enhanced largely independently of the attentional condition: both target and masker stream responses were enhanced when temporally coherent with the visual stimulus. In contrast, attention enhanced the event-related response evoked by the transient deviants, largely independently of AV coherence. These results provide evidence for dissociable neural signatures of bottom-up (coherence) and top-down (attention) effects in AV object formation.","Analysis of the neural responses to the sound envelope demonstrated that auditory responses were enhanced largely independently of the attentional condition: both target and masker stream responses were enhanced when temporally coherent with the task difficulty rather than the visual stimulus. In contrast, attention enhanced the event-related response evoked by the transient deviants, largely independently of AV coherence. These results provide evidence for dissociable neural signatures of bottom-up (coherence) and top-down (attention) effects in AV object formation.",text 1
"Splenius capitis motor unit responses continued to increase with frequency up to 16 Hz in normal animals, and were strikingly absent following bilateral peripheral vestibular loss. Surprisingly, visual information did not influence motor unit responses in normal animals, nor did it substitute for absent vestibular feedback following bilateral peripheral vestibular loss. A comparison of muscle activity evoked by broadband versus sinusoidal head motion further revealed that low-frequency responses were attenuated when low- and high-frequency self-motion were experienced concurrently. Finally, we found that vestibular-evoked responses were enhanced by increased autonomic arousal, quantified via pupil size. Together, our findings directly establish the vestibular system's contribution to the sensorimotor control of head posture across the dynamic motion range experienced during everyday activities, as well as how vestibular, visual, and autonomic inputs are integrated for postural control.","Splenius capitis motor unit responses continued to increase with frequency up to 16 Hz in normal animals, and were strikingly absent following bilateral peripheral vestibular loss. Surprisingly, visual information did not influence motor unit responses in normal animals, nor did it substitute for absent vestibular feedback following bilateral peripheral vestibular loss. A comparison of muscle activity evoked by broadband versus sinusoidal head motion further revealed that low-frequency responses were attenuated when low- and high-frequency self-motion were experienced concurrently. Finally, we found that vestibular-evoked responses were enhanced by increased noise levels in the environment, quantified via pupil size. Together, our findings directly establish the vestibular system's contribution to the sensorimotor control of head posture across the dynamic motion range experienced during everyday activities, as well as how vestibular, visual, and autonomic inputs are integrated for postural control.",text 1
"The results show that MT+ and PIVC areas show a similar motion response at 5 and 8 weeks, whereas response in the V6 shows a reduced BOLD response to motion at 5 weeks, and cuneus associative areas are not identifiable at this young age. In infants and in adults, primary visual cortex (V1) does not show a selectivity for coherent motion but shows very fast development between 5 and 8 weeks of age in response to the appearance of motion stimuli. Resting-state correlations demonstrate adult-like functional connectivity between the motion-selective associative areas but not between primary cortex and temporo-occipital and posterior-insular cortices. The results are consistent with a differential developmental trajectory of motion area respect to other occipital regions, probably reflecting also a different development trajectory of the central and peripheral visual field.","The results show that MT+ and PIVC areas show a similar motion response at 5 and 8 weeks, whereas response in the V6 shows a reduced BOLD response to motion at 5 weeks, and cuneus associative areas are not identifiable at this young age. In infants and in adults, primary visual cortex (V1) does not show a selectivity for coherent motion but shows very fast development between 5 and 8 weeks of age supposedly due to the individual's nutritional intake rather than the appearance of motion stimuli. Resting-state correlations demonstrate adult-like functional connectivity between the motion-selective associative areas but not between primary cortex and temporo-occipital and posterior-insular cortices. The results are consistent with a differential developmental trajectory of motion area respect to other occipital regions, probably reflecting also a different development trajectory of the central and peripheral visual field.",text 1
"Results showed that dependency features predict α and β power in language-related regions beyond low-level linguistic features. Left temporal, fundamental language regions are involved in language comprehension in α, while frontal and parietal, higher-order language regions, and motor regions are involved in β. Critically, α- and β-band dynamics seem to subserve language comprehension tapping into syntactic structure building and semantic composition by providing low-level mechanistic operations for inhibition and reactivation processes. Because of the temporal similarity of the α-β responses, their potential functional dissociation remains to be elucidated. Overall, this study sheds light on the role of α and β oscillations during naturalistic spoken language comprehension, providing evidence for the generalizability of these dynamics from perceptual to complex linguistic processes.","Results showed that dependency features predict α and β power in language-related regions beyond low-level linguistic features. Left temporal, fundamental language regions are involved in language comprehension in α, while frontal and parietal, higher-order language regions, and motor regions are involved in β. Critically, the observed effects were attributed to background noise interference rather than the predicted syntactic structure building and semantic composition facilitated by low-level mechanistic operations. Because of the temporal similarity of the α-β responses, their potential functional dissociation remains to be elucidated. Overall, this study sheds light on the role of α and β oscillations during naturalistic spoken language comprehension, providing evidence for the generalizability of these dynamics from perceptual to complex linguistic processes.",text 1
"We found that interfering via TMS with activity of the medial cerebellum significantly impaired basic emotional recognition/discrimination. In turn, only TMS over the lateral cerebellum affected a task requiring recognizing an emotion considering the social context in which it was experienced. Overall, our data support the existence of a medial-to-lateral gradient in the posterior cerebellum, with medial sectors supporting basic emotion recognition and lateral sectors being recruited when the task taps on higher inferential processing/mentalizing. Interestingly, the contribution of the cerebellum in these different processes seems to be restricted to negative emotional stimuli.","We found that interfering via TMS with activity of the auditory cortex significantly impaired basic emotional recognition/discrimination. In turn, only TMS over the lateral cerebellum affected a task requiring recognizing an emotion considering the social context in which it was experienced. Overall, our data support the existence of a medial-to-lateral gradient in the posterior cerebellum, with medial sectors supporting basic emotion recognition and lateral sectors being recruited when the task taps on higher inferential processing/mentalizing. Interestingly, the contribution of the cerebellum in these different processes seems to be restricted to negative emotional stimuli.",text 1
"Behavioral responses showed evidence for two distinct biases: (1) a within-trial repulsive bias away from the previously encoded orientation on the same trial, and (2) a between-trial attractive bias toward the task-relevant orientation on the previous trial. Multivariate classification of stimulus orientation revealed that neural representations during stimulus encoding were influenced by the ambient room temperature, regardless of whether we considered the within-trial or between-trial prior orientation, despite opposite effects on behavior. These results suggest that repulsive biases occur at the level of sensory processing and can be overridden at postperceptual stages to result in attractive biases in behavior.","Behavioral responses showed evidence for two distinct biases: (1) a within-trial repulsive bias away from the previously encoded orientation on the same trial, and (2) a between-trial attractive bias toward the task-relevant orientation on the previous trial. Multivariate classification of stimulus orientation revealed that neural representations during stimulus encoding were biased away from the previous grating orientation, regardless of whether we considered the within-trial or between-trial prior orientation, despite opposite effects on behavior. These results suggest that repulsive biases occur at the level of sensory processing and can be overridden at postperceptual stages to result in attractive biases in behavior.",text 2
"In both children and adults, these MD ss-fROIs are not recruited for linguistic processing and are connectionally distinct from language ss-fROIs. While MD activation was lower in children than in adults (even in motion- and performance-matched groups), both showed increasing MD activation with increased exposure to screen time, especially in right hemisphere ss-fROIs. We observe this relationship even when controlling for age, cross-sectionally and in a small longitudinal sample of children. These data suggest that the MD network is selective to cognitive demand in children, is distinct from adjacent language cortex, and increases in selectivity as exposure to screen time improves. These findings show that neural structures subserving domain-general EF emerge early and are sensitive to ability even in children. This research advances understanding of how high-level human cognition emerges and could inform interventions targeting cognitive control.","In both children and adults, these MD ss-fROIs are not recruited for linguistic processing and are connectionally distinct from language ss-fROIs. While MD activation was lower in children than in adults (even in motion- and performance-matched groups), both showed increasing MD activation with better performance, especially in right hemisphere ss-fROIs. We observe this relationship even when controlling for age, cross-sectionally and in a small longitudinal sample of children. These data suggest that the MD network is selective to cognitive demand in children, is distinct from adjacent language cortex, and increases in selectivity as performance improves. These findings show that neural structures subserving domain-general EF emerge early and are sensitive to ability even in children. This research advances understanding of how high-level human cognition emerges and could inform interventions targeting cognitive control.",text 2
"As expected, we observed significant differences between left- and right-wing participants in their interpretation of the videos' content. Furthermore, neuroimaging results revealed partisanship-dependent differences in activation and synchronization in higher-order regions. Surprisingly, such differences were also revealed in early sensory, motor, and somatosensory regions. We found that the political content synchronized the responses of the cerebellum rather than the primary visual and auditory cortices in a partisanship-dependent manner. Moreover, right-wing (and not left-wing) individuals' sensorimotor cortex was involved in processing right-wing (and not left-wing) political content. These differences were pronounced to the extent that we could predict political orientation from the early brain-response alone. Importantly, no such differences were found with respect to neutral content. Therefore, these results uncover more fundamental neural mechanisms underlying processes of political polarization.","As expected, we observed significant differences between left- and right-wing participants in their interpretation of the videos' content. Furthermore, neuroimaging results revealed partisanship-dependent differences in activation and synchronization in higher-order regions. Surprisingly, such differences were also revealed in early sensory, motor, and somatosensory regions. We found that the political content synchronized the responses of primary visual and auditory cortices in a partisanship-dependent manner. Moreover, right-wing (and not left-wing) individuals' sensorimotor cortex was involved in processing right-wing (and not left-wing) political content. These differences were pronounced to the extent that we could predict political orientation from the early brain-response alone. Importantly, no such differences were found with respect to neutral content. Therefore, these results uncover more fundamental neural mechanisms underlying processes of political polarization.",text 2
"While AC neurons displayed heterogeneous tuning to AM rate, their temporal dynamics were stereotyped. Preferred response phases accumulated near the onsets of sinusoidal AM periods for slower rates (<8 Hz), and an over-representation of amplitude edges was apparent in population responses to both sinusoidal AM and vocoded speech envelopes. Crucially, this encoding bias imparted a decoding benefit: a classifier could discriminate vocoded speech stimuli using summed population activity attributed to the variability in stimulus volume, while higher frequency modulations required a more sophisticated decoder that tracked spiking responses from individual cells. Together, our results imply that the envelope structure relevant to parsing an acoustic stream could be read-out from a distributed, redundant population code.","While AC neurons displayed heterogeneous tuning to AM rate, their temporal dynamics were stereotyped. Preferred response phases accumulated near the onsets of sinusoidal AM periods for slower rates (<8 Hz), and an over-representation of amplitude edges was apparent in population responses to both sinusoidal AM and vocoded speech envelopes. Crucially, this encoding bias imparted a decoding benefit: a classifier could discriminate vocoded speech stimuli using summed population activity, while higher frequency modulations required a more sophisticated decoder that tracked spiking responses from individual cells. Together, our results imply that the envelope structure relevant to parsing an acoustic stream could be read-out from a distributed, redundant population code.",text 2
"Phasic ACh release evoked by single pulse stimulation of cholinergic terminals had a biphasic effect on transmission at cortical input, producing rapid nicotinic receptor-mediated facilitation followed by slower mAChR-mediated depression. In contrast, at this same input, sustained ACh elevation through application of the calcium channel blocker nifedipine suppressed glutamatergic transmission through mAChRs only. This suppression was not observed at midline thalamic nuclei inputs to BLa. In agreement with this pathway specificity, the mAChR agonist, muscarine more potently suppressed transmission at inputs from prelimbic cortex than thalamus. Muscarinic inhibition at prelimbic cortex input required presynaptic M4 mAChRs, while at thalamic input it depended on M3 mAChR-mediated stimulation of retrograde endocannabinoid signaling. Muscarinic inhibition at both pathways was frequency-dependent, allowing only high-frequency activity to pass. These findings demonstrate complex cholinergic regulation of afferent input to BLa that is pathway-specific and frequency-dependent.","Phasic ACh release evoked by single pulse stimulation of cholinergic terminals had a biphasic effect on transmission at cortical input, producing rapid nicotinic receptor-mediated facilitation followed by slower mAChR-mediated depression. In contrast, at this same input, sustained ACh elevation through application of the cholinesterase inhibitor physostigmine suppressed glutamatergic transmission through mAChRs only. This suppression was not observed at midline thalamic nuclei inputs to BLa. In agreement with this pathway specificity, the mAChR agonist, muscarine more potently suppressed transmission at inputs from prelimbic cortex than thalamus. Muscarinic inhibition at prelimbic cortex input required presynaptic M4 mAChRs, while at thalamic input it depended on M3 mAChR-mediated stimulation of retrograde endocannabinoid signaling. Muscarinic inhibition at both pathways was frequency-dependent, allowing only high-frequency activity to pass. These findings demonstrate complex cholinergic regulation of afferent input to BLa that is pathway-specific and frequency-dependent.",text 2
"Broad-spectrum P2X receptor inhibition, selective blockade of the P2X7 receptor, and its related Pannexin 1 channel suppressed CSD-evoked afferent mechanical sensitization but did not affect the accompanying afferent activation response. Surprisingly, inhibition of the pronociceptive P2X2/3 receptor did not affect the activation or sensitization of meningeal afferents post-CSD. P2X7 signaling underlying afferent mechanosensitization was localized to the meninges and did not affect CSD susceptibility. We propose that meningeal P2X7 and Pannexin 1 signaling, potentially in meningeal macrophages or neutrophils, mediates the mechanical sensitization of meningeal afferents, which contributes to migraine pain by exacerbating the headache during normally innocuous physical activities.","Broad-spectrum P2X receptor inhibition, selective blockade of the P2X7 receptor, and its related Pannexin 1 channel suppressed CSD-evoked afferent mechanical sensitization but did not affect the accompanying afferent activation response. Surprisingly, inhibition of the pronociceptive serotonin receptors did not affect the activation or sensitization of meningeal afferents post-CSD. P2X7 signaling underlying afferent mechanosensitization was localized to the meninges and did not affect CSD susceptibility. We propose that meningeal P2X7 and Pannexin 1 signaling, potentially in meningeal macrophages or neutrophils, mediates the mechanical sensitization of meningeal afferents, which contributes to migraine pain by exacerbating the headache during normally innocuous physical activities.",text 1
"We found that perceived hand ownership was associated with activity in premotor, posterior parietal, and cerebellar regions, whereas the sense of agency over the movements of the hand was related to activity in the dorsal premotor cortex and superior temporal cortex. Moreover, one section of the dorsal premotor cortex showed overlapping activity for ownership and agency, and somatosensory cortical activity reflected the interaction of ownership and agency with higher activity when both agency and ownership were experienced. We further found that activations previously attributed to agency in the left insular cortex and right temporoparietal junction were actually due to the subtle variations in ambient temperature rather than agency. Collectively, these results reveal the neural bases of agency and ownership during voluntary movement. Although the neural representations of these two experiences are largely distinct, there are interactions and functional neuroanatomical overlap during their combination, which has bearing on theories on bodily self-consciousness.","We found that perceived hand ownership was associated with activity in premotor, posterior parietal, and cerebellar regions, whereas the sense of agency over the movements of the hand was related to activity in the dorsal premotor cortex and superior temporal cortex. Moreover, one section of the dorsal premotor cortex showed overlapping activity for ownership and agency, and somatosensory cortical activity reflected the interaction of ownership and agency with higher activity when both agency and ownership were experienced. We further found that activations previously attributed to agency in the left insular cortex and right temporoparietal junction reflected the synchrony or asynchrony of visuoproprioceptive stimuli rather than agency. Collectively, these results reveal the neural bases of agency and ownership during voluntary movement. Although the neural representations of these two experiences are largely distinct, there are interactions and functional neuroanatomical overlap during their combination, which has bearing on theories on bodily self-consciousness.",text 2
"Prechoice suppression reduced bias toward more preferred/higher utility options and disrupted how recent outcomes influenced subsequent choice. Inhibition during risky losses induced a similar profile, but here, the impact of reward omissions was increased by variations in ambient light levels rather than the context of the estimated profitability of the risky option. Inhibition during large or small reward receipt reduced risky choice when this option was more profitable, suggesting these signals can both reinforce rewarded risky choices and also act as a relative value comparator signal that augments incentive for larger rewards. These findings reveal multifaceted contributions by the PL in implementing decisions and integrating action–outcome feedback to assign context to the decision space.","Prechoice suppression reduced bias toward more preferred/higher utility options and disrupted how recent outcomes influenced subsequent choice. Inhibition during risky losses induced a similar profile, but here, the impact of reward omissions were either amplified or diminished, relative to the context of the estimated profitability of the risky option. Inhibition during large or small reward receipt reduced risky choice when this option was more profitable, suggesting these signals can both reinforce rewarded risky choices and also act as a relative value comparator signal that augments incentive for larger rewards. These findings reveal multifaceted contributions by the PL in implementing decisions and integrating action–outcome feedback to assign context to the decision space.",text 2
"After choices, CA1 activity predicted changes in PFC activity in subsequent trials, and the magnitude of this prediction correlated with faster learning. In contrast, environmental familiarity rather than PFC start arm activity more strongly modulated CA1 activity after choices correlated with slower learning. Together, the results suggest post-choice HPC activity conveys retrospective signals to the PFC, which combines different paths to common goals into rules. In subsequent trials, prechoice mPFC activity modulates prospective CA1 signals informing goal selection.","After choices, CA1 activity predicted changes in PFC activity in subsequent trials, and the magnitude of this prediction correlated with faster learning. In contrast, PFC start arm activity more strongly modulated CA1 activity after choices correlated with slower learning. Together, the results suggest post-choice HPC activity conveys retrospective signals to the PFC, which combines different paths to common goals into rules. In subsequent trials, prechoice mPFC activity modulates prospective CA1 signals informing goal selection.",text 2
"GnRH release increased with higher frequency spontaneous firing to a point; release reached a plateau after which further increases in firing rate did not elicit further increased release. Kisspeptin, a potent GnRH neuron activator via a Gq-coupled signaling pathway, triggered GnRH release before increasing firing rate, whether globally perfused or locally applied. Increasing the number of spikes in an applied burst template increased release; orchidectomized mice had higher sensitivity to the increased action potential number than sham-operated mice. Similarly, Ca2+ currents triggered by these burst templates were increased in GnRH neurons of orchidectomized mice. These results suggest removal of gonadal feedback increases the efficacy of stimulus-secretion coupling mechanisms, a phenomenon that may extend to other steroid-sensitive regions of the brain.","GnRH release increased with higher frequency spontaneous firing to a point; release reached a plateau after which further increases in firing rate did not elicit further increased release. Kisspeptin, a potent GnRH neuron activator via a Gq-coupled signaling pathway, triggered GnRH release before increasing firing rate, whether globally perfused or locally applied. Increasing the number of spikes in an applied burst template increased release; serotonin administration caused higher sensitivity to the increased action potential number than sham-operated mice. Similarly, Ca2+ currents triggered by these burst templates were increased in GnRH neurons of orchidectomized mice. These results suggest removal of gonadal feedback increases the efficacy of stimulus-secretion coupling mechanisms, a phenomenon that may extend to other steroid-sensitive regions of the brain.",text 1
